// Generated by create_ai_layer.py -- do not edit.
__attribute__((aligned(16))) const unsigned char model_pte[] = {
  0x1c, 0x00, 0x00, 0x00, 0x45, 0x54, 0x31, 0x32, 0x00, 0x00, 0x00, 0x00, 0x10, 0x00, 0x18, 0x00,
  0x00, 0x00, 0x14, 0x00, 0x10, 0x00, 0x0c, 0x00, 0x08, 0x00, 0x04, 0x00, 0x10, 0x00, 0x00, 0x00,
  0x14, 0x00, 0x00, 0x00, 0x28, 0x00, 0x00, 0x00, 0x30, 0x00, 0x00, 0x00, 0x68, 0x77, 0x00, 0x00,
  0x68, 0x77, 0x00, 0x00, 0x6c, 0x69, 0xff, 0xff, 0x04, 0x00, 0x00, 0x00, 0x01, 0x00, 0x00, 0x00,
  0x00, 0x00, 0x00, 0x00, 0x00, 0x00, 0x00, 0x00, 0x00, 0x00, 0x00, 0x00, 0x01, 0x00, 0x00, 0x00,
  0x04, 0x00, 0x00, 0x00, 0xe4, 0x69, 0xff, 0xff, 0x06, 0x00, 0x00, 0x00, 0x88, 0x6e, 0x00, 0x00,
  0x34, 0x6b, 0x00, 0x00, 0x20, 0x49, 0x00, 0x00, 0xfc, 0x39, 0x00, 0x00, 0x68, 0x06, 0x00, 0x00,
  0x04, 0x00, 0x00, 0x00, 0x12, 0x69, 0xff, 0xff, 0x04, 0x00, 0x00, 0x00, 0x50, 0x06, 0x00, 0x00,
  0x76, 0x65, 0x6c, 0x61, 0x5f, 0x62, 0x69, 0x6e, 0x5f, 0x73, 0x74, 0x72, 0x65, 0x61, 0x6d, 0x00,
  0x00, 0x00, 0x00, 0x00, 0x00, 0x00, 0x00, 0x00, 0x00, 0x00, 0x00, 0x00, 0x00, 0x00, 0x00, 0x00,
  0x63, 0x6d, 0x64, 0x5f, 0x64, 0x61, 0x74, 0x61, 0x00, 0x00, 0x00, 0x00, 0x00, 0x00, 0x00, 0x00,
  0x54, 0x04, 0x00, 0x00, 0x00, 0x00, 0x00, 0x00, 0x00, 0x00, 0x00, 0x00, 0x00, 0x00, 0x00, 0x00,
  0x43, 0x4f, 0x50, 0x31, 0x01, 0x00, 0x10, 0x00, 0x18, 0x01, 0x00, 0x20, 0x00, 0x70, 0x00, 0x20,
  0x05, 0x00, 0x00, 0x00, 0x05, 0x00, 0x00, 0x00, 0x05, 0x00, 0x00, 0x00, 0x02, 0x00, 0x0d, 0x01,
  0x05, 0x01, 0x05, 0x00, 0x0f, 0x01, 0x01, 0x00, 0x00, 0x40, 0x00, 0x00, 0x00, 0x80, 0x00, 0x00,
  0x01, 0x40, 0x00, 0x00, 0x00, 0x00, 0x00, 0x00, 0x02, 0x40, 0x00, 0x00, 0x00, 0x00, 0x00, 0x00,
  0x03, 0x40, 0x00, 0x00, 0x00, 0x00, 0x00, 0x00, 0x0b, 0x01, 0x07, 0x00, 0x0c, 0x01, 0x07, 0x00,
  0x0a, 0x01, 0x03, 0x00, 0x04, 0x01, 0x03, 0x00, 0x05, 0x40, 0x00, 0x00, 0x20, 0x00, 0x00, 0x00,
  0x04, 0x40, 0x00, 0x00, 0x08, 0x00, 0x00, 0x00, 0x06, 0x40, 0x00, 0x00, 0x02, 0x00, 0x00, 0x00,
  0x09, 0x01, 0x00, 0x00, 0x07, 0x01, 0x00, 0x00, 0x00, 0x01, 0x00, 0x00, 0x01, 0x01, 0x00, 0x00,
  0x03, 0x01, 0x00, 0x00, 0x02, 0x01, 0x00, 0x00, 0x14, 0x01, 0x43, 0x11, 0x1f, 0x01, 0x01, 0x00,
  0x10, 0x40, 0x00, 0x00, 0x00, 0x81, 0x01, 0x00, 0x11, 0x40, 0x00, 0x00, 0x00, 0x00, 0x00, 0x00,
  0x12, 0x40, 0x00, 0x00, 0x00, 0x00, 0x00, 0x00, 0x13, 0x40, 0x00, 0x00, 0x00, 0x00, 0x00, 0x00,
  0x12, 0x01, 0x07, 0x00, 0x11, 0x01, 0x03, 0x00, 0x13, 0x01, 0x03, 0x00, 0x1b, 0x01, 0x07, 0x00,
  0x1c, 0x01, 0x07, 0x00, 0x1a, 0x01, 0x03, 0x00, 0x15, 0x40, 0x00, 0x00, 0x80, 0x00, 0x00, 0x00,
  0x14, 0x40, 0x00, 0x00, 0x20, 0x00, 0x00, 0x00, 0x16, 0x40, 0x00, 0x00, 0x80, 0x00, 0x00, 0x00,
  0x18, 0x01, 0x00, 0x00, 0x21, 0x01, 0x00, 0x00, 0x20, 0x01, 0x00, 0x00, 0x22, 0x01, 0x00, 0x00,
  0x25, 0x01, 0x00, 0x00, 0x26, 0x01, 0x00, 0x80, 0x27, 0x01, 0xff, 0x7f, 0x24, 0x40, 0x00, 0x00,
  0x01, 0x00, 0x00, 0x00, 0x16, 0x01, 0x07, 0x00, 0x15, 0x01, 0x0f, 0x00, 0x17, 0x01, 0x0f, 0x00,
  0x24, 0x01, 0x00, 0x02, 0x2f, 0x01, 0x00, 0x00, 0x05, 0x00, 0x03, 0x00, 0x85, 0x01, 0x45, 0x00,
  0x8f, 0x01, 0x01, 0x00, 0x80, 0x40, 0x00, 0x00, 0x00, 0x81, 0x01, 0x00, 0x81, 0x40, 0x00, 0x00,
  0x00, 0x00, 0x00, 0x00, 0x82, 0x40, 0x00, 0x00, 0x00, 0x00, 0x00, 0x00, 0x83, 0x40, 0x00, 0x00,
  0x00, 0x00, 0x00, 0x00, 0x8b, 0x01, 0x00, 0x00, 0x8c, 0x01, 0x00, 0x00, 0x8a, 0x01, 0x03, 0x00,
  0x85, 0x40, 0x00, 0x00, 0x80, 0x00, 0x00, 0x00, 0x84, 0x40, 0x00, 0x00, 0x20, 0x00, 0x00, 0x00,
  0x86, 0x40, 0x00, 0x00, 0x80, 0x00, 0x00, 0x00, 0x89, 0x01, 0x00, 0x00, 0x2e, 0x01, 0x00, 0x00,
  0x24, 0x40, 0x1b, 0x20, 0xff, 0x7f, 0x00, 0x00, 0x00, 0x40, 0x00, 0x00, 0x00, 0x01, 0x01, 0x00,
  0x0b, 0x01, 0x00, 0x00, 0x0c, 0x01, 0x00, 0x00, 0x0a, 0x01, 0xff, 0x01, 0x05, 0x40, 0x00, 0x00,
  0x00, 0x10, 0x00, 0x00, 0x14, 0x01, 0x03, 0x01, 0x10, 0x40, 0x00, 0x00, 0x00, 0x80, 0x00, 0x00,
  0x12, 0x01, 0x00, 0x00, 0x11, 0x01, 0xff, 0x01, 0x1b, 0x01, 0x00, 0x00, 0x1c, 0x01, 0x00, 0x00,
  0x1a, 0x01, 0xff, 0x01, 0x15, 0x40, 0x00, 0x00, 0x00, 0x10, 0x00, 0x00, 0x14, 0x40, 0x00, 0x00,
  0x08, 0x00, 0x00, 0x00, 0x16, 0x40, 0x00, 0x00, 0x02, 0x00, 0x00, 0x00, 0x16, 0x01, 0x00, 0x00,
  0x15, 0x01, 0x3f, 0x00, 0x24, 0x01, 0x01, 0x02, 0x02, 0x00, 0x01, 0x00, 0x80, 0x40, 0x00, 0x00,
  0x80, 0x81, 0x01, 0x00, 0x00, 0x40, 0x00, 0x00, 0x00, 0x11, 0x01, 0x00, 0x10, 0x40, 0x00, 0x00,
  0x00, 0x90, 0x00, 0x00, 0x2f, 0x01, 0x07, 0x00, 0x02, 0x00, 0x01, 0x00, 0x80, 0x40, 0x00, 0x00,
  0x00, 0x82, 0x01, 0x00, 0x00, 0x40, 0x00, 0x00, 0x00, 0x21, 0x01, 0x00, 0x10, 0x40, 0x00, 0x00,
  0x00, 0xa0, 0x00, 0x00, 0x02, 0x00, 0x01, 0x00, 0x80, 0x40, 0x00, 0x00, 0x80, 0x82, 0x01, 0x00,
  0x00, 0x40, 0x00, 0x00, 0x00, 0x31, 0x01, 0x00, 0x10, 0x40, 0x00, 0x00, 0x00, 0xb0, 0x00, 0x00,
  0x02, 0x00, 0x01, 0x00, 0x80, 0x40, 0x00, 0x00, 0x00, 0x83, 0x01, 0x00, 0x00, 0x40, 0x00, 0x00,
  0x00, 0x41, 0x01, 0x00, 0x10, 0x40, 0x00, 0x00, 0x00, 0xc0, 0x00, 0x00, 0x02, 0x00, 0x01, 0x00,
  0x80, 0x40, 0x00, 0x00, 0x80, 0x83, 0x01, 0x00, 0x00, 0x40, 0x00, 0x00, 0x00, 0x51, 0x01, 0x00,
  0x10, 0x40, 0x00, 0x00, 0x00, 0xd0, 0x00, 0x00, 0x02, 0x00, 0x01, 0x00, 0x80, 0x40, 0x00, 0x00,
  0x00, 0x84, 0x01, 0x00, 0x00, 0x40, 0x00, 0x00, 0x00, 0x61, 0x01, 0x00, 0x10, 0x40, 0x00, 0x00,
  0x00, 0xe0, 0x00, 0x00, 0x02, 0x00, 0x01, 0x00, 0x80, 0x40, 0x00, 0x00, 0x80, 0x84, 0x01, 0x00,
  0x00, 0x40, 0x00, 0x00, 0x00, 0x71, 0x01, 0x00, 0x10, 0x40, 0x00, 0x00, 0x00, 0xf0, 0x00, 0x00,
  0x02, 0x00, 0x01, 0x00, 0x00, 0x40, 0x00, 0x00, 0x00, 0x00, 0x01, 0x00, 0x0b, 0x01, 0x07, 0x00,
  0x0c, 0x01, 0x07, 0x00, 0x0a, 0x01, 0x03, 0x00, 0x05, 0x40, 0x00, 0x00, 0x20, 0x00, 0x00, 0x00,
  0x14, 0x01, 0x43, 0x11, 0x10, 0x40, 0x00, 0x00, 0x00, 0x01, 0x01, 0x00, 0x12, 0x01, 0x07, 0x00,
  0x11, 0x01, 0x03, 0x00, 0x1b, 0x01, 0x07, 0x00, 0x1c, 0x01, 0x07, 0x00, 0x1a, 0x01, 0x03, 0x00,
  0x15, 0x40, 0x00, 0x00, 0x80, 0x00, 0x00, 0x00, 0x14, 0x40, 0x00, 0x00, 0x20, 0x00, 0x00, 0x00,
  0x16, 0x40, 0x00, 0x00, 0x80, 0x00, 0x00, 0x00, 0x24, 0x40, 0x00, 0x00, 0x01, 0x00, 0x00, 0x00,
  0x16, 0x01, 0x07, 0x00, 0x15, 0x01, 0x0f, 0x00, 0x24, 0x01, 0x00, 0x02, 0x05, 0x00, 0x03, 0x00,
  0x80, 0x40, 0x00, 0x00, 0x00, 0x01, 0x01, 0x00, 0x24, 0x40, 0x1b, 0x20, 0xff, 0x7f, 0x00, 0x00,
  0x00, 0x40, 0x00, 0x00, 0x00, 0x00, 0x00, 0x00, 0x0b, 0x01, 0x00, 0x00, 0x0c, 0x01, 0x00, 0x00,
  0x0a, 0x01, 0xff, 0x01, 0x05, 0x40, 0x00, 0x00, 0x00, 0x10, 0x00, 0x00, 0x14, 0x01, 0x03, 0x01,
  0x10, 0x40, 0x00, 0x00, 0x00, 0x05, 0x01, 0x00, 0x12, 0x01, 0x00, 0x00, 0x11, 0x01, 0xff, 0x01,
  0x1b, 0x01, 0x00, 0x00, 0x1c, 0x01, 0x00, 0x00, 0x1a, 0x01, 0xff, 0x01, 0x15, 0x40, 0x00, 0x00,
  0x00, 0x10, 0x00, 0x00, 0x14, 0x40, 0x00, 0x00, 0x08, 0x00, 0x00, 0x00, 0x16, 0x40, 0x00, 0x00,
  0x02, 0x00, 0x00, 0x00, 0x16, 0x01, 0x00, 0x00, 0x15, 0x01, 0x3f, 0x00, 0x24, 0x01, 0x01, 0x02,
  0x2f, 0x01, 0x00, 0x00, 0x02, 0x00, 0x01, 0x00, 0x80, 0x40, 0x00, 0x00, 0x80, 0x01, 0x01, 0x00,
  0x00, 0x40, 0x00, 0x00, 0x00, 0x10, 0x00, 0x00, 0x10, 0x40, 0x00, 0x00, 0x00, 0x15, 0x01, 0x00,
  0x2f, 0x01, 0x07, 0x00, 0x02, 0x00, 0x01, 0x00, 0x80, 0x40, 0x00, 0x00, 0x00, 0x02, 0x01, 0x00,
  0x00, 0x40, 0x00, 0x00, 0x00, 0x20, 0x00, 0x00, 0x10, 0x40, 0x00, 0x00, 0x00, 0x25, 0x01, 0x00,
  0x02, 0x00, 0x01, 0x00, 0x80, 0x40, 0x00, 0x00, 0x80, 0x02, 0x01, 0x00, 0x00, 0x40, 0x00, 0x00,
  0x00, 0x30, 0x00, 0x00, 0x10, 0x40, 0x00, 0x00, 0x00, 0x35, 0x01, 0x00, 0x02, 0x00, 0x01, 0x00,
  0x80, 0x40, 0x00, 0x00, 0x00, 0x03, 0x01, 0x00, 0x00, 0x40, 0x00, 0x00, 0x00, 0x40, 0x00, 0x00,
  0x10, 0x40, 0x00, 0x00, 0x00, 0x45, 0x01, 0x00, 0x02, 0x00, 0x01, 0x00, 0x80, 0x40, 0x00, 0x00,
  0x80, 0x03, 0x01, 0x00, 0x00, 0x40, 0x00, 0x00, 0x00, 0x50, 0x00, 0x00, 0x10, 0x40, 0x00, 0x00,
  0x00, 0x55, 0x01, 0x00, 0x02, 0x00, 0x01, 0x00, 0x80, 0x40, 0x00, 0x00, 0x00, 0x04, 0x01, 0x00,
  0x00, 0x40, 0x00, 0x00, 0x00, 0x60, 0x00, 0x00, 0x10, 0x40, 0x00, 0x00, 0x00, 0x65, 0x01, 0x00,
  0x02, 0x00, 0x01, 0x00, 0x80, 0x40, 0x00, 0x00, 0x80, 0x04, 0x01, 0x00, 0x00, 0x40, 0x00, 0x00,
  0x00, 0x70, 0x00, 0x00, 0x10, 0x40, 0x00, 0x00, 0x00, 0x75, 0x01, 0x00, 0x02, 0x00, 0x01, 0x00,
  0x00, 0x00, 0xff, 0xff, 0x00, 0x00, 0x00, 0x00, 0x00, 0x00, 0x00, 0x00, 0x00, 0x00, 0x00, 0x00,
  0x77, 0x65, 0x69, 0x67, 0x68, 0x74, 0x5f, 0x64, 0x61, 0x74, 0x61, 0x00, 0x00, 0x00, 0x00, 0x00,
  0x01, 0x00, 0x00, 0x00, 0x00, 0x00, 0x00, 0x00, 0x00, 0x00, 0x00, 0x00, 0x00, 0x00, 0x00, 0x00,
  0x00, 0x00, 0x00, 0x00, 0x00, 0x00, 0x00, 0x00, 0x00, 0x00, 0x00, 0x00, 0x00, 0x00, 0x00, 0x00,
  0x73, 0x63, 0x72, 0x61, 0x74, 0x63, 0x68, 0x5f, 0x73, 0x69, 0x7a, 0x65, 0x00, 0x00, 0x00, 0x00,
  0x04, 0x00, 0x00, 0x00, 0x00, 0x00, 0x00, 0x00, 0x00, 0x00, 0x00, 0x00, 0x00, 0x00, 0x00, 0x00,
  0x00, 0x85, 0x01, 0x00, 0x00, 0x00, 0x00, 0x00, 0x00, 0x00, 0x00, 0x00, 0x00, 0x00, 0x00, 0x00,
  0x69, 0x6e, 0x70, 0x75, 0x74, 0x73, 0x00, 0x00, 0x00, 0x00, 0x00, 0x00, 0x00, 0x00, 0x00, 0x00,
  0x94, 0x00, 0x00, 0x00, 0x00, 0x00, 0x00, 0x00, 0x00, 0x00, 0x00, 0x00, 0x00, 0x00, 0x00, 0x00,
  0x04, 0x00, 0x00, 0x00, 0x01, 0x00, 0x00, 0x00, 0x01, 0x00, 0x00, 0x00, 0x01, 0x00, 0x00, 0x00,
  0x08, 0x00, 0x00, 0x00, 0x00, 0x02, 0x00, 0x00, 0x04, 0x00, 0x00, 0x00, 0x02, 0x00, 0x00, 0x00,
  0x00, 0x00, 0x00, 0x00, 0x01, 0x00, 0x00, 0x00, 0x01, 0x00, 0x00, 0x00, 0x01, 0x00, 0x00, 0x00,
  0x01, 0x00, 0x00, 0x00, 0x08, 0x00, 0x00, 0x00, 0x00, 0x02, 0x00, 0x00, 0x04, 0x00, 0x00, 0x00,
  0x02, 0x00, 0x00, 0x00, 0x00, 0x01, 0x01, 0x00, 0x01, 0x00, 0x00, 0x00, 0x01, 0x00, 0x00, 0x00,
  0x01, 0x00, 0x00, 0x00, 0x01, 0x00, 0x00, 0x00, 0x08, 0x00, 0x00, 0x00, 0x04, 0x00, 0x00, 0x00,
  0x04, 0x00, 0x00, 0x00, 0x02, 0x00, 0x00, 0x00, 0x00, 0x00, 0x01, 0x00, 0x01, 0x00, 0x00, 0x00,
  0x01, 0x00, 0x00, 0x00, 0x01, 0x00, 0x00, 0x00, 0x01, 0x00, 0x00, 0x00, 0x08, 0x00, 0x00, 0x00,
  0x04, 0x00, 0x00, 0x00, 0x04, 0x00, 0x00, 0x00, 0x02, 0x00, 0x00, 0x00, 0x00, 0x80, 0x00, 0x00,
  0x01, 0x00, 0x00, 0x00, 0x00, 0x00, 0x00, 0x00, 0x00, 0x00, 0x00, 0x00, 0x00, 0x00, 0x00, 0x00,
  0x6f, 0x75, 0x74, 0x70, 0x75, 0x74, 0x73, 0x00, 0x00, 0x00, 0x00, 0x00, 0x00, 0x00, 0x00, 0x00,
  0x4c, 0x00, 0x00, 0x00, 0x00, 0x00, 0x00, 0x00, 0x00, 0x00, 0x00, 0x00, 0x00, 0x00, 0x00, 0x00,
  0x02, 0x00, 0x00, 0x00, 0x01, 0x00, 0x00, 0x00, 0x01, 0x00, 0x00, 0x00, 0x01, 0x00, 0x00, 0x00,
  0x08, 0x00, 0x00, 0x00, 0x00, 0x02, 0x00, 0x00, 0x04, 0x00, 0x00, 0x00, 0x02, 0x00, 0x00, 0x00,
  0x00, 0x05, 0x01, 0x00, 0x01, 0x00, 0x00, 0x00, 0x01, 0x00, 0x00, 0x00, 0x01, 0x00, 0x00, 0x00,
  0x01, 0x00, 0x00, 0x00, 0x08, 0x00, 0x00, 0x00, 0x00, 0x02, 0x00, 0x00, 0x04, 0x00, 0x00, 0x00,
  0x02, 0x00, 0x00, 0x00, 0x00, 0x80, 0x00, 0x00, 0x01, 0x00, 0x00, 0x00, 0x00, 0x00, 0x00, 0x00,
  0x76, 0x65, 0x6c, 0x61, 0x5f, 0x65, 0x6e, 0x64, 0x5f, 0x73, 0x74, 0x72, 0x65, 0x61, 0x6d, 0x00,
  0x00, 0x00, 0x00, 0x00, 0x00, 0x00, 0x00, 0x00, 0x00, 0x00, 0x00, 0x00, 0x00, 0x00, 0x00, 0x00,
  0x00, 0x00, 0x00, 0x00, 0x72, 0x6f, 0xff, 0xff, 0x04, 0x00, 0x00, 0x00, 0x80, 0x33, 0x00, 0x00,
  0x76, 0x65, 0x6c, 0x61, 0x5f, 0x62, 0x69, 0x6e, 0x5f, 0x73, 0x74, 0x72, 0x65, 0x61, 0x6d, 0x00,
  0x00, 0x00, 0x00, 0x00, 0x00, 0x00, 0x00, 0x00, 0x00, 0x00, 0x00, 0x00, 0x00, 0x00, 0x00, 0x00,
  0x63, 0x6d, 0x64, 0x5f, 0x64, 0x61, 0x74, 0x61, 0x00, 0x00, 0x00, 0x00, 0x00, 0x00, 0x00, 0x00,
  0xfc, 0x28, 0x00, 0x00, 0x00, 0x00, 0x00, 0x00, 0x00, 0x00, 0x00, 0x00, 0x00, 0x00, 0x00, 0x00,
  0x43, 0x4f, 0x50, 0x31, 0x01, 0x00, 0x10, 0x00, 0x18, 0x01, 0x00, 0x20, 0x00, 0x70, 0x00, 0x20,
  0x05, 0x00, 0x00, 0x00, 0x05, 0x00, 0x00, 0x00, 0x05, 0x00, 0x00, 0x00, 0x02, 0x00, 0x37, 0x0a,
  0x05, 0x01, 0x01, 0x00, 0x0f, 0x01, 0x00, 0x00, 0x00, 0x40, 0x00, 0x00, 0x00, 0x00, 0x00, 0x00,
  0x01, 0x40, 0x00, 0x00, 0x00, 0x00, 0x00, 0x00, 0x02, 0x40, 0x00, 0x00, 0x00, 0x00, 0x00, 0x00,
  0x03, 0x40, 0x00, 0x00, 0x00, 0x00, 0x00, 0x00, 0x0b, 0x01, 0x00, 0x00, 0x0c, 0x01, 0x00, 0x00,
  0x0a, 0x01, 0x00, 0x00, 0x04, 0x01, 0x00, 0x00, 0x05, 0x40, 0x00, 0x00, 0x01, 0x00, 0x00, 0x00,
  0x04, 0x40, 0x00, 0x00, 0x01, 0x00, 0x00, 0x00, 0x06, 0x40, 0x00, 0x00, 0x01, 0x00, 0x00, 0x00,
  0x09, 0x01, 0x80, 0xff, 0x07, 0x01, 0x00, 0x00, 0x00, 0x01, 0x00, 0x00, 0x01, 0x01, 0x00, 0x00,
  0x03, 0x01, 0x00, 0x00, 0x02, 0x01, 0x00, 0x00, 0x14, 0x01, 0x45, 0x01, 0x1f, 0x01, 0x01, 0x00,
  0x10, 0x40, 0x00, 0x00, 0x10, 0x66, 0x04, 0x00, 0x11, 0x40, 0x00, 0x00, 0x00, 0x00, 0x00, 0x00,
  0x12, 0x40, 0x00, 0x00, 0x00, 0x00, 0x00, 0x00, 0x13, 0x40, 0x00, 0x00, 0x00, 0x00, 0x00, 0x00,
  0x12, 0x01, 0x00, 0x00, 0x11, 0x01, 0x00, 0x00, 0x13, 0x01, 0x00, 0x00, 0x1b, 0x01, 0x00, 0x00,
  0x1c, 0x01, 0x00, 0x00, 0x1a, 0x01, 0x00, 0x00, 0x15, 0x40, 0x00, 0x00, 0x40, 0x00, 0x00, 0x00,
  0x14, 0x40, 0x00, 0x00, 0x40, 0x00, 0x00, 0x00, 0x16, 0x40, 0x00, 0x00, 0x40, 0x00, 0x00, 0x00,
  0x18, 0x01, 0x00, 0x00, 0x21, 0x01, 0x00, 0x00, 0x20, 0x01, 0x00, 0x00, 0x22, 0x01, 0x00, 0x00,
  0x25, 0x01, 0x00, 0x10, 0x26, 0x01, 0x00, 0x80, 0x27, 0x01, 0xff, 0xff, 0x24, 0x40, 0x0d, 0x20,
  0xea, 0x13, 0xd6, 0x4a, 0x16, 0x01, 0x00, 0x00, 0x15, 0x01, 0x01, 0x00, 0x17, 0x01, 0x0f, 0x00,
  0x24, 0x01, 0x00, 0x01, 0x2f, 0x01, 0x00, 0x00, 0x05, 0x00, 0x03, 0x00, 0x0f, 0x01, 0x01, 0x00,
  0x0a, 0x01, 0x8f, 0x01, 0x04, 0x01, 0xef, 0x00, 0x05, 0x40, 0x00, 0x00, 0x00, 0x77, 0x01, 0x00,
  0x04, 0x40, 0x00, 0x00, 0xf0, 0x00, 0x00, 0x00, 0x09, 0x01, 0x00, 0x00, 0x14, 0x01, 0x01, 0x01,
  0x10, 0x40, 0x00, 0x00, 0x50, 0xdd, 0x05, 0x00, 0x11, 0x01, 0x8f, 0x01, 0x13, 0x01, 0xef, 0x00,
  0x1a, 0x01, 0x8f, 0x01, 0x15, 0x40, 0x00, 0x00, 0x00, 0x77, 0x01, 0x00, 0x14, 0x40, 0x00, 0x00,
  0xf0, 0x00, 0x00, 0x00, 0x16, 0x40, 0x00, 0x00, 0x01, 0x00, 0x00, 0x00, 0x25, 0x01, 0x00, 0x00,
  0x26, 0x01, 0x80, 0xff, 0x27, 0x01, 0x7f, 0x00, 0x24, 0x40, 0x00, 0x20, 0x01, 0x00, 0x00, 0x00,
  0x15, 0x01, 0x03, 0x00, 0x17, 0x01, 0xef, 0x00, 0x2f, 0x01, 0x07, 0x00, 0x05, 0x00, 0x03, 0x00,
  0x25, 0x40, 0x00, 0x20, 0x01, 0x00, 0x00, 0x00, 0x26, 0x40, 0x00, 0x20, 0x01, 0x00, 0x00, 0x00,
  0x24, 0x40, 0x24, 0x20, 0x81, 0x2b, 0x0f, 0x10, 0x0f, 0x01, 0x00, 0x00, 0x00, 0x40, 0x00, 0x00,
  0x10, 0x00, 0x00, 0x00, 0x0b, 0x01, 0x02, 0x00, 0x0c, 0x01, 0x02, 0x00, 0x0a, 0x01, 0x00, 0x00,
  0x04, 0x01, 0x00, 0x00, 0x05, 0x40, 0x00, 0x00, 0x01, 0x00, 0x00, 0x00, 0x04, 0x40, 0x00, 0x00,
  0x01, 0x00, 0x00, 0x00, 0x09, 0x01, 0x80, 0xff, 0x14, 0x01, 0x41, 0x01, 0x10, 0x40, 0x00, 0x00,
  0x50, 0xc4, 0x1e, 0x00, 0x12, 0x01, 0x02, 0x00, 0x1b, 0x01, 0x02, 0x00, 0x1c, 0x01, 0x02, 0x00,
  0x14, 0x40, 0x00, 0x00, 0x10, 0x00, 0x00, 0x00, 0x16, 0x40, 0x00, 0x00, 0x00, 0x19, 0x00, 0x00,
  0x18, 0x01, 0x80, 0xff, 0x85, 0x01, 0x01, 0x00, 0x8f, 0x01, 0x01, 0x00, 0x80, 0x40, 0x00, 0x00,
  0x50, 0xdd, 0x05, 0x00, 0x81, 0x40, 0x00, 0x00, 0x00, 0x00, 0x00, 0x00, 0x82, 0x40, 0x00, 0x00,
  0x00, 0x00, 0x00, 0x00, 0x83, 0x40, 0x00, 0x00, 0x00, 0x00, 0x00, 0x00, 0x8b, 0x01, 0x00, 0x00,
  0x8c, 0x01, 0x00, 0x00, 0x8a, 0x01, 0x8f, 0x01, 0x85, 0x40, 0x00, 0x00, 0x00, 0x77, 0x01, 0x00,
  0x84, 0x40, 0x00, 0x00, 0xf0, 0x00, 0x00, 0x00, 0x86, 0x40, 0x00, 0x00, 0x01, 0x00, 0x00, 0x00,
  0x89, 0x01, 0x80, 0xff, 0x08, 0x01, 0x06, 0x00, 0x80, 0x01, 0x01, 0x00, 0x16, 0x01, 0x02, 0x00,
  0x15, 0x01, 0x0f, 0x00, 0x06, 0x00, 0x00, 0x00, 0x25, 0x40, 0x00, 0x20, 0x00, 0x00, 0x08, 0x00,
  0x26, 0x40, 0x0c, 0x20, 0x11, 0xff, 0xef, 0x7f, 0x24, 0x40, 0x2e, 0x20, 0x2f, 0x00, 0x01, 0x08,
  0x05, 0x01, 0x01, 0xc0, 0x27, 0x40, 0x00, 0x00, 0x7f, 0x00, 0x00, 0x00, 0x10, 0x40, 0x00, 0x00,
  0x50, 0x66, 0x04, 0x00, 0x12, 0x01, 0x00, 0x00, 0x1b, 0x01, 0x00, 0x00, 0x1c, 0x01, 0x00, 0x00,
  0x08, 0x01, 0x08, 0x00, 0x80, 0x01, 0x00, 0x00, 0x16, 0x01, 0x00, 0x00, 0x15, 0x01, 0x7f, 0x00,
  0x17, 0x01, 0x0f, 0x00, 0x06, 0x00, 0x02, 0x00, 0x05, 0x01, 0x01, 0x00, 0x0f, 0x01, 0x01, 0x00,
  0x00, 0x40, 0x00, 0x00, 0x50, 0x54, 0x07, 0x00, 0x0a, 0x01, 0x8f, 0x01, 0x04, 0x01, 0xef, 0x00,
  0x05, 0x40, 0x00, 0x00, 0x00, 0x77, 0x01, 0x00, 0x04, 0x40, 0x00, 0x00, 0xf0, 0x00, 0x00, 0x00,
  0x09, 0x01, 0x00, 0x00, 0x14, 0x01, 0x41, 0x19, 0x10, 0x40, 0x00, 0x00, 0x50, 0x29, 0x23, 0x00,
  0x12, 0x01, 0x02, 0x00, 0x1b, 0x01, 0x8f, 0x01, 0x1c, 0x01, 0x8f, 0x01, 0x1a, 0x01, 0xef, 0x00,
  0x15, 0x40, 0x00, 0x00, 0x00, 0x0f, 0x00, 0x00, 0x16, 0x40, 0x00, 0x00, 0x00, 0x0f, 0x00, 0x00,
  0x18, 0x01, 0x00, 0x00, 0x24, 0x40, 0x00, 0x00, 0x01, 0x00, 0x00, 0x00, 0x16, 0x01, 0x0f, 0x00,
  0x15, 0x01, 0x01, 0x00, 0x17, 0x01, 0x7f, 0x00, 0x05, 0x00, 0x03, 0x00, 0x30, 0x01, 0x00, 0x00,
  0x30, 0x40, 0x00, 0x00, 0x20, 0x00, 0x00, 0x00, 0x31, 0x01, 0x01, 0x00, 0x31, 0x40, 0x00, 0x00,
  0x00, 0x00, 0x00, 0x00, 0x32, 0x40, 0x00, 0x00, 0x00, 0x01, 0x00, 0x00, 0x32, 0x01, 0x01, 0x00,
  0x10, 0x00, 0x00, 0x00, 0x30, 0x40, 0x00, 0x00, 0x20, 0x01, 0x00, 0x00, 0x31, 0x01, 0x03, 0x01,
  0x10, 0x00, 0x00, 0x00, 0x24, 0x40, 0x25, 0x20, 0xf9, 0xf2, 0x9c, 0x7a, 0x05, 0x01, 0x41, 0x00,
  0x00, 0x40, 0x00, 0x00, 0x50, 0x29, 0x23, 0x00, 0x0b, 0x01, 0x8f, 0x01, 0x0c, 0x01, 0x8f, 0x01,
  0x0a, 0x01, 0xef, 0x00, 0x04, 0x01, 0x02, 0x00, 0x05, 0x40, 0x00, 0x00, 0x00, 0x0f, 0x00, 0x00,
  0x04, 0x40, 0x00, 0x00, 0x10, 0x00, 0x00, 0x00, 0x06, 0x40, 0x00, 0x00, 0x00, 0x0f, 0x00, 0x00,
  0x14, 0x01, 0x41, 0x00, 0x10, 0x40, 0x00, 0x00, 0x50, 0x54, 0x07, 0x00, 0x12, 0x01, 0x8f, 0x01,
  0x11, 0x01, 0xef, 0x00, 0x13, 0x01, 0x00, 0x00, 0x18, 0x01, 0x80, 0xff, 0x22, 0x01, 0x04, 0x00,
  0x2e, 0x01, 0x00, 0x00, 0x28, 0x01, 0x01, 0x00, 0x20, 0x40, 0x00, 0x00, 0xa0, 0x00, 0x00, 0x00,
  0x21, 0x40, 0x00, 0x00, 0x60, 0x00, 0x00, 0x00, 0x29, 0x01, 0x01, 0x00, 0x22, 0x40, 0x00, 0x00,
  0x00, 0x00, 0x00, 0x00, 0x23, 0x40, 0x00, 0x00, 0xa0, 0x00, 0x00, 0x00, 0x25, 0x01, 0x04, 0x00,
  0x16, 0x01, 0x07, 0x00, 0x15, 0x01, 0x0f, 0x00, 0x17, 0x01, 0x0f, 0x00, 0x24, 0x01, 0x00, 0x02,
  0x2f, 0x01, 0x00, 0x00, 0x11, 0x00, 0x00, 0x00, 0x02, 0x00, 0x00, 0x00, 0x30, 0x40, 0x00, 0x00,
  0x20, 0x02, 0x00, 0x00, 0x31, 0x01, 0x01, 0x00, 0x31, 0x40, 0x00, 0x00, 0x50, 0xfe, 0x3e, 0x00,
  0x10, 0x00, 0x00, 0x00, 0x24, 0x40, 0x24, 0x20, 0x2b, 0x81, 0x40, 0x20, 0x00, 0x40, 0x00, 0x00,
  0x50, 0x54, 0x07, 0x00, 0x04, 0x01, 0x00, 0x00, 0x09, 0x01, 0x80, 0xff, 0x14, 0x01, 0x41, 0x30,
  0x10, 0x40, 0x00, 0x00, 0x00, 0x00, 0x00, 0x00, 0x13, 0x01, 0x02, 0x00, 0x1b, 0x01, 0x02, 0x00,
  0x1c, 0x01, 0x02, 0x00, 0x1a, 0x01, 0x8f, 0x01, 0x15, 0x40, 0x00, 0x00, 0x00, 0x77, 0x01, 0x00,
  0x16, 0x40, 0x00, 0x00, 0x00, 0x19, 0x00, 0x00, 0x20, 0x40, 0x00, 0x00, 0xf0, 0xfe, 0x3e, 0x00,
  0x22, 0x40, 0x00, 0x00, 0x50, 0xfe, 0x3e, 0x00, 0x25, 0x01, 0x00, 0x00, 0x2f, 0x01, 0x07, 0x00,
  0x11, 0x00, 0x00, 0x00, 0x02, 0x00, 0x00, 0x00, 0x30, 0x40, 0x00, 0x00, 0x20, 0x03, 0x00, 0x00,
  0x31, 0x40, 0x00, 0x00, 0x00, 0x65, 0x04, 0x00, 0x32, 0x40, 0x00, 0x00, 0xd0, 0x00, 0x00, 0x00,
  0x10, 0x00, 0x00, 0x00, 0x24, 0x40, 0x28, 0x20, 0x3b, 0x00, 0x88, 0x0a, 0x05, 0x01, 0x01, 0x00,
  0x00, 0x40, 0x00, 0x00, 0x50, 0xdd, 0x05, 0x00, 0x05, 0x40, 0x00, 0x00, 0xf0, 0x00, 0x00, 0x00,
  0x04, 0x40, 0x00, 0x00, 0x01, 0x00, 0x00, 0x00, 0x06, 0x40, 0x00, 0x00, 0x01, 0x00, 0x00, 0x00,
  0x00, 0x01, 0x03, 0x00, 0x01, 0x01, 0x03, 0x00, 0x03, 0x01, 0x03, 0x00, 0x02, 0x01, 0x03, 0x00,
  0x14, 0x01, 0x01, 0x00, 0x10, 0x40, 0x00, 0x00, 0x50, 0x54, 0x07, 0x00, 0x13, 0x01, 0x00, 0x00,
  0x1b, 0x01, 0x8f, 0x01, 0x1c, 0x01, 0x8f, 0x01, 0x1a, 0x01, 0xef, 0x00, 0x15, 0x40, 0x00, 0x00,
  0xf0, 0x00, 0x00, 0x00, 0x14, 0x40, 0x00, 0x00, 0x01, 0x00, 0x00, 0x00, 0x16, 0x40, 0x00, 0x00,
  0x01, 0x00, 0x00, 0x00, 0x21, 0x01, 0x06, 0x00, 0x20, 0x01, 0x06, 0x00, 0x22, 0x01, 0x00, 0x00,
  0x20, 0x40, 0x00, 0x00, 0xa0, 0x65, 0x04, 0x00, 0x21, 0x40, 0x00, 0x00, 0x30, 0x00, 0x00, 0x00,
  0x22, 0x40, 0x00, 0x00, 0x00, 0x65, 0x04, 0x00, 0x16, 0x01, 0x13, 0x00, 0x15, 0x01, 0x0b, 0x00,
  0x24, 0x01, 0x00, 0x01, 0x2f, 0x01, 0x00, 0x00, 0x11, 0x00, 0x00, 0x00, 0x03, 0x00, 0x00, 0x00,
  0x25, 0x40, 0x0c, 0x20, 0x01, 0xff, 0xff, 0x7f, 0x26, 0x40, 0x00, 0x20, 0x00, 0x00, 0x08, 0x00,
  0x24, 0x40, 0x30, 0x20, 0x47, 0x39, 0x4d, 0x15, 0x05, 0x01, 0x01, 0x00, 0x0f, 0x01, 0x01, 0x00,
  0x00, 0x40, 0x00, 0x00, 0x50, 0xdd, 0x05, 0x00, 0x01, 0x40, 0x00, 0x00, 0x00, 0x00, 0x00, 0x00,
  0x02, 0x40, 0x00, 0x00, 0x00, 0x00, 0x00, 0x00, 0x03, 0x40, 0x00, 0x00, 0x00, 0x00, 0x00, 0x00,
  0x0b, 0x01, 0x00, 0x00, 0x0c, 0x01, 0x00, 0x00, 0x0a, 0x01, 0x8f, 0x01, 0x04, 0x01, 0xef, 0x00,
  0x05, 0x40, 0x00, 0x00, 0x00, 0x77, 0x01, 0x00, 0x04, 0x40, 0x00, 0x00, 0xf0, 0x00, 0x00, 0x00,
  0x06, 0x40, 0x00, 0x00, 0x01, 0x00, 0x00, 0x00, 0x09, 0x01, 0x80, 0xff, 0x14, 0x01, 0x41, 0x81,
  0x1f, 0x01, 0x00, 0x00, 0x12, 0x01, 0x00, 0x00, 0x11, 0x01, 0x8f, 0x01, 0x13, 0x01, 0xef, 0x00,
  0x18, 0x01, 0xe3, 0xff, 0x26, 0x01, 0xe3, 0xff, 0x85, 0x01, 0x01, 0x00, 0x8f, 0x01, 0x01, 0x00,
  0x80, 0x40, 0x00, 0x00, 0x50, 0x54, 0x07, 0x00, 0x81, 0x40, 0x00, 0x00, 0x00, 0x00, 0x00, 0x00,
  0x82, 0x40, 0x00, 0x00, 0x00, 0x00, 0x00, 0x00, 0x83, 0x40, 0x00, 0x00, 0x00, 0x00, 0x00, 0x00,
  0x8b, 0x01, 0x00, 0x00, 0x8c, 0x01, 0x00, 0x00, 0x8a, 0x01, 0x8f, 0x01, 0x85, 0x40, 0x00, 0x00,
  0x00, 0x77, 0x01, 0x00, 0x84, 0x40, 0x00, 0x00, 0xf0, 0x00, 0x00, 0x00, 0x86, 0x40, 0x00, 0x00,
  0x01, 0x00, 0x00, 0x00, 0x89, 0x01, 0x80, 0xff, 0x08, 0x01, 0x00, 0x00, 0x16, 0x01, 0x00, 0x00,
  0x15, 0x01, 0x7f, 0x00, 0x06, 0x00, 0x02, 0x00, 0x25, 0x40, 0x00, 0x20, 0x01, 0x00, 0x00, 0x00,
  0x26, 0x40, 0x00, 0x20, 0x01, 0x00, 0x00, 0x00, 0x24, 0x40, 0x24, 0x20, 0xcd, 0x8c, 0xdd, 0x1a,
  0x05, 0x01, 0x41, 0x80, 0x0f, 0x01, 0x00, 0x00, 0x09, 0x01, 0xe3, 0xff, 0x14, 0x01, 0x41, 0x81,
  0x1f, 0x01, 0x01, 0x00, 0x18, 0x01, 0x80, 0xff, 0x26, 0x01, 0x80, 0xff, 0x85, 0x01, 0x01, 0xc0,
  0x89, 0x01, 0x80, 0xff, 0x80, 0x01, 0x08, 0x00, 0x06, 0x00, 0x00, 0x00, 0x25, 0x40, 0x07, 0x20,
  0x67, 0x1b, 0xbe, 0x00, 0x26, 0x40, 0x00, 0x20, 0x00, 0x00, 0x08, 0x00, 0x24, 0x40, 0x31, 0x20,
  0xf3, 0xd2, 0x97, 0x3e, 0x05, 0x01, 0x01, 0xc0, 0x09, 0x01, 0x80, 0xff, 0x14, 0x01, 0x41, 0x01,
  0x10, 0x40, 0x00, 0x00, 0x50, 0x4d, 0x1d, 0x00, 0x1b, 0x01, 0x00, 0x00, 0x1c, 0x01, 0x00, 0x00,
  0x1a, 0x01, 0x8f, 0x01, 0x15, 0x40, 0x00, 0x00, 0x00, 0x77, 0x01, 0x00, 0x14, 0x40, 0x00, 0x00,
  0x10, 0x00, 0x00, 0x00, 0x16, 0x40, 0x00, 0x00, 0x00, 0x19, 0x00, 0x00, 0x18, 0x01, 0x51, 0x00,
  0x26, 0x01, 0x51, 0x00, 0x85, 0x01, 0x41, 0x80, 0x8f, 0x01, 0x01, 0x00, 0x89, 0x01, 0x80, 0xff,
  0x08, 0x01, 0x08, 0x00, 0x80, 0x01, 0x00, 0x00, 0x06, 0x00, 0x02, 0x00, 0x30, 0x40, 0x00, 0x00,
  0xf0, 0x03, 0x00, 0x00, 0x32, 0x40, 0x00, 0x00, 0x10, 0x01, 0x00, 0x00, 0x12, 0x00, 0x01, 0x00,
  0x10, 0x00, 0x00, 0x00, 0x24, 0x40, 0x25, 0x20, 0x27, 0xd6, 0xe2, 0x50, 0x05, 0x01, 0x41, 0x00,
  0x0f, 0x01, 0x01, 0x00, 0x00, 0x40, 0x00, 0x00, 0x50, 0x29, 0x23, 0x00, 0x01, 0x40, 0x00, 0x00,
  0x00, 0x00, 0x00, 0x00, 0x02, 0x40, 0x00, 0x00, 0x00, 0x00, 0x00, 0x00, 0x03, 0x40, 0x00, 0x00,
  0x00, 0x00, 0x00, 0x00, 0x0b, 0x01, 0x8f, 0x01, 0x0c, 0x01, 0x8f, 0x01, 0x0a, 0x01, 0xef, 0x00,
  0x04, 0x01, 0x02, 0x00, 0x05, 0x40, 0x00, 0x00, 0x00, 0x0f, 0x00, 0x00, 0x04, 0x40, 0x00, 0x00,
  0x10, 0x00, 0x00, 0x00, 0x06, 0x40, 0x00, 0x00, 0x00, 0x0f, 0x00, 0x00, 0x09, 0x01, 0x00, 0x00,
  0x00, 0x01, 0x00, 0x00, 0x01, 0x01, 0x00, 0x00, 0x03, 0x01, 0x00, 0x00, 0x02, 0x01, 0x00, 0x00,
  0x14, 0x01, 0x41, 0x00, 0x10, 0x40, 0x00, 0x00, 0x50, 0xdd, 0x05, 0x00, 0x12, 0x01, 0x8f, 0x01,
  0x11, 0x01, 0xef, 0x00, 0x13, 0x01, 0x02, 0x00, 0x1b, 0x01, 0x8f, 0x01, 0x1c, 0x01, 0x8f, 0x01,
  0x1a, 0x01, 0xef, 0x00, 0x15, 0x40, 0x00, 0x00, 0x00, 0x0f, 0x00, 0x00, 0x16, 0x40, 0x00, 0x00,
  0x00, 0x0f, 0x00, 0x00, 0x18, 0x01, 0x80, 0xff, 0x21, 0x01, 0x00, 0x00, 0x20, 0x01, 0x00, 0x00,
  0x22, 0x01, 0x04, 0x00, 0x21, 0x40, 0x00, 0x00, 0x70, 0x00, 0x00, 0x00, 0x26, 0x01, 0x80, 0xff,
  0x16, 0x01, 0x07, 0x00, 0x15, 0x01, 0x0f, 0x00, 0x24, 0x01, 0x00, 0x02, 0x2f, 0x01, 0x07, 0x00,
  0x11, 0x00, 0x00, 0x00, 0x02, 0x00, 0x00, 0x00, 0x30, 0x40, 0x00, 0x00, 0x00, 0x05, 0x00, 0x00,
  0x31, 0x40, 0x00, 0x00, 0x50, 0xfe, 0x3e, 0x00, 0x32, 0x40, 0x00, 0x00, 0x00, 0x01, 0x00, 0x00,
  0x10, 0x00, 0x00, 0x00, 0x24, 0x40, 0x24, 0x20, 0xe5, 0x1c, 0x31, 0x21, 0x00, 0x40, 0x00, 0x00,
  0x50, 0xdd, 0x05, 0x00, 0x09, 0x01, 0x80, 0xff, 0x14, 0x01, 0x41, 0x30, 0x10, 0x40, 0x00, 0x00,
  0x50, 0x29, 0x23, 0x00, 0x1b, 0x01, 0x02, 0x00, 0x1c, 0x01, 0x02, 0x00, 0x1a, 0x01, 0x8f, 0x01,
  0x15, 0x40, 0x00, 0x00, 0x00, 0x77, 0x01, 0x00, 0x16, 0x40, 0x00, 0x00, 0x00, 0x19, 0x00, 0x00,
  0x20, 0x40, 0x00, 0x00, 0xf0, 0xfe, 0x3e, 0x00, 0x21, 0x40, 0x00, 0x00, 0x60, 0x00, 0x00, 0x00,
  0x22, 0x40, 0x00, 0x00, 0x50, 0xfe, 0x3e, 0x00, 0x11, 0x00, 0x00, 0x00, 0x02, 0x00, 0x00, 0x00,
  0x25, 0x40, 0x00, 0x20, 0x01, 0x00, 0x00, 0x00, 0x26, 0x40, 0x00, 0x20, 0x01, 0x00, 0x00, 0x00,
  0x24, 0x40, 0x25, 0x20, 0x57, 0xb3, 0x69, 0x20, 0x05, 0x01, 0x01, 0x00, 0x0f, 0x01, 0x01, 0x00,
  0x00, 0x40, 0x00, 0x00, 0x50, 0x99, 0x3a, 0x00, 0x01, 0x40, 0x00, 0x00, 0x00, 0x00, 0x00, 0x00,
  0x02, 0x40, 0x00, 0x00, 0x00, 0x00, 0x00, 0x00, 0x03, 0x40, 0x00, 0x00, 0x00, 0x00, 0x00, 0x00,
  0x0b, 0x01, 0x02, 0x00, 0x0c, 0x01, 0x02, 0x00, 0x0a, 0x01, 0x8f, 0x01, 0x04, 0x01, 0xef, 0x00,
  0x05, 0x40, 0x00, 0x00, 0x00, 0x77, 0x01, 0x00, 0x04, 0x40, 0x00, 0x00, 0xf0, 0x00, 0x00, 0x00,
  0x06, 0x40, 0x00, 0x00, 0x01, 0x00, 0x00, 0x00, 0x09, 0x01, 0x80, 0xff, 0x14, 0x01, 0x41, 0x81,
  0x1f, 0x01, 0x00, 0x00, 0x12, 0x01, 0x02, 0x00, 0x11, 0x01, 0x8f, 0x01, 0x13, 0x01, 0xef, 0x00,
  0x85, 0x01, 0x41, 0x00, 0x8f, 0x01, 0x01, 0x00, 0x80, 0x40, 0x00, 0x00, 0x50, 0x29, 0x23, 0x00,
  0x81, 0x40, 0x00, 0x00, 0x00, 0x00, 0x00, 0x00, 0x82, 0x40, 0x00, 0x00, 0x00, 0x00, 0x00, 0x00,
  0x83, 0x40, 0x00, 0x00, 0x00, 0x00, 0x00, 0x00, 0x8b, 0x01, 0x02, 0x00, 0x8c, 0x01, 0x02, 0x00,
  0x8a, 0x01, 0x8f, 0x01, 0x85, 0x40, 0x00, 0x00, 0x00, 0x77, 0x01, 0x00, 0x84, 0x40, 0x00, 0x00,
  0x10, 0x00, 0x00, 0x00, 0x86, 0x40, 0x00, 0x00, 0x00, 0x19, 0x00, 0x00, 0x89, 0x01, 0x80, 0xff,
  0x08, 0x01, 0x00, 0x00, 0x16, 0x01, 0x02, 0x00, 0x15, 0x01, 0x7f, 0x00, 0x24, 0x01, 0x00, 0x01,
  0x2f, 0x01, 0x00, 0x00, 0x06, 0x00, 0x00, 0x00, 0x24, 0x40, 0x24, 0x20, 0xa3, 0x17, 0x6d, 0x58,
  0x05, 0x01, 0x41, 0x80, 0x0f, 0x01, 0x00, 0x00, 0x09, 0x01, 0x80, 0xff, 0x14, 0x01, 0x41, 0x01,
  0x1f, 0x01, 0x01, 0x00, 0x85, 0x01, 0x41, 0x00, 0x8f, 0x01, 0x01, 0x00, 0x80, 0x40, 0x00, 0x00,
  0x50, 0x4d, 0x1d, 0x00, 0x81, 0x40, 0x00, 0x00, 0x00, 0x00, 0x00, 0x00, 0x82, 0x40, 0x00, 0x00,
  0x00, 0x00, 0x00, 0x00, 0x83, 0x40, 0x00, 0x00, 0x00, 0x00, 0x00, 0x00, 0x8b, 0x01, 0x00, 0x00,
  0x8c, 0x01, 0x00, 0x00, 0x8a, 0x01, 0x8f, 0x01, 0x85, 0x40, 0x00, 0x00, 0x00, 0x77, 0x01, 0x00,
  0x84, 0x40, 0x00, 0x00, 0x10, 0x00, 0x00, 0x00, 0x86, 0x40, 0x00, 0x00, 0x00, 0x19, 0x00, 0x00,
  0x89, 0x01, 0x51, 0x00, 0x80, 0x01, 0x01, 0x00, 0x06, 0x00, 0x00, 0x00, 0x25, 0x40, 0x00, 0x20,
  0x00, 0x00, 0x08, 0x00, 0x26, 0x40, 0x0b, 0x20, 0x3d, 0xf0, 0xf4, 0x39, 0x24, 0x40, 0x31, 0x20,
  0x27, 0x66, 0xca, 0x21, 0x05, 0x01, 0x41, 0x00, 0x0f, 0x01, 0x01, 0x00, 0x00, 0x40, 0x00, 0x00,
  0x50, 0x29, 0x23, 0x00, 0x01, 0x40, 0x00, 0x00, 0x00, 0x00, 0x00, 0x00, 0x02, 0x40, 0x00, 0x00,
  0x00, 0x00, 0x00, 0x00, 0x03, 0x40, 0x00, 0x00, 0x00, 0x00, 0x00, 0x00, 0x0b, 0x01, 0x02, 0x00,
  0x0c, 0x01, 0x02, 0x00, 0x0a, 0x01, 0x8f, 0x01, 0x05, 0x40, 0x00, 0x00, 0x00, 0x77, 0x01, 0x00,
  0x04, 0x40, 0x00, 0x00, 0x10, 0x00, 0x00, 0x00, 0x06, 0x40, 0x00, 0x00, 0x00, 0x19, 0x00, 0x00,
  0x09, 0x01, 0x80, 0xff, 0x14, 0x01, 0x41, 0x81, 0x1f, 0x01, 0x00, 0x00, 0x85, 0x01, 0x41, 0x00,
  0x8f, 0x01, 0x01, 0x00, 0x80, 0x40, 0x00, 0x00, 0x00, 0x00, 0x00, 0x00, 0x81, 0x40, 0x00, 0x00,
  0x00, 0x00, 0x00, 0x00, 0x82, 0x40, 0x00, 0x00, 0x00, 0x00, 0x00, 0x00, 0x83, 0x40, 0x00, 0x00,
  0x00, 0x00, 0x00, 0x00, 0x8b, 0x01, 0x02, 0x00, 0x8c, 0x01, 0x02, 0x00, 0x8a, 0x01, 0x8f, 0x01,
  0x85, 0x40, 0x00, 0x00, 0x00, 0x77, 0x01, 0x00, 0x84, 0x40, 0x00, 0x00, 0x10, 0x00, 0x00, 0x00,
  0x86, 0x40, 0x00, 0x00, 0x00, 0x19, 0x00, 0x00, 0x89, 0x01, 0x80, 0xff, 0x80, 0x01, 0x00, 0x00,
  0x06, 0x00, 0x01, 0x00, 0x25, 0x40, 0x00, 0x20, 0x01, 0x00, 0x00, 0x00, 0x26, 0x40, 0x00, 0x20,
  0x01, 0x00, 0x00, 0x00, 0x24, 0x40, 0x1b, 0x20, 0x07, 0x07, 0x08, 0x00, 0x05, 0x01, 0x41, 0x80,
  0x0f, 0x01, 0x00, 0x00, 0x09, 0x01, 0x80, 0xff, 0x14, 0x01, 0x41, 0x01, 0x1f, 0x01, 0x01, 0x00,
  0x85, 0x01, 0x41, 0x00, 0x8f, 0x01, 0x01, 0x00, 0x80, 0x40, 0x00, 0x00, 0x50, 0x66, 0x04, 0x00,
  0x81, 0x40, 0x00, 0x00, 0x00, 0x00, 0x00, 0x00, 0x82, 0x40, 0x00, 0x00, 0x00, 0x00, 0x00, 0x00,
  0x83, 0x40, 0x00, 0x00, 0x00, 0x00, 0x00, 0x00, 0x8b, 0x01, 0x00, 0x00, 0x8c, 0x01, 0x00, 0x00,
  0x8a, 0x01, 0x8f, 0x01, 0x85, 0x40, 0x00, 0x00, 0x00, 0x77, 0x01, 0x00, 0x84, 0x40, 0x00, 0x00,
  0x10, 0x00, 0x00, 0x00, 0x86, 0x40, 0x00, 0x00, 0x00, 0x19, 0x00, 0x00, 0x89, 0x01, 0x80, 0xff,
  0x80, 0x01, 0x01, 0x00, 0x06, 0x00, 0x00, 0x00, 0x25, 0x40, 0x00, 0x20, 0x00, 0x00, 0x08, 0x00,
  0x26, 0x40, 0x0e, 0x20, 0x1f, 0xb6, 0xf5, 0x30, 0x24, 0x40, 0x00, 0x00, 0x01, 0x00, 0x00, 0x00,
  0x05, 0x01, 0x41, 0x00, 0x0f, 0x01, 0x01, 0x00, 0x00, 0x40, 0x00, 0x00, 0x50, 0x29, 0x23, 0x00,
  0x01, 0x40, 0x00, 0x00, 0x00, 0x00, 0x00, 0x00, 0x02, 0x40, 0x00, 0x00, 0x00, 0x00, 0x00, 0x00,
  0x03, 0x40, 0x00, 0x00, 0x00, 0x00, 0x00, 0x00, 0x0b, 0x01, 0x02, 0x00, 0x0c, 0x01, 0x02, 0x00,
  0x0a, 0x01, 0x8f, 0x01, 0x05, 0x40, 0x00, 0x00, 0x00, 0x77, 0x01, 0x00, 0x04, 0x40, 0x00, 0x00,
  0x10, 0x00, 0x00, 0x00, 0x06, 0x40, 0x00, 0x00, 0x00, 0x19, 0x00, 0x00, 0x09, 0x01, 0x80, 0xff,
  0x14, 0x01, 0x45, 0x01, 0x10, 0x40, 0x00, 0x00, 0x50, 0x66, 0x04, 0x00, 0x15, 0x40, 0x00, 0x00,
  0x00, 0xdc, 0x05, 0x00, 0x14, 0x40, 0x00, 0x00, 0x40, 0x00, 0x00, 0x00, 0x16, 0x40, 0x00, 0x00,
  0x00, 0x64, 0x00, 0x00, 0x18, 0x01, 0x00, 0x00, 0x25, 0x01, 0x00, 0x10, 0x26, 0x01, 0x00, 0x80,
  0x27, 0x01, 0xff, 0xff, 0x85, 0x01, 0x41, 0x00, 0x8f, 0x01, 0x01, 0x00, 0x80, 0x40, 0x00, 0x00,
  0x50, 0xc4, 0x1e, 0x00, 0x81, 0x40, 0x00, 0x00, 0x00, 0x00, 0x00, 0x00, 0x82, 0x40, 0x00, 0x00,
  0x00, 0x00, 0x00, 0x00, 0x83, 0x40, 0x00, 0x00, 0x00, 0x00, 0x00, 0x00, 0x8b, 0x01, 0x02, 0x00,
  0x8c, 0x01, 0x02, 0x00, 0x8a, 0x01, 0x8f, 0x01, 0x85, 0x40, 0x00, 0x00, 0x00, 0x77, 0x01, 0x00,
  0x84, 0x40, 0x00, 0x00, 0x10, 0x00, 0x00, 0x00, 0x86, 0x40, 0x00, 0x00, 0x00, 0x19, 0x00, 0x00,
  0x89, 0x01, 0x80, 0xff, 0x80, 0x01, 0x00, 0x00, 0x2f, 0x01, 0x07, 0x00, 0x06, 0x00, 0x01, 0x00,
  0x85, 0x01, 0x49, 0x00, 0x80, 0x40, 0x00, 0x00, 0x50, 0x66, 0x04, 0x00, 0x85, 0x40, 0x00, 0x00,
  0x00, 0xdc, 0x05, 0x00, 0x84, 0x40, 0x00, 0x00, 0x40, 0x00, 0x00, 0x00, 0x86, 0x40, 0x00, 0x00,
  0x00, 0x64, 0x00, 0x00, 0x89, 0x01, 0x00, 0x00, 0x00, 0x40, 0x00, 0x00, 0x50, 0x66, 0x04, 0x00,
  0x05, 0x40, 0x00, 0x00, 0x00, 0xdc, 0x05, 0x00, 0x04, 0x40, 0x00, 0x00, 0x40, 0x00, 0x00, 0x00,
  0x06, 0x40, 0x00, 0x00, 0x00, 0x64, 0x00, 0x00, 0x09, 0x01, 0x00, 0x00, 0x14, 0x01, 0x05, 0x19,
  0x10, 0x40, 0x00, 0x00, 0x50, 0xfa, 0x15, 0x00, 0x1b, 0x01, 0x8f, 0x01, 0x1c, 0x01, 0x8f, 0x01,
  0x1a, 0x01, 0xef, 0x00, 0x15, 0x40, 0x00, 0x00, 0x40, 0x0b, 0x00, 0x00, 0x14, 0x40, 0x00, 0x00,
  0x0c, 0x00, 0x00, 0x00, 0x16, 0x40, 0x00, 0x00, 0x04, 0x00, 0x00, 0x00, 0x22, 0x01, 0x00, 0x00,
  0x16, 0x01, 0x00, 0x00, 0x15, 0x01, 0x1f, 0x00, 0x17, 0x01, 0x3f, 0x00, 0x24, 0x01, 0x20, 0x01,
  0x05, 0x00, 0x04, 0x00, 0x25, 0x40, 0x00, 0x00, 0x01, 0x00, 0x00, 0x00, 0x26, 0x40, 0x00, 0x00,
  0x01, 0x00, 0x00, 0x00, 0x24, 0x40, 0x2f, 0x20, 0xc3, 0x87, 0x02, 0x10, 0x05, 0x01, 0x09, 0x00,
  0x00, 0x40, 0x00, 0x00, 0x50, 0xfa, 0x15, 0x00, 0x0b, 0x01, 0x2b, 0x01, 0x0c, 0x01, 0x2b, 0x01,
  0x0a, 0x01, 0x3b, 0x00, 0x04, 0x01, 0x0f, 0x00, 0x05, 0x40, 0x00, 0x00, 0x00, 0x0f, 0x00, 0x00,
  0x06, 0x40, 0x00, 0x00, 0x04, 0x00, 0x00, 0x00, 0x14, 0x01, 0x41, 0x01, 0x10, 0x40, 0x00, 0x00,
  0x50, 0x8e, 0x27, 0x00, 0x12, 0x01, 0x2b, 0x01, 0x11, 0x01, 0x3b, 0x00, 0x13, 0x01, 0x0f, 0x00,
  0x1b, 0x01, 0x2b, 0x01, 0x1c, 0x01, 0x2b, 0x01, 0x1a, 0x01, 0x3b, 0x00, 0x15, 0x40, 0x00, 0x00,
  0xc0, 0x03, 0x00, 0x00, 0x14, 0x40, 0x00, 0x00, 0x10, 0x00, 0x00, 0x00, 0x16, 0x40, 0x00, 0x00,
  0xc0, 0x03, 0x00, 0x00, 0x18, 0x01, 0xca, 0xff, 0x25, 0x01, 0x00, 0x00, 0x26, 0x01, 0x80, 0xff,
  0x27, 0x01, 0x7f, 0x00, 0x80, 0x40, 0x00, 0x00, 0x10, 0x66, 0x04, 0x00, 0x8b, 0x01, 0x00, 0x00,
  0x8c, 0x01, 0x00, 0x00, 0x8a, 0x01, 0x00, 0x00, 0x85, 0x40, 0x00, 0x00, 0x40, 0x00, 0x00, 0x00,
  0x86, 0x40, 0x00, 0x00, 0x40, 0x00, 0x00, 0x00, 0x80, 0x01, 0x07, 0x00, 0x16, 0x01, 0x63, 0x00,
  0x17, 0x01, 0x0f, 0x00, 0x24, 0x01, 0x00, 0x01, 0x2f, 0x01, 0x00, 0x00, 0x06, 0x00, 0x02, 0x00,
  0x05, 0x01, 0x41, 0x00, 0x00, 0x40, 0x00, 0x00, 0x50, 0x8e, 0x27, 0x00, 0x05, 0x40, 0x00, 0x00,
  0xc0, 0x03, 0x00, 0x00, 0x04, 0x40, 0x00, 0x00, 0x10, 0x00, 0x00, 0x00, 0x06, 0x40, 0x00, 0x00,
  0xc0, 0x03, 0x00, 0x00, 0x14, 0x01, 0x01, 0x01, 0x10, 0x40, 0x00, 0x00, 0x50, 0xfa, 0x15, 0x00,
  0x16, 0x40, 0x00, 0x00, 0x01, 0x00, 0x00, 0x00, 0x18, 0x01, 0x00, 0x00, 0x26, 0x01, 0xca, 0xff,
  0x24, 0x40, 0x00, 0x00, 0x01, 0x00, 0x00, 0x00, 0x16, 0x01, 0x22, 0x00, 0x15, 0x01, 0x05, 0x00,
  0x2f, 0x01, 0x05, 0x00, 0x05, 0x00, 0x03, 0x00, 0x30, 0x40, 0x00, 0x00, 0x00, 0x06, 0x00, 0x00,
  0x31, 0x40, 0x00, 0x00, 0x00, 0x00, 0x00, 0x00, 0x32, 0x40, 0x00, 0x00, 0xc0, 0x00, 0x00, 0x00,
  0x10, 0x00, 0x00, 0x00, 0x24, 0x40, 0x28, 0x20, 0x03, 0x9b, 0x89, 0x2d, 0x05, 0x01, 0x01, 0x00,
  0x00, 0x40, 0x00, 0x00, 0x50, 0xfa, 0x15, 0x00, 0x0b, 0x01, 0x13, 0x00, 0x0c, 0x01, 0x13, 0x00,
  0x0a, 0x01, 0x0b, 0x00, 0x04, 0x01, 0x02, 0x00, 0x05, 0x40, 0x00, 0x00, 0x40, 0x0b, 0x00, 0x00,
  0x04, 0x40, 0x00, 0x00, 0x0c, 0x00, 0x00, 0x00, 0x06, 0x40, 0x00, 0x00, 0x01, 0x00, 0x00, 0x00,
  0x09, 0x01, 0xca, 0xff, 0x14, 0x01, 0x41, 0xc0, 0x10, 0x40, 0x00, 0x00, 0xc0, 0x00, 0x00, 0x00,
  0x12, 0x01, 0x13, 0x00, 0x11, 0x01, 0x0b, 0x00, 0x13, 0x01, 0x02, 0x00, 0x1b, 0x01, 0x13, 0x00,
  0x1c, 0x01, 0x13, 0x00, 0x1a, 0x01, 0x0b, 0x00, 0x16, 0x40, 0x00, 0x00, 0xc0, 0x03, 0x00, 0x00,
  0x18, 0x01, 0x80, 0xff, 0x20, 0x40, 0x00, 0x00, 0xa0, 0x00, 0x00, 0x00, 0x21, 0x40, 0x00, 0x00,
  0x20, 0x00, 0x00, 0x00, 0x22, 0x40, 0x00, 0x00, 0x00, 0x00, 0x00, 0x00, 0x26, 0x01, 0x80, 0xff,
  0x16, 0x01, 0x13, 0x00, 0x15, 0x01, 0x0b, 0x00, 0x24, 0x01, 0x40, 0x01, 0x2f, 0x01, 0x00, 0x00,
  0x11, 0x00, 0x00, 0x00, 0x03, 0x00, 0x00, 0x00, 0x00, 0x40, 0x00, 0x00, 0x53, 0xfa, 0x15, 0x00,
  0x24, 0x01, 0x50, 0x01, 0x2f, 0x01, 0x07, 0x00, 0x03, 0x00, 0x00, 0x00, 0x00, 0x40, 0x00, 0x00,
  0x56, 0xfa, 0x15, 0x00, 0x03, 0x00, 0x00, 0x00, 0x00, 0x40, 0x00, 0x00, 0x59, 0xfa, 0x15, 0x00,
  0x03, 0x00, 0x00, 0x00, 0x00, 0x40, 0x00, 0x00, 0x20, 0xfd, 0x15, 0x00, 0x03, 0x00, 0x00, 0x00,
  0x00, 0x40, 0x00, 0x00, 0x23, 0xfd, 0x15, 0x00, 0x03, 0x00, 0x00, 0x00, 0x00, 0x40, 0x00, 0x00,
  0x26, 0xfd, 0x15, 0x00, 0x03, 0x00, 0x00, 0x00, 0x00, 0x40, 0x00, 0x00, 0x29, 0xfd, 0x15, 0x00,
  0x03, 0x00, 0x00, 0x00, 0x00, 0x40, 0x00, 0x00, 0xf0, 0xff, 0x15, 0x00, 0x03, 0x00, 0x00, 0x00,
  0x00, 0x40, 0x00, 0x00, 0xf3, 0xff, 0x15, 0x00, 0x03, 0x00, 0x00, 0x00, 0x00, 0x40, 0x00, 0x00,
  0xf6, 0xff, 0x15, 0x00, 0x03, 0x00, 0x00, 0x00, 0x00, 0x40, 0x00, 0x00, 0xf9, 0xff, 0x15, 0x00,
  0x03, 0x00, 0x00, 0x00, 0x00, 0x40, 0x00, 0x00, 0xc0, 0x02, 0x16, 0x00, 0x03, 0x00, 0x00, 0x00,
  0x00, 0x40, 0x00, 0x00, 0xc3, 0x02, 0x16, 0x00, 0x03, 0x00, 0x00, 0x00, 0x00, 0x40, 0x00, 0x00,
  0xc6, 0x02, 0x16, 0x00, 0x03, 0x00, 0x00, 0x00, 0x00, 0x40, 0x00, 0x00, 0xc9, 0x02, 0x16, 0x00,
  0x14, 0x01, 0x41, 0x00, 0x24, 0x01, 0x10, 0x01, 0x03, 0x00, 0x00, 0x00, 0x00, 0x40, 0x00, 0x00,
  0xe0, 0xfa, 0x15, 0x00, 0x14, 0x01, 0x41, 0xc0, 0x10, 0x40, 0x00, 0x00, 0x80, 0x01, 0x00, 0x00,
  0x24, 0x01, 0x40, 0x01, 0x03, 0x00, 0x00, 0x00, 0x00, 0x40, 0x00, 0x00, 0xe3, 0xfa, 0x15, 0x00,
  0x24, 0x01, 0x50, 0x01, 0x03, 0x00, 0x00, 0x00, 0x00, 0x40, 0x00, 0x00, 0xe6, 0xfa, 0x15, 0x00,
  0x03, 0x00, 0x00, 0x00, 0x00, 0x40, 0x00, 0x00, 0xe9, 0xfa, 0x15, 0x00, 0x03, 0x00, 0x00, 0x00,
  0x00, 0x40, 0x00, 0x00, 0xb0, 0xfd, 0x15, 0x00, 0x03, 0x00, 0x00, 0x00, 0x00, 0x40, 0x00, 0x00,
  0xb3, 0xfd, 0x15, 0x00, 0x03, 0x00, 0x00, 0x00, 0x00, 0x40, 0x00, 0x00, 0xb6, 0xfd, 0x15, 0x00,
  0x03, 0x00, 0x00, 0x00, 0x00, 0x40, 0x00, 0x00, 0xb9, 0xfd, 0x15, 0x00, 0x03, 0x00, 0x00, 0x00,
  0x00, 0x40, 0x00, 0x00, 0x80, 0x00, 0x16, 0x00, 0x03, 0x00, 0x00, 0x00, 0x00, 0x40, 0x00, 0x00,
  0x83, 0x00, 0x16, 0x00, 0x03, 0x00, 0x00, 0x00, 0x00, 0x40, 0x00, 0x00, 0x86, 0x00, 0x16, 0x00,
  0x03, 0x00, 0x00, 0x00, 0x00, 0x40, 0x00, 0x00, 0x89, 0x00, 0x16, 0x00, 0x03, 0x00, 0x00, 0x00,
  0x00, 0x40, 0x00, 0x00, 0x50, 0x03, 0x16, 0x00, 0x03, 0x00, 0x00, 0x00, 0x00, 0x40, 0x00, 0x00,
  0x53, 0x03, 0x16, 0x00, 0x03, 0x00, 0x00, 0x00, 0x00, 0x40, 0x00, 0x00, 0x56, 0x03, 0x16, 0x00,
  0x03, 0x00, 0x00, 0x00, 0x00, 0x40, 0x00, 0x00, 0x59, 0x03, 0x16, 0x00, 0x14, 0x01, 0x41, 0x00,
  0x24, 0x01, 0x10, 0x01, 0x03, 0x00, 0x00, 0x00, 0x00, 0x40, 0x00, 0x00, 0x70, 0xfb, 0x15, 0x00,
  0x14, 0x01, 0x41, 0xc0, 0x10, 0x40, 0x00, 0x00, 0x40, 0x02, 0x00, 0x00, 0x24, 0x01, 0x40, 0x01,
  0x03, 0x00, 0x00, 0x00, 0x00, 0x40, 0x00, 0x00, 0x73, 0xfb, 0x15, 0x00, 0x24, 0x01, 0x50, 0x01,
  0x03, 0x00, 0x00, 0x00, 0x00, 0x40, 0x00, 0x00, 0x76, 0xfb, 0x15, 0x00, 0x03, 0x00, 0x00, 0x00,
  0x00, 0x40, 0x00, 0x00, 0x79, 0xfb, 0x15, 0x00, 0x03, 0x00, 0x00, 0x00, 0x00, 0x40, 0x00, 0x00,
  0x40, 0xfe, 0x15, 0x00, 0x03, 0x00, 0x00, 0x00, 0x00, 0x40, 0x00, 0x00, 0x43, 0xfe, 0x15, 0x00,
  0x03, 0x00, 0x00, 0x00, 0x00, 0x40, 0x00, 0x00, 0x46, 0xfe, 0x15, 0x00, 0x03, 0x00, 0x00, 0x00,
  0x00, 0x40, 0x00, 0x00, 0x49, 0xfe, 0x15, 0x00, 0x03, 0x00, 0x00, 0x00, 0x00, 0x40, 0x00, 0x00,
  0x10, 0x01, 0x16, 0x00, 0x03, 0x00, 0x00, 0x00, 0x00, 0x40, 0x00, 0x00, 0x13, 0x01, 0x16, 0x00,
  0x03, 0x00, 0x00, 0x00, 0x00, 0x40, 0x00, 0x00, 0x16, 0x01, 0x16, 0x00, 0x03, 0x00, 0x00, 0x00,
  0x00, 0x40, 0x00, 0x00, 0x19, 0x01, 0x16, 0x00, 0x03, 0x00, 0x00, 0x00, 0x00, 0x40, 0x00, 0x00,
  0xe0, 0x03, 0x16, 0x00, 0x03, 0x00, 0x00, 0x00, 0x00, 0x40, 0x00, 0x00, 0xe3, 0x03, 0x16, 0x00,
  0x03, 0x00, 0x00, 0x00, 0x00, 0x40, 0x00, 0x00, 0xe6, 0x03, 0x16, 0x00, 0x03, 0x00, 0x00, 0x00,
  0x00, 0x40, 0x00, 0x00, 0xe9, 0x03, 0x16, 0x00, 0x14, 0x01, 0x41, 0x00, 0x24, 0x01, 0x10, 0x01,
  0x03, 0x00, 0x00, 0x00, 0x00, 0x40, 0x00, 0x00, 0x00, 0xfc, 0x15, 0x00, 0x14, 0x01, 0x41, 0xc0,
  0x10, 0x40, 0x00, 0x00, 0x00, 0x03, 0x00, 0x00, 0x24, 0x01, 0x40, 0x01, 0x03, 0x00, 0x00, 0x00,
  0x00, 0x40, 0x00, 0x00, 0x03, 0xfc, 0x15, 0x00, 0x24, 0x01, 0x50, 0x01, 0x03, 0x00, 0x00, 0x00,
  0x00, 0x40, 0x00, 0x00, 0x06, 0xfc, 0x15, 0x00, 0x03, 0x00, 0x00, 0x00, 0x00, 0x40, 0x00, 0x00,
  0x09, 0xfc, 0x15, 0x00, 0x03, 0x00, 0x00, 0x00, 0x00, 0x40, 0x00, 0x00, 0xd0, 0xfe, 0x15, 0x00,
  0x03, 0x00, 0x00, 0x00, 0x00, 0x40, 0x00, 0x00, 0xd3, 0xfe, 0x15, 0x00, 0x03, 0x00, 0x00, 0x00,
  0x00, 0x40, 0x00, 0x00, 0xd6, 0xfe, 0x15, 0x00, 0x03, 0x00, 0x00, 0x00, 0x00, 0x40, 0x00, 0x00,
  0xd9, 0xfe, 0x15, 0x00, 0x03, 0x00, 0x00, 0x00, 0x00, 0x40, 0x00, 0x00, 0xa0, 0x01, 0x16, 0x00,
  0x03, 0x00, 0x00, 0x00, 0x00, 0x40, 0x00, 0x00, 0xa3, 0x01, 0x16, 0x00, 0x03, 0x00, 0x00, 0x00,
  0x00, 0x40, 0x00, 0x00, 0xa6, 0x01, 0x16, 0x00, 0x03, 0x00, 0x00, 0x00, 0x00, 0x40, 0x00, 0x00,
  0xa9, 0x01, 0x16, 0x00, 0x03, 0x00, 0x00, 0x00, 0x00, 0x40, 0x00, 0x00, 0x70, 0x04, 0x16, 0x00,
  0x03, 0x00, 0x00, 0x00, 0x00, 0x40, 0x00, 0x00, 0x73, 0x04, 0x16, 0x00, 0x03, 0x00, 0x00, 0x00,
  0x00, 0x40, 0x00, 0x00, 0x76, 0x04, 0x16, 0x00, 0x03, 0x00, 0x00, 0x00, 0x00, 0x40, 0x00, 0x00,
  0x79, 0x04, 0x16, 0x00, 0x14, 0x01, 0x41, 0x00, 0x24, 0x01, 0x10, 0x01, 0x03, 0x00, 0x00, 0x00,
  0x00, 0x40, 0x00, 0x00, 0x90, 0xfc, 0x15, 0x00, 0x14, 0x01, 0x41, 0xc0, 0x10, 0x40, 0x00, 0x00,
  0xc0, 0x03, 0x00, 0x00, 0x24, 0x01, 0x40, 0x01, 0x03, 0x00, 0x00, 0x00, 0x00, 0x40, 0x00, 0x00,
  0x93, 0xfc, 0x15, 0x00, 0x24, 0x01, 0x50, 0x01, 0x03, 0x00, 0x00, 0x00, 0x00, 0x40, 0x00, 0x00,
  0x96, 0xfc, 0x15, 0x00, 0x03, 0x00, 0x00, 0x00, 0x00, 0x40, 0x00, 0x00, 0x99, 0xfc, 0x15, 0x00,
  0x03, 0x00, 0x00, 0x00, 0x00, 0x40, 0x00, 0x00, 0x60, 0xff, 0x15, 0x00, 0x03, 0x00, 0x00, 0x00,
  0x00, 0x40, 0x00, 0x00, 0x63, 0xff, 0x15, 0x00, 0x03, 0x00, 0x00, 0x00, 0x00, 0x40, 0x00, 0x00,
  0x66, 0xff, 0x15, 0x00, 0x03, 0x00, 0x00, 0x00, 0x00, 0x40, 0x00, 0x00, 0x69, 0xff, 0x15, 0x00,
  0x03, 0x00, 0x00, 0x00, 0x00, 0x40, 0x00, 0x00, 0x30, 0x02, 0x16, 0x00, 0x03, 0x00, 0x00, 0x00,
  0x00, 0x40, 0x00, 0x00, 0x33, 0x02, 0x16, 0x00, 0x03, 0x00, 0x00, 0x00, 0x00, 0x40, 0x00, 0x00,
  0x36, 0x02, 0x16, 0x00, 0x03, 0x00, 0x00, 0x00, 0x00, 0x40, 0x00, 0x00, 0x39, 0x02, 0x16, 0x00,
  0x03, 0x00, 0x00, 0x00, 0x00, 0x40, 0x00, 0x00, 0x00, 0x05, 0x16, 0x00, 0x03, 0x00, 0x00, 0x00,
  0x00, 0x40, 0x00, 0x00, 0x03, 0x05, 0x16, 0x00, 0x03, 0x00, 0x00, 0x00, 0x00, 0x40, 0x00, 0x00,
  0x06, 0x05, 0x16, 0x00, 0x03, 0x00, 0x00, 0x00, 0x00, 0x40, 0x00, 0x00, 0x09, 0x05, 0x16, 0x00,
  0x14, 0x01, 0x41, 0x00, 0x24, 0x01, 0x10, 0x01, 0x03, 0x00, 0x00, 0x00, 0x00, 0x40, 0x00, 0x00,
  0x50, 0xdb, 0x16, 0x00, 0x14, 0x01, 0x41, 0xc0, 0x10, 0x40, 0x00, 0x00, 0xc0, 0x4b, 0x00, 0x00,
  0x24, 0x01, 0x40, 0x01, 0x03, 0x00, 0x00, 0x00, 0x00, 0x40, 0x00, 0x00, 0x53, 0xdb, 0x16, 0x00,
  0x24, 0x01, 0x50, 0x01, 0x03, 0x00, 0x00, 0x00, 0x00, 0x40, 0x00, 0x00, 0x56, 0xdb, 0x16, 0x00,
  0x03, 0x00, 0x00, 0x00, 0x00, 0x40, 0x00, 0x00, 0x59, 0xdb, 0x16, 0x00, 0x03, 0x00, 0x00, 0x00,
  0x00, 0x40, 0x00, 0x00, 0x20, 0xde, 0x16, 0x00, 0x03, 0x00, 0x00, 0x00, 0x00, 0x40, 0x00, 0x00,
  0x23, 0xde, 0x16, 0x00, 0x03, 0x00, 0x00, 0x00, 0x00, 0x40, 0x00, 0x00, 0x26, 0xde, 0x16, 0x00,
  0x03, 0x00, 0x00, 0x00, 0x00, 0x40, 0x00, 0x00, 0x29, 0xde, 0x16, 0x00, 0x03, 0x00, 0x00, 0x00,
  0x00, 0x40, 0x00, 0x00, 0xf0, 0xe0, 0x16, 0x00, 0x03, 0x00, 0x00, 0x00, 0x00, 0x40, 0x00, 0x00,
  0xf3, 0xe0, 0x16, 0x00, 0x03, 0x00, 0x00, 0x00, 0x00, 0x40, 0x00, 0x00, 0xf6, 0xe0, 0x16, 0x00,
  0x03, 0x00, 0x00, 0x00, 0x00, 0x40, 0x00, 0x00, 0xf9, 0xe0, 0x16, 0x00, 0x03, 0x00, 0x00, 0x00,
  0x00, 0x40, 0x00, 0x00, 0xc0, 0xe3, 0x16, 0x00, 0x03, 0x00, 0x00, 0x00, 0x00, 0x40, 0x00, 0x00,
  0xc3, 0xe3, 0x16, 0x00, 0x03, 0x00, 0x00, 0x00, 0x00, 0x40, 0x00, 0x00, 0xc6, 0xe3, 0x16, 0x00,
  0x03, 0x00, 0x00, 0x00, 0x00, 0x40, 0x00, 0x00, 0xc9, 0xe3, 0x16, 0x00, 0x14, 0x01, 0x41, 0x00,
  0x24, 0x01, 0x10, 0x01, 0x03, 0x00, 0x00, 0x00, 0x00, 0x40, 0x00, 0x00, 0xe0, 0xdb, 0x16, 0x00,
  0x14, 0x01, 0x41, 0xc0, 0x10, 0x40, 0x00, 0x00, 0x80, 0x4c, 0x00, 0x00, 0x24, 0x01, 0x40, 0x01,
  0x03, 0x00, 0x00, 0x00, 0x00, 0x40, 0x00, 0x00, 0xe3, 0xdb, 0x16, 0x00, 0x24, 0x01, 0x50, 0x01,
  0x03, 0x00, 0x00, 0x00, 0x00, 0x40, 0x00, 0x00, 0xe6, 0xdb, 0x16, 0x00, 0x03, 0x00, 0x00, 0x00,
  0x00, 0x40, 0x00, 0x00, 0xe9, 0xdb, 0x16, 0x00, 0x03, 0x00, 0x00, 0x00, 0x00, 0x40, 0x00, 0x00,
  0xb0, 0xde, 0x16, 0x00, 0x03, 0x00, 0x00, 0x00, 0x00, 0x40, 0x00, 0x00, 0xb3, 0xde, 0x16, 0x00,
  0x03, 0x00, 0x00, 0x00, 0x00, 0x40, 0x00, 0x00, 0xb6, 0xde, 0x16, 0x00, 0x03, 0x00, 0x00, 0x00,
  0x00, 0x40, 0x00, 0x00, 0xb9, 0xde, 0x16, 0x00, 0x03, 0x00, 0x00, 0x00, 0x00, 0x40, 0x00, 0x00,
  0x80, 0xe1, 0x16, 0x00, 0x03, 0x00, 0x00, 0x00, 0x00, 0x40, 0x00, 0x00, 0x83, 0xe1, 0x16, 0x00,
  0x03, 0x00, 0x00, 0x00, 0x00, 0x40, 0x00, 0x00, 0x86, 0xe1, 0x16, 0x00, 0x03, 0x00, 0x00, 0x00,
  0x00, 0x40, 0x00, 0x00, 0x89, 0xe1, 0x16, 0x00, 0x03, 0x00, 0x00, 0x00, 0x00, 0x40, 0x00, 0x00,
  0x50, 0xe4, 0x16, 0x00, 0x03, 0x00, 0x00, 0x00, 0x00, 0x40, 0x00, 0x00, 0x53, 0xe4, 0x16, 0x00,
  0x03, 0x00, 0x00, 0x00, 0x00, 0x40, 0x00, 0x00, 0x56, 0xe4, 0x16, 0x00, 0x03, 0x00, 0x00, 0x00,
  0x00, 0x40, 0x00, 0x00, 0x59, 0xe4, 0x16, 0x00, 0x14, 0x01, 0x41, 0x00, 0x24, 0x01, 0x10, 0x01,
  0x03, 0x00, 0x00, 0x00, 0x00, 0x40, 0x00, 0x00, 0x70, 0xdc, 0x16, 0x00, 0x14, 0x01, 0x41, 0xc0,
  0x10, 0x40, 0x00, 0x00, 0x40, 0x4d, 0x00, 0x00, 0x24, 0x01, 0x40, 0x01, 0x03, 0x00, 0x00, 0x00,
  0x00, 0x40, 0x00, 0x00, 0x73, 0xdc, 0x16, 0x00, 0x24, 0x01, 0x50, 0x01, 0x03, 0x00, 0x00, 0x00,
  0x00, 0x40, 0x00, 0x00, 0x76, 0xdc, 0x16, 0x00, 0x03, 0x00, 0x00, 0x00, 0x00, 0x40, 0x00, 0x00,
  0x79, 0xdc, 0x16, 0x00, 0x03, 0x00, 0x00, 0x00, 0x00, 0x40, 0x00, 0x00, 0x40, 0xdf, 0x16, 0x00,
  0x03, 0x00, 0x00, 0x00, 0x00, 0x40, 0x00, 0x00, 0x43, 0xdf, 0x16, 0x00, 0x03, 0x00, 0x00, 0x00,
  0x00, 0x40, 0x00, 0x00, 0x46, 0xdf, 0x16, 0x00, 0x03, 0x00, 0x00, 0x00, 0x00, 0x40, 0x00, 0x00,
  0x49, 0xdf, 0x16, 0x00, 0x03, 0x00, 0x00, 0x00, 0x00, 0x40, 0x00, 0x00, 0x10, 0xe2, 0x16, 0x00,
  0x03, 0x00, 0x00, 0x00, 0x00, 0x40, 0x00, 0x00, 0x13, 0xe2, 0x16, 0x00, 0x03, 0x00, 0x00, 0x00,
  0x00, 0x40, 0x00, 0x00, 0x16, 0xe2, 0x16, 0x00, 0x03, 0x00, 0x00, 0x00, 0x00, 0x40, 0x00, 0x00,
  0x19, 0xe2, 0x16, 0x00, 0x03, 0x00, 0x00, 0x00, 0x00, 0x40, 0x00, 0x00, 0xe0, 0xe4, 0x16, 0x00,
  0x03, 0x00, 0x00, 0x00, 0x00, 0x40, 0x00, 0x00, 0xe3, 0xe4, 0x16, 0x00, 0x03, 0x00, 0x00, 0x00,
  0x00, 0x40, 0x00, 0x00, 0xe6, 0xe4, 0x16, 0x00, 0x03, 0x00, 0x00, 0x00, 0x00, 0x40, 0x00, 0x00,
  0xe9, 0xe4, 0x16, 0x00, 0x14, 0x01, 0x41, 0x00, 0x24, 0x01, 0x10, 0x01, 0x03, 0x00, 0x00, 0x00,
  0x00, 0x40, 0x00, 0x00, 0x00, 0xdd, 0x16, 0x00, 0x14, 0x01, 0x41, 0xc0, 0x10, 0x40, 0x00, 0x00,
  0x00, 0x4e, 0x00, 0x00, 0x24, 0x01, 0x40, 0x01, 0x03, 0x00, 0x00, 0x00, 0x00, 0x40, 0x00, 0x00,
  0x03, 0xdd, 0x16, 0x00, 0x24, 0x01, 0x50, 0x01, 0x03, 0x00, 0x00, 0x00, 0x00, 0x40, 0x00, 0x00,
  0x06, 0xdd, 0x16, 0x00, 0x03, 0x00, 0x00, 0x00, 0x00, 0x40, 0x00, 0x00, 0x09, 0xdd, 0x16, 0x00,
  0x03, 0x00, 0x00, 0x00, 0x00, 0x40, 0x00, 0x00, 0xd0, 0xdf, 0x16, 0x00, 0x03, 0x00, 0x00, 0x00,
  0x00, 0x40, 0x00, 0x00, 0xd3, 0xdf, 0x16, 0x00, 0x03, 0x00, 0x00, 0x00, 0x00, 0x40, 0x00, 0x00,
  0xd6, 0xdf, 0x16, 0x00, 0x03, 0x00, 0x00, 0x00, 0x00, 0x40, 0x00, 0x00, 0xd9, 0xdf, 0x16, 0x00,
  0x03, 0x00, 0x00, 0x00, 0x00, 0x40, 0x00, 0x00, 0xa0, 0xe2, 0x16, 0x00, 0x03, 0x00, 0x00, 0x00,
  0x00, 0x40, 0x00, 0x00, 0xa3, 0xe2, 0x16, 0x00, 0x03, 0x00, 0x00, 0x00, 0x00, 0x40, 0x00, 0x00,
  0xa6, 0xe2, 0x16, 0x00, 0x03, 0x00, 0x00, 0x00, 0x00, 0x40, 0x00, 0x00, 0xa9, 0xe2, 0x16, 0x00,
  0x03, 0x00, 0x00, 0x00, 0x00, 0x40, 0x00, 0x00, 0x70, 0xe5, 0x16, 0x00, 0x03, 0x00, 0x00, 0x00,
  0x00, 0x40, 0x00, 0x00, 0x73, 0xe5, 0x16, 0x00, 0x03, 0x00, 0x00, 0x00, 0x00, 0x40, 0x00, 0x00,
  0x76, 0xe5, 0x16, 0x00, 0x03, 0x00, 0x00, 0x00, 0x00, 0x40, 0x00, 0x00, 0x79, 0xe5, 0x16, 0x00,
  0x14, 0x01, 0x41, 0x00, 0x24, 0x01, 0x10, 0x01, 0x03, 0x00, 0x00, 0x00, 0x00, 0x40, 0x00, 0x00,
  0x90, 0xdd, 0x16, 0x00, 0x14, 0x01, 0x41, 0xc0, 0x10, 0x40, 0x00, 0x00, 0xc0, 0x4e, 0x00, 0x00,
  0x24, 0x01, 0x40, 0x01, 0x03, 0x00, 0x00, 0x00, 0x00, 0x40, 0x00, 0x00, 0x93, 0xdd, 0x16, 0x00,
  0x24, 0x01, 0x50, 0x01, 0x03, 0x00, 0x00, 0x00, 0x00, 0x40, 0x00, 0x00, 0x96, 0xdd, 0x16, 0x00,
  0x03, 0x00, 0x00, 0x00, 0x00, 0x40, 0x00, 0x00, 0x99, 0xdd, 0x16, 0x00, 0x03, 0x00, 0x00, 0x00,
  0x00, 0x40, 0x00, 0x00, 0x60, 0xe0, 0x16, 0x00, 0x03, 0x00, 0x00, 0x00, 0x00, 0x40, 0x00, 0x00,
  0x63, 0xe0, 0x16, 0x00, 0x03, 0x00, 0x00, 0x00, 0x00, 0x40, 0x00, 0x00, 0x66, 0xe0, 0x16, 0x00,
  0x03, 0x00, 0x00, 0x00, 0x00, 0x40, 0x00, 0x00, 0x69, 0xe0, 0x16, 0x00, 0x03, 0x00, 0x00, 0x00,
  0x00, 0x40, 0x00, 0x00, 0x30, 0xe3, 0x16, 0x00, 0x03, 0x00, 0x00, 0x00, 0x00, 0x40, 0x00, 0x00,
  0x33, 0xe3, 0x16, 0x00, 0x03, 0x00, 0x00, 0x00, 0x00, 0x40, 0x00, 0x00, 0x36, 0xe3, 0x16, 0x00,
  0x03, 0x00, 0x00, 0x00, 0x00, 0x40, 0x00, 0x00, 0x39, 0xe3, 0x16, 0x00, 0x03, 0x00, 0x00, 0x00,
  0x00, 0x40, 0x00, 0x00, 0x00, 0xe6, 0x16, 0x00, 0x03, 0x00, 0x00, 0x00, 0x00, 0x40, 0x00, 0x00,
  0x03, 0xe6, 0x16, 0x00, 0x03, 0x00, 0x00, 0x00, 0x00, 0x40, 0x00, 0x00, 0x06, 0xe6, 0x16, 0x00,
  0x03, 0x00, 0x00, 0x00, 0x00, 0x40, 0x00, 0x00, 0x09, 0xe6, 0x16, 0x00, 0x14, 0x01, 0x41, 0x00,
  0x24, 0x01, 0x10, 0x01, 0x03, 0x00, 0x00, 0x00, 0x00, 0x40, 0x00, 0x00, 0x50, 0xbc, 0x17, 0x00,
  0x14, 0x01, 0x41, 0xc0, 0x10, 0x40, 0x00, 0x00, 0xc0, 0x96, 0x00, 0x00, 0x24, 0x01, 0x40, 0x01,
  0x03, 0x00, 0x00, 0x00, 0x00, 0x40, 0x00, 0x00, 0x53, 0xbc, 0x17, 0x00, 0x24, 0x01, 0x50, 0x01,
  0x03, 0x00, 0x00, 0x00, 0x00, 0x40, 0x00, 0x00, 0x56, 0xbc, 0x17, 0x00, 0x03, 0x00, 0x00, 0x00,
  0x00, 0x40, 0x00, 0x00, 0x59, 0xbc, 0x17, 0x00, 0x03, 0x00, 0x00, 0x00, 0x00, 0x40, 0x00, 0x00,
  0x20, 0xbf, 0x17, 0x00, 0x03, 0x00, 0x00, 0x00, 0x00, 0x40, 0x00, 0x00, 0x23, 0xbf, 0x17, 0x00,
  0x03, 0x00, 0x00, 0x00, 0x00, 0x40, 0x00, 0x00, 0x26, 0xbf, 0x17, 0x00, 0x03, 0x00, 0x00, 0x00,
  0x00, 0x40, 0x00, 0x00, 0x29, 0xbf, 0x17, 0x00, 0x03, 0x00, 0x00, 0x00, 0x00, 0x40, 0x00, 0x00,
  0xf0, 0xc1, 0x17, 0x00, 0x03, 0x00, 0x00, 0x00, 0x00, 0x40, 0x00, 0x00, 0xf3, 0xc1, 0x17, 0x00,
  0x03, 0x00, 0x00, 0x00, 0x00, 0x40, 0x00, 0x00, 0xf6, 0xc1, 0x17, 0x00, 0x03, 0x00, 0x00, 0x00,
  0x00, 0x40, 0x00, 0x00, 0xf9, 0xc1, 0x17, 0x00, 0x03, 0x00, 0x00, 0x00, 0x00, 0x40, 0x00, 0x00,
  0xc0, 0xc4, 0x17, 0x00, 0x03, 0x00, 0x00, 0x00, 0x00, 0x40, 0x00, 0x00, 0xc3, 0xc4, 0x17, 0x00,
  0x03, 0x00, 0x00, 0x00, 0x00, 0x40, 0x00, 0x00, 0xc6, 0xc4, 0x17, 0x00, 0x03, 0x00, 0x00, 0x00,
  0x00, 0x40, 0x00, 0x00, 0xc9, 0xc4, 0x17, 0x00, 0x14, 0x01, 0x41, 0x00, 0x24, 0x01, 0x10, 0x01,
  0x03, 0x00, 0x00, 0x00, 0x00, 0x40, 0x00, 0x00, 0xe0, 0xbc, 0x17, 0x00, 0x14, 0x01, 0x41, 0xc0,
  0x10, 0x40, 0x00, 0x00, 0x80, 0x97, 0x00, 0x00, 0x24, 0x01, 0x40, 0x01, 0x03, 0x00, 0x00, 0x00,
  0x00, 0x40, 0x00, 0x00, 0xe3, 0xbc, 0x17, 0x00, 0x24, 0x01, 0x50, 0x01, 0x03, 0x00, 0x00, 0x00,
  0x00, 0x40, 0x00, 0x00, 0xe6, 0xbc, 0x17, 0x00, 0x03, 0x00, 0x00, 0x00, 0x00, 0x40, 0x00, 0x00,
  0xe9, 0xbc, 0x17, 0x00, 0x03, 0x00, 0x00, 0x00, 0x00, 0x40, 0x00, 0x00, 0xb0, 0xbf, 0x17, 0x00,
  0x03, 0x00, 0x00, 0x00, 0x00, 0x40, 0x00, 0x00, 0xb3, 0xbf, 0x17, 0x00, 0x03, 0x00, 0x00, 0x00,
  0x00, 0x40, 0x00, 0x00, 0xb6, 0xbf, 0x17, 0x00, 0x03, 0x00, 0x00, 0x00, 0x00, 0x40, 0x00, 0x00,
  0xb9, 0xbf, 0x17, 0x00, 0x03, 0x00, 0x00, 0x00, 0x00, 0x40, 0x00, 0x00, 0x80, 0xc2, 0x17, 0x00,
  0x03, 0x00, 0x00, 0x00, 0x00, 0x40, 0x00, 0x00, 0x83, 0xc2, 0x17, 0x00, 0x03, 0x00, 0x00, 0x00,
  0x00, 0x40, 0x00, 0x00, 0x86, 0xc2, 0x17, 0x00, 0x03, 0x00, 0x00, 0x00, 0x00, 0x40, 0x00, 0x00,
  0x89, 0xc2, 0x17, 0x00, 0x03, 0x00, 0x00, 0x00, 0x00, 0x40, 0x00, 0x00, 0x50, 0xc5, 0x17, 0x00,
  0x03, 0x00, 0x00, 0x00, 0x00, 0x40, 0x00, 0x00, 0x53, 0xc5, 0x17, 0x00, 0x03, 0x00, 0x00, 0x00,
  0x00, 0x40, 0x00, 0x00, 0x56, 0xc5, 0x17, 0x00, 0x03, 0x00, 0x00, 0x00, 0x00, 0x40, 0x00, 0x00,
  0x59, 0xc5, 0x17, 0x00, 0x14, 0x01, 0x41, 0x00, 0x24, 0x01, 0x10, 0x01, 0x03, 0x00, 0x00, 0x00,
  0x00, 0x40, 0x00, 0x00, 0x70, 0xbd, 0x17, 0x00, 0x14, 0x01, 0x41, 0xc0, 0x10, 0x40, 0x00, 0x00,
  0x40, 0x98, 0x00, 0x00, 0x24, 0x01, 0x40, 0x01, 0x03, 0x00, 0x00, 0x00, 0x00, 0x40, 0x00, 0x00,
  0x73, 0xbd, 0x17, 0x00, 0x24, 0x01, 0x50, 0x01, 0x03, 0x00, 0x00, 0x00, 0x00, 0x40, 0x00, 0x00,
  0x76, 0xbd, 0x17, 0x00, 0x03, 0x00, 0x00, 0x00, 0x00, 0x40, 0x00, 0x00, 0x79, 0xbd, 0x17, 0x00,
  0x03, 0x00, 0x00, 0x00, 0x00, 0x40, 0x00, 0x00, 0x40, 0xc0, 0x17, 0x00, 0x03, 0x00, 0x00, 0x00,
  0x00, 0x40, 0x00, 0x00, 0x43, 0xc0, 0x17, 0x00, 0x03, 0x00, 0x00, 0x00, 0x00, 0x40, 0x00, 0x00,
  0x46, 0xc0, 0x17, 0x00, 0x03, 0x00, 0x00, 0x00, 0x00, 0x40, 0x00, 0x00, 0x49, 0xc0, 0x17, 0x00,
  0x03, 0x00, 0x00, 0x00, 0x00, 0x40, 0x00, 0x00, 0x10, 0xc3, 0x17, 0x00, 0x03, 0x00, 0x00, 0x00,
  0x00, 0x40, 0x00, 0x00, 0x13, 0xc3, 0x17, 0x00, 0x03, 0x00, 0x00, 0x00, 0x00, 0x40, 0x00, 0x00,
  0x16, 0xc3, 0x17, 0x00, 0x03, 0x00, 0x00, 0x00, 0x00, 0x40, 0x00, 0x00, 0x19, 0xc3, 0x17, 0x00,
  0x03, 0x00, 0x00, 0x00, 0x00, 0x40, 0x00, 0x00, 0xe0, 0xc5, 0x17, 0x00, 0x03, 0x00, 0x00, 0x00,
  0x00, 0x40, 0x00, 0x00, 0xe3, 0xc5, 0x17, 0x00, 0x03, 0x00, 0x00, 0x00, 0x00, 0x40, 0x00, 0x00,
  0xe6, 0xc5, 0x17, 0x00, 0x03, 0x00, 0x00, 0x00, 0x00, 0x40, 0x00, 0x00, 0xe9, 0xc5, 0x17, 0x00,
  0x14, 0x01, 0x41, 0x00, 0x24, 0x01, 0x10, 0x01, 0x03, 0x00, 0x00, 0x00, 0x00, 0x40, 0x00, 0x00,
  0x00, 0xbe, 0x17, 0x00, 0x14, 0x01, 0x41, 0xc0, 0x10, 0x40, 0x00, 0x00, 0x00, 0x99, 0x00, 0x00,
  0x24, 0x01, 0x40, 0x01, 0x03, 0x00, 0x00, 0x00, 0x00, 0x40, 0x00, 0x00, 0x03, 0xbe, 0x17, 0x00,
  0x24, 0x01, 0x50, 0x01, 0x03, 0x00, 0x00, 0x00, 0x00, 0x40, 0x00, 0x00, 0x06, 0xbe, 0x17, 0x00,
  0x03, 0x00, 0x00, 0x00, 0x00, 0x40, 0x00, 0x00, 0x09, 0xbe, 0x17, 0x00, 0x03, 0x00, 0x00, 0x00,
  0x00, 0x40, 0x00, 0x00, 0xd0, 0xc0, 0x17, 0x00, 0x03, 0x00, 0x00, 0x00, 0x00, 0x40, 0x00, 0x00,
  0xd3, 0xc0, 0x17, 0x00, 0x03, 0x00, 0x00, 0x00, 0x00, 0x40, 0x00, 0x00, 0xd6, 0xc0, 0x17, 0x00,
  0x03, 0x00, 0x00, 0x00, 0x00, 0x40, 0x00, 0x00, 0xd9, 0xc0, 0x17, 0x00, 0x03, 0x00, 0x00, 0x00,
  0x00, 0x40, 0x00, 0x00, 0xa0, 0xc3, 0x17, 0x00, 0x03, 0x00, 0x00, 0x00, 0x00, 0x40, 0x00, 0x00,
  0xa3, 0xc3, 0x17, 0x00, 0x03, 0x00, 0x00, 0x00, 0x00, 0x40, 0x00, 0x00, 0xa6, 0xc3, 0x17, 0x00,
  0x03, 0x00, 0x00, 0x00, 0x00, 0x40, 0x00, 0x00, 0xa9, 0xc3, 0x17, 0x00, 0x03, 0x00, 0x00, 0x00,
  0x00, 0x40, 0x00, 0x00, 0x70, 0xc6, 0x17, 0x00, 0x03, 0x00, 0x00, 0x00, 0x00, 0x40, 0x00, 0x00,
  0x73, 0xc6, 0x17, 0x00, 0x03, 0x00, 0x00, 0x00, 0x00, 0x40, 0x00, 0x00, 0x76, 0xc6, 0x17, 0x00,
  0x03, 0x00, 0x00, 0x00, 0x00, 0x40, 0x00, 0x00, 0x79, 0xc6, 0x17, 0x00, 0x14, 0x01, 0x41, 0x00,
  0x24, 0x01, 0x10, 0x01, 0x03, 0x00, 0x00, 0x00, 0x00, 0x40, 0x00, 0x00, 0x90, 0xbe, 0x17, 0x00,
  0x14, 0x01, 0x41, 0xc0, 0x10, 0x40, 0x00, 0x00, 0xc0, 0x99, 0x00, 0x00, 0x24, 0x01, 0x40, 0x01,
  0x03, 0x00, 0x00, 0x00, 0x00, 0x40, 0x00, 0x00, 0x93, 0xbe, 0x17, 0x00, 0x24, 0x01, 0x50, 0x01,
  0x03, 0x00, 0x00, 0x00, 0x00, 0x40, 0x00, 0x00, 0x96, 0xbe, 0x17, 0x00, 0x03, 0x00, 0x00, 0x00,
  0x00, 0x40, 0x00, 0x00, 0x99, 0xbe, 0x17, 0x00, 0x03, 0x00, 0x00, 0x00, 0x00, 0x40, 0x00, 0x00,
  0x60, 0xc1, 0x17, 0x00, 0x03, 0x00, 0x00, 0x00, 0x00, 0x40, 0x00, 0x00, 0x63, 0xc1, 0x17, 0x00,
  0x03, 0x00, 0x00, 0x00, 0x00, 0x40, 0x00, 0x00, 0x66, 0xc1, 0x17, 0x00, 0x03, 0x00, 0x00, 0x00,
  0x00, 0x40, 0x00, 0x00, 0x69, 0xc1, 0x17, 0x00, 0x03, 0x00, 0x00, 0x00, 0x00, 0x40, 0x00, 0x00,
  0x30, 0xc4, 0x17, 0x00, 0x03, 0x00, 0x00, 0x00, 0x00, 0x40, 0x00, 0x00, 0x33, 0xc4, 0x17, 0x00,
  0x03, 0x00, 0x00, 0x00, 0x00, 0x40, 0x00, 0x00, 0x36, 0xc4, 0x17, 0x00, 0x03, 0x00, 0x00, 0x00,
  0x00, 0x40, 0x00, 0x00, 0x39, 0xc4, 0x17, 0x00, 0x03, 0x00, 0x00, 0x00, 0x00, 0x40, 0x00, 0x00,
  0x00, 0xc7, 0x17, 0x00, 0x03, 0x00, 0x00, 0x00, 0x00, 0x40, 0x00, 0x00, 0x03, 0xc7, 0x17, 0x00,
  0x03, 0x00, 0x00, 0x00, 0x00, 0x40, 0x00, 0x00, 0x06, 0xc7, 0x17, 0x00, 0x03, 0x00, 0x00, 0x00,
  0x00, 0x40, 0x00, 0x00, 0x09, 0xc7, 0x17, 0x00, 0x14, 0x01, 0x41, 0x00, 0x24, 0x01, 0x10, 0x01,
  0x03, 0x00, 0x00, 0x00, 0x00, 0x40, 0x00, 0x00, 0x50, 0x9d, 0x18, 0x00, 0x14, 0x01, 0x41, 0xc0,
  0x10, 0x40, 0x00, 0x00, 0xc0, 0xe1, 0x00, 0x00, 0x24, 0x01, 0x40, 0x01, 0x03, 0x00, 0x00, 0x00,
  0x00, 0x40, 0x00, 0x00, 0x53, 0x9d, 0x18, 0x00, 0x24, 0x01, 0x50, 0x01, 0x03, 0x00, 0x00, 0x00,
  0x00, 0x40, 0x00, 0x00, 0x56, 0x9d, 0x18, 0x00, 0x03, 0x00, 0x00, 0x00, 0x00, 0x40, 0x00, 0x00,
  0x59, 0x9d, 0x18, 0x00, 0x03, 0x00, 0x00, 0x00, 0x00, 0x40, 0x00, 0x00, 0x20, 0xa0, 0x18, 0x00,
  0x03, 0x00, 0x00, 0x00, 0x00, 0x40, 0x00, 0x00, 0x23, 0xa0, 0x18, 0x00, 0x03, 0x00, 0x00, 0x00,
  0x00, 0x40, 0x00, 0x00, 0x26, 0xa0, 0x18, 0x00, 0x03, 0x00, 0x00, 0x00, 0x00, 0x40, 0x00, 0x00,
  0x29, 0xa0, 0x18, 0x00, 0x03, 0x00, 0x00, 0x00, 0x00, 0x40, 0x00, 0x00, 0xf0, 0xa2, 0x18, 0x00,
  0x03, 0x00, 0x00, 0x00, 0x00, 0x40, 0x00, 0x00, 0xf3, 0xa2, 0x18, 0x00, 0x03, 0x00, 0x00, 0x00,
  0x00, 0x40, 0x00, 0x00, 0xf6, 0xa2, 0x18, 0x00, 0x03, 0x00, 0x00, 0x00, 0x00, 0x40, 0x00, 0x00,
  0xf9, 0xa2, 0x18, 0x00, 0x03, 0x00, 0x00, 0x00, 0x00, 0x40, 0x00, 0x00, 0xc0, 0xa5, 0x18, 0x00,
  0x03, 0x00, 0x00, 0x00, 0x00, 0x40, 0x00, 0x00, 0xc3, 0xa5, 0x18, 0x00, 0x03, 0x00, 0x00, 0x00,
  0x00, 0x40, 0x00, 0x00, 0xc6, 0xa5, 0x18, 0x00, 0x03, 0x00, 0x00, 0x00, 0x00, 0x40, 0x00, 0x00,
  0xc9, 0xa5, 0x18, 0x00, 0x14, 0x01, 0x41, 0x00, 0x24, 0x01, 0x10, 0x01, 0x03, 0x00, 0x00, 0x00,
  0x00, 0x40, 0x00, 0x00, 0xe0, 0x9d, 0x18, 0x00, 0x14, 0x01, 0x41, 0xc0, 0x10, 0x40, 0x00, 0x00,
  0x80, 0xe2, 0x00, 0x00, 0x24, 0x01, 0x40, 0x01, 0x03, 0x00, 0x00, 0x00, 0x00, 0x40, 0x00, 0x00,
  0xe3, 0x9d, 0x18, 0x00, 0x24, 0x01, 0x50, 0x01, 0x03, 0x00, 0x00, 0x00, 0x00, 0x40, 0x00, 0x00,
  0xe6, 0x9d, 0x18, 0x00, 0x03, 0x00, 0x00, 0x00, 0x00, 0x40, 0x00, 0x00, 0xe9, 0x9d, 0x18, 0x00,
  0x03, 0x00, 0x00, 0x00, 0x00, 0x40, 0x00, 0x00, 0xb0, 0xa0, 0x18, 0x00, 0x03, 0x00, 0x00, 0x00,
  0x00, 0x40, 0x00, 0x00, 0xb3, 0xa0, 0x18, 0x00, 0x03, 0x00, 0x00, 0x00, 0x00, 0x40, 0x00, 0x00,
  0xb6, 0xa0, 0x18, 0x00, 0x03, 0x00, 0x00, 0x00, 0x00, 0x40, 0x00, 0x00, 0xb9, 0xa0, 0x18, 0x00,
  0x03, 0x00, 0x00, 0x00, 0x00, 0x40, 0x00, 0x00, 0x80, 0xa3, 0x18, 0x00, 0x03, 0x00, 0x00, 0x00,
  0x00, 0x40, 0x00, 0x00, 0x83, 0xa3, 0x18, 0x00, 0x03, 0x00, 0x00, 0x00, 0x00, 0x40, 0x00, 0x00,
  0x86, 0xa3, 0x18, 0x00, 0x03, 0x00, 0x00, 0x00, 0x00, 0x40, 0x00, 0x00, 0x89, 0xa3, 0x18, 0x00,
  0x03, 0x00, 0x00, 0x00, 0x00, 0x40, 0x00, 0x00, 0x50, 0xa6, 0x18, 0x00, 0x03, 0x00, 0x00, 0x00,
  0x00, 0x40, 0x00, 0x00, 0x53, 0xa6, 0x18, 0x00, 0x03, 0x00, 0x00, 0x00, 0x00, 0x40, 0x00, 0x00,
  0x56, 0xa6, 0x18, 0x00, 0x03, 0x00, 0x00, 0x00, 0x00, 0x40, 0x00, 0x00, 0x59, 0xa6, 0x18, 0x00,
  0x14, 0x01, 0x41, 0x00, 0x24, 0x01, 0x10, 0x01, 0x03, 0x00, 0x00, 0x00, 0x00, 0x40, 0x00, 0x00,
  0x70, 0x9e, 0x18, 0x00, 0x14, 0x01, 0x41, 0xc0, 0x10, 0x40, 0x00, 0x00, 0x40, 0xe3, 0x00, 0x00,
  0x24, 0x01, 0x40, 0x01, 0x03, 0x00, 0x00, 0x00, 0x00, 0x40, 0x00, 0x00, 0x73, 0x9e, 0x18, 0x00,
  0x24, 0x01, 0x50, 0x01, 0x03, 0x00, 0x00, 0x00, 0x00, 0x40, 0x00, 0x00, 0x76, 0x9e, 0x18, 0x00,
  0x03, 0x00, 0x00, 0x00, 0x00, 0x40, 0x00, 0x00, 0x79, 0x9e, 0x18, 0x00, 0x03, 0x00, 0x00, 0x00,
  0x00, 0x40, 0x00, 0x00, 0x40, 0xa1, 0x18, 0x00, 0x03, 0x00, 0x00, 0x00, 0x00, 0x40, 0x00, 0x00,
  0x43, 0xa1, 0x18, 0x00, 0x03, 0x00, 0x00, 0x00, 0x00, 0x40, 0x00, 0x00, 0x46, 0xa1, 0x18, 0x00,
  0x03, 0x00, 0x00, 0x00, 0x00, 0x40, 0x00, 0x00, 0x49, 0xa1, 0x18, 0x00, 0x03, 0x00, 0x00, 0x00,
  0x00, 0x40, 0x00, 0x00, 0x10, 0xa4, 0x18, 0x00, 0x03, 0x00, 0x00, 0x00, 0x00, 0x40, 0x00, 0x00,
  0x13, 0xa4, 0x18, 0x00, 0x03, 0x00, 0x00, 0x00, 0x00, 0x40, 0x00, 0x00, 0x16, 0xa4, 0x18, 0x00,
  0x03, 0x00, 0x00, 0x00, 0x00, 0x40, 0x00, 0x00, 0x19, 0xa4, 0x18, 0x00, 0x03, 0x00, 0x00, 0x00,
  0x00, 0x40, 0x00, 0x00, 0xe0, 0xa6, 0x18, 0x00, 0x03, 0x00, 0x00, 0x00, 0x00, 0x40, 0x00, 0x00,
  0xe3, 0xa6, 0x18, 0x00, 0x03, 0x00, 0x00, 0x00, 0x00, 0x40, 0x00, 0x00, 0xe6, 0xa6, 0x18, 0x00,
  0x03, 0x00, 0x00, 0x00, 0x00, 0x40, 0x00, 0x00, 0xe9, 0xa6, 0x18, 0x00, 0x14, 0x01, 0x41, 0x00,
  0x24, 0x01, 0x10, 0x01, 0x03, 0x00, 0x00, 0x00, 0x00, 0x40, 0x00, 0x00, 0x00, 0x9f, 0x18, 0x00,
  0x14, 0x01, 0x41, 0xc0, 0x10, 0x40, 0x00, 0x00, 0x00, 0xe4, 0x00, 0x00, 0x24, 0x01, 0x40, 0x01,
  0x03, 0x00, 0x00, 0x00, 0x00, 0x40, 0x00, 0x00, 0x03, 0x9f, 0x18, 0x00, 0x24, 0x01, 0x50, 0x01,
  0x03, 0x00, 0x00, 0x00, 0x00, 0x40, 0x00, 0x00, 0x06, 0x9f, 0x18, 0x00, 0x03, 0x00, 0x00, 0x00,
  0x00, 0x40, 0x00, 0x00, 0x09, 0x9f, 0x18, 0x00, 0x03, 0x00, 0x00, 0x00, 0x00, 0x40, 0x00, 0x00,
  0xd0, 0xa1, 0x18, 0x00, 0x03, 0x00, 0x00, 0x00, 0x00, 0x40, 0x00, 0x00, 0xd3, 0xa1, 0x18, 0x00,
  0x03, 0x00, 0x00, 0x00, 0x00, 0x40, 0x00, 0x00, 0xd6, 0xa1, 0x18, 0x00, 0x03, 0x00, 0x00, 0x00,
  0x00, 0x40, 0x00, 0x00, 0xd9, 0xa1, 0x18, 0x00, 0x03, 0x00, 0x00, 0x00, 0x00, 0x40, 0x00, 0x00,
  0xa0, 0xa4, 0x18, 0x00, 0x03, 0x00, 0x00, 0x00, 0x00, 0x40, 0x00, 0x00, 0xa3, 0xa4, 0x18, 0x00,
  0x03, 0x00, 0x00, 0x00, 0x00, 0x40, 0x00, 0x00, 0xa6, 0xa4, 0x18, 0x00, 0x03, 0x00, 0x00, 0x00,
  0x00, 0x40, 0x00, 0x00, 0xa9, 0xa4, 0x18, 0x00, 0x03, 0x00, 0x00, 0x00, 0x00, 0x40, 0x00, 0x00,
  0x70, 0xa7, 0x18, 0x00, 0x03, 0x00, 0x00, 0x00, 0x00, 0x40, 0x00, 0x00, 0x73, 0xa7, 0x18, 0x00,
  0x03, 0x00, 0x00, 0x00, 0x00, 0x40, 0x00, 0x00, 0x76, 0xa7, 0x18, 0x00, 0x03, 0x00, 0x00, 0x00,
  0x00, 0x40, 0x00, 0x00, 0x79, 0xa7, 0x18, 0x00, 0x14, 0x01, 0x41, 0x00, 0x24, 0x01, 0x10, 0x01,
  0x03, 0x00, 0x00, 0x00, 0x00, 0x40, 0x00, 0x00, 0x90, 0x9f, 0x18, 0x00, 0x14, 0x01, 0x41, 0xc0,
  0x10, 0x40, 0x00, 0x00, 0xc0, 0xe4, 0x00, 0x00, 0x24, 0x01, 0x40, 0x01, 0x03, 0x00, 0x00, 0x00,
  0x00, 0x40, 0x00, 0x00, 0x93, 0x9f, 0x18, 0x00, 0x24, 0x01, 0x50, 0x01, 0x03, 0x00, 0x00, 0x00,
  0x00, 0x40, 0x00, 0x00, 0x96, 0x9f, 0x18, 0x00, 0x03, 0x00, 0x00, 0x00, 0x00, 0x40, 0x00, 0x00,
  0x99, 0x9f, 0x18, 0x00, 0x03, 0x00, 0x00, 0x00, 0x00, 0x40, 0x00, 0x00, 0x60, 0xa2, 0x18, 0x00,
  0x03, 0x00, 0x00, 0x00, 0x00, 0x40, 0x00, 0x00, 0x63, 0xa2, 0x18, 0x00, 0x03, 0x00, 0x00, 0x00,
  0x00, 0x40, 0x00, 0x00, 0x66, 0xa2, 0x18, 0x00, 0x03, 0x00, 0x00, 0x00, 0x00, 0x40, 0x00, 0x00,
  0x69, 0xa2, 0x18, 0x00, 0x03, 0x00, 0x00, 0x00, 0x00, 0x40, 0x00, 0x00, 0x30, 0xa5, 0x18, 0x00,
  0x03, 0x00, 0x00, 0x00, 0x00, 0x40, 0x00, 0x00, 0x33, 0xa5, 0x18, 0x00, 0x03, 0x00, 0x00, 0x00,
  0x00, 0x40, 0x00, 0x00, 0x36, 0xa5, 0x18, 0x00, 0x03, 0x00, 0x00, 0x00, 0x00, 0x40, 0x00, 0x00,
  0x39, 0xa5, 0x18, 0x00, 0x03, 0x00, 0x00, 0x00, 0x00, 0x40, 0x00, 0x00, 0x00, 0xa8, 0x18, 0x00,
  0x03, 0x00, 0x00, 0x00, 0x00, 0x40, 0x00, 0x00, 0x03, 0xa8, 0x18, 0x00, 0x03, 0x00, 0x00, 0x00,
  0x00, 0x40, 0x00, 0x00, 0x06, 0xa8, 0x18, 0x00, 0x03, 0x00, 0x00, 0x00, 0x00, 0x40, 0x00, 0x00,
  0x09, 0xa8, 0x18, 0x00, 0x14, 0x01, 0x41, 0x00, 0x24, 0x01, 0x10, 0x01, 0x03, 0x00, 0x00, 0x00,
  0x00, 0x40, 0x00, 0x00, 0x50, 0x7e, 0x19, 0x00, 0x14, 0x01, 0x41, 0xc0, 0x10, 0x40, 0x00, 0x00,
  0xc0, 0x2c, 0x01, 0x00, 0x24, 0x01, 0x40, 0x01, 0x03, 0x00, 0x00, 0x00, 0x00, 0x40, 0x00, 0x00,
  0x53, 0x7e, 0x19, 0x00, 0x24, 0x01, 0x50, 0x01, 0x03, 0x00, 0x00, 0x00, 0x00, 0x40, 0x00, 0x00,
  0x56, 0x7e, 0x19, 0x00, 0x03, 0x00, 0x00, 0x00, 0x00, 0x40, 0x00, 0x00, 0x59, 0x7e, 0x19, 0x00,
  0x03, 0x00, 0x00, 0x00, 0x00, 0x40, 0x00, 0x00, 0x20, 0x81, 0x19, 0x00, 0x03, 0x00, 0x00, 0x00,
  0x00, 0x40, 0x00, 0x00, 0x23, 0x81, 0x19, 0x00, 0x03, 0x00, 0x00, 0x00, 0x00, 0x40, 0x00, 0x00,
  0x26, 0x81, 0x19, 0x00, 0x03, 0x00, 0x00, 0x00, 0x00, 0x40, 0x00, 0x00, 0x29, 0x81, 0x19, 0x00,
  0x03, 0x00, 0x00, 0x00, 0x00, 0x40, 0x00, 0x00, 0xf0, 0x83, 0x19, 0x00, 0x03, 0x00, 0x00, 0x00,
  0x00, 0x40, 0x00, 0x00, 0xf3, 0x83, 0x19, 0x00, 0x03, 0x00, 0x00, 0x00, 0x00, 0x40, 0x00, 0x00,
  0xf6, 0x83, 0x19, 0x00, 0x03, 0x00, 0x00, 0x00, 0x00, 0x40, 0x00, 0x00, 0xf9, 0x83, 0x19, 0x00,
  0x03, 0x00, 0x00, 0x00, 0x00, 0x40, 0x00, 0x00, 0xc0, 0x86, 0x19, 0x00, 0x03, 0x00, 0x00, 0x00,
  0x00, 0x40, 0x00, 0x00, 0xc3, 0x86, 0x19, 0x00, 0x03, 0x00, 0x00, 0x00, 0x00, 0x40, 0x00, 0x00,
  0xc6, 0x86, 0x19, 0x00, 0x03, 0x00, 0x00, 0x00, 0x00, 0x40, 0x00, 0x00, 0xc9, 0x86, 0x19, 0x00,
  0x14, 0x01, 0x41, 0x00, 0x24, 0x01, 0x10, 0x01, 0x03, 0x00, 0x00, 0x00, 0x00, 0x40, 0x00, 0x00,
  0xe0, 0x7e, 0x19, 0x00, 0x14, 0x01, 0x41, 0xc0, 0x10, 0x40, 0x00, 0x00, 0x80, 0x2d, 0x01, 0x00,
  0x24, 0x01, 0x40, 0x01, 0x03, 0x00, 0x00, 0x00, 0x00, 0x40, 0x00, 0x00, 0xe3, 0x7e, 0x19, 0x00,
  0x24, 0x01, 0x50, 0x01, 0x03, 0x00, 0x00, 0x00, 0x00, 0x40, 0x00, 0x00, 0xe6, 0x7e, 0x19, 0x00,
  0x03, 0x00, 0x00, 0x00, 0x00, 0x40, 0x00, 0x00, 0xe9, 0x7e, 0x19, 0x00, 0x03, 0x00, 0x00, 0x00,
  0x00, 0x40, 0x00, 0x00, 0xb0, 0x81, 0x19, 0x00, 0x03, 0x00, 0x00, 0x00, 0x00, 0x40, 0x00, 0x00,
  0xb3, 0x81, 0x19, 0x00, 0x03, 0x00, 0x00, 0x00, 0x00, 0x40, 0x00, 0x00, 0xb6, 0x81, 0x19, 0x00,
  0x03, 0x00, 0x00, 0x00, 0x00, 0x40, 0x00, 0x00, 0xb9, 0x81, 0x19, 0x00, 0x03, 0x00, 0x00, 0x00,
  0x00, 0x40, 0x00, 0x00, 0x80, 0x84, 0x19, 0x00, 0x03, 0x00, 0x00, 0x00, 0x00, 0x40, 0x00, 0x00,
  0x83, 0x84, 0x19, 0x00, 0x03, 0x00, 0x00, 0x00, 0x00, 0x40, 0x00, 0x00, 0x86, 0x84, 0x19, 0x00,
  0x03, 0x00, 0x00, 0x00, 0x00, 0x40, 0x00, 0x00, 0x89, 0x84, 0x19, 0x00, 0x03, 0x00, 0x00, 0x00,
  0x00, 0x40, 0x00, 0x00, 0x50, 0x87, 0x19, 0x00, 0x03, 0x00, 0x00, 0x00, 0x00, 0x40, 0x00, 0x00,
  0x53, 0x87, 0x19, 0x00, 0x03, 0x00, 0x00, 0x00, 0x00, 0x40, 0x00, 0x00, 0x56, 0x87, 0x19, 0x00,
  0x03, 0x00, 0x00, 0x00, 0x00, 0x40, 0x00, 0x00, 0x59, 0x87, 0x19, 0x00, 0x14, 0x01, 0x41, 0x00,
  0x24, 0x01, 0x10, 0x01, 0x03, 0x00, 0x00, 0x00, 0x00, 0x40, 0x00, 0x00, 0x70, 0x7f, 0x19, 0x00,
  0x14, 0x01, 0x41, 0xc0, 0x10, 0x40, 0x00, 0x00, 0x40, 0x2e, 0x01, 0x00, 0x24, 0x01, 0x40, 0x01,
  0x03, 0x00, 0x00, 0x00, 0x00, 0x40, 0x00, 0x00, 0x73, 0x7f, 0x19, 0x00, 0x24, 0x01, 0x50, 0x01,
  0x03, 0x00, 0x00, 0x00, 0x00, 0x40, 0x00, 0x00, 0x76, 0x7f, 0x19, 0x00, 0x03, 0x00, 0x00, 0x00,
  0x00, 0x40, 0x00, 0x00, 0x79, 0x7f, 0x19, 0x00, 0x03, 0x00, 0x00, 0x00, 0x00, 0x40, 0x00, 0x00,
  0x40, 0x82, 0x19, 0x00, 0x03, 0x00, 0x00, 0x00, 0x00, 0x40, 0x00, 0x00, 0x43, 0x82, 0x19, 0x00,
  0x03, 0x00, 0x00, 0x00, 0x00, 0x40, 0x00, 0x00, 0x46, 0x82, 0x19, 0x00, 0x03, 0x00, 0x00, 0x00,
  0x00, 0x40, 0x00, 0x00, 0x49, 0x82, 0x19, 0x00, 0x03, 0x00, 0x00, 0x00, 0x00, 0x40, 0x00, 0x00,
  0x10, 0x85, 0x19, 0x00, 0x03, 0x00, 0x00, 0x00, 0x00, 0x40, 0x00, 0x00, 0x13, 0x85, 0x19, 0x00,
  0x03, 0x00, 0x00, 0x00, 0x00, 0x40, 0x00, 0x00, 0x16, 0x85, 0x19, 0x00, 0x03, 0x00, 0x00, 0x00,
  0x00, 0x40, 0x00, 0x00, 0x19, 0x85, 0x19, 0x00, 0x03, 0x00, 0x00, 0x00, 0x00, 0x40, 0x00, 0x00,
  0xe0, 0x87, 0x19, 0x00, 0x03, 0x00, 0x00, 0x00, 0x00, 0x40, 0x00, 0x00, 0xe3, 0x87, 0x19, 0x00,
  0x03, 0x00, 0x00, 0x00, 0x00, 0x40, 0x00, 0x00, 0xe6, 0x87, 0x19, 0x00, 0x03, 0x00, 0x00, 0x00,
  0x00, 0x40, 0x00, 0x00, 0xe9, 0x87, 0x19, 0x00, 0x14, 0x01, 0x41, 0x00, 0x24, 0x01, 0x10, 0x01,
  0x03, 0x00, 0x00, 0x00, 0x00, 0x40, 0x00, 0x00, 0x00, 0x80, 0x19, 0x00, 0x14, 0x01, 0x41, 0xc0,
  0x10, 0x40, 0x00, 0x00, 0x00, 0x2f, 0x01, 0x00, 0x24, 0x01, 0x40, 0x01, 0x03, 0x00, 0x00, 0x00,
  0x00, 0x40, 0x00, 0x00, 0x03, 0x80, 0x19, 0x00, 0x24, 0x01, 0x50, 0x01, 0x03, 0x00, 0x00, 0x00,
  0x00, 0x40, 0x00, 0x00, 0x06, 0x80, 0x19, 0x00, 0x03, 0x00, 0x00, 0x00, 0x00, 0x40, 0x00, 0x00,
  0x09, 0x80, 0x19, 0x00, 0x03, 0x00, 0x00, 0x00, 0x00, 0x40, 0x00, 0x00, 0xd0, 0x82, 0x19, 0x00,
  0x03, 0x00, 0x00, 0x00, 0x00, 0x40, 0x00, 0x00, 0xd3, 0x82, 0x19, 0x00, 0x03, 0x00, 0x00, 0x00,
  0x00, 0x40, 0x00, 0x00, 0xd6, 0x82, 0x19, 0x00, 0x03, 0x00, 0x00, 0x00, 0x00, 0x40, 0x00, 0x00,
  0xd9, 0x82, 0x19, 0x00, 0x03, 0x00, 0x00, 0x00, 0x00, 0x40, 0x00, 0x00, 0xa0, 0x85, 0x19, 0x00,
  0x03, 0x00, 0x00, 0x00, 0x00, 0x40, 0x00, 0x00, 0xa3, 0x85, 0x19, 0x00, 0x03, 0x00, 0x00, 0x00,
  0x00, 0x40, 0x00, 0x00, 0xa6, 0x85, 0x19, 0x00, 0x03, 0x00, 0x00, 0x00, 0x00, 0x40, 0x00, 0x00,
  0xa9, 0x85, 0x19, 0x00, 0x03, 0x00, 0x00, 0x00, 0x00, 0x40, 0x00, 0x00, 0x70, 0x88, 0x19, 0x00,
  0x03, 0x00, 0x00, 0x00, 0x00, 0x40, 0x00, 0x00, 0x73, 0x88, 0x19, 0x00, 0x03, 0x00, 0x00, 0x00,
  0x00, 0x40, 0x00, 0x00, 0x76, 0x88, 0x19, 0x00, 0x03, 0x00, 0x00, 0x00, 0x00, 0x40, 0x00, 0x00,
  0x79, 0x88, 0x19, 0x00, 0x14, 0x01, 0x41, 0x00, 0x24, 0x01, 0x10, 0x01, 0x03, 0x00, 0x00, 0x00,
  0x00, 0x40, 0x00, 0x00, 0x90, 0x80, 0x19, 0x00, 0x14, 0x01, 0x41, 0xc0, 0x10, 0x40, 0x00, 0x00,
  0xc0, 0x2f, 0x01, 0x00, 0x24, 0x01, 0x40, 0x01, 0x03, 0x00, 0x00, 0x00, 0x00, 0x40, 0x00, 0x00,
  0x93, 0x80, 0x19, 0x00, 0x24, 0x01, 0x50, 0x01, 0x03, 0x00, 0x00, 0x00, 0x00, 0x40, 0x00, 0x00,
  0x96, 0x80, 0x19, 0x00, 0x03, 0x00, 0x00, 0x00, 0x00, 0x40, 0x00, 0x00, 0x99, 0x80, 0x19, 0x00,
  0x03, 0x00, 0x00, 0x00, 0x00, 0x40, 0x00, 0x00, 0x60, 0x83, 0x19, 0x00, 0x03, 0x00, 0x00, 0x00,
  0x00, 0x40, 0x00, 0x00, 0x63, 0x83, 0x19, 0x00, 0x03, 0x00, 0x00, 0x00, 0x00, 0x40, 0x00, 0x00,
  0x66, 0x83, 0x19, 0x00, 0x03, 0x00, 0x00, 0x00, 0x00, 0x40, 0x00, 0x00, 0x69, 0x83, 0x19, 0x00,
  0x03, 0x00, 0x00, 0x00, 0x00, 0x40, 0x00, 0x00, 0x30, 0x86, 0x19, 0x00, 0x03, 0x00, 0x00, 0x00,
  0x00, 0x40, 0x00, 0x00, 0x33, 0x86, 0x19, 0x00, 0x03, 0x00, 0x00, 0x00, 0x00, 0x40, 0x00, 0x00,
  0x36, 0x86, 0x19, 0x00, 0x03, 0x00, 0x00, 0x00, 0x00, 0x40, 0x00, 0x00, 0x39, 0x86, 0x19, 0x00,
  0x03, 0x00, 0x00, 0x00, 0x00, 0x40, 0x00, 0x00, 0x00, 0x89, 0x19, 0x00, 0x03, 0x00, 0x00, 0x00,
  0x00, 0x40, 0x00, 0x00, 0x03, 0x89, 0x19, 0x00, 0x03, 0x00, 0x00, 0x00, 0x00, 0x40, 0x00, 0x00,
  0x06, 0x89, 0x19, 0x00, 0x03, 0x00, 0x00, 0x00, 0x00, 0x40, 0x00, 0x00, 0x09, 0x89, 0x19, 0x00,
  0x14, 0x01, 0x41, 0x00, 0x24, 0x01, 0x10, 0x01, 0x03, 0x00, 0x00, 0x00, 0x30, 0x40, 0x00, 0x00,
  0xc0, 0x06, 0x00, 0x00, 0x31, 0x40, 0x00, 0x00, 0xc0, 0xee, 0x02, 0x00, 0x32, 0x40, 0x00, 0x00,
  0xf0, 0x00, 0x00, 0x00, 0x10, 0x00, 0x00, 0x00, 0x24, 0x40, 0x25, 0x20, 0xaf, 0x24, 0x12, 0x09,
  0x05, 0x01, 0x41, 0x00, 0x00, 0x40, 0x00, 0x00, 0xc0, 0x00, 0x00, 0x00, 0x0b, 0x01, 0x63, 0x00,
  0x0c, 0x01, 0x63, 0x00, 0x0a, 0x01, 0x3b, 0x00, 0x05, 0x40, 0x00, 0x00, 0xc0, 0x03, 0x00, 0x00,
  0x04, 0x40, 0x00, 0x00, 0x10, 0x00, 0x00, 0x00, 0x06, 0x40, 0x00, 0x00, 0xc0, 0x03, 0x00, 0x00,
  0x09, 0x01, 0x80, 0xff, 0x00, 0x01, 0x02, 0x00, 0x01, 0x01, 0x02, 0x00, 0x03, 0x01, 0x02, 0x00,
  0x02, 0x01, 0x02, 0x00, 0x10, 0x40, 0x00, 0x00, 0xc0, 0x77, 0x01, 0x00, 0x12, 0x01, 0x63, 0x00,
  0x11, 0x01, 0x3b, 0x00, 0x1b, 0x01, 0x63, 0x00, 0x1c, 0x01, 0x63, 0x00, 0x1a, 0x01, 0x3b, 0x00,
  0x21, 0x01, 0x04, 0x00, 0x20, 0x01, 0x04, 0x00, 0x20, 0x40, 0x00, 0x00, 0x60, 0xef, 0x02, 0x00,
  0x21, 0x40, 0x00, 0x00, 0x50, 0x00, 0x00, 0x00, 0x22, 0x40, 0x00, 0x00, 0xc0, 0xee, 0x02, 0x00,
  0x24, 0x01, 0x00, 0x01, 0x2f, 0x01, 0x01, 0x00, 0x11, 0x00, 0x00, 0x00, 0x03, 0x00, 0x00, 0x00,
  0x24, 0x40, 0x21, 0x20, 0x45, 0x22, 0x91, 0x00, 0x00, 0x40, 0x00, 0x00, 0xc0, 0x77, 0x01, 0x00,
  0x10, 0x40, 0x00, 0x00, 0x00, 0x00, 0x00, 0x00, 0x29, 0x01, 0x00, 0x00, 0x22, 0x40, 0x00, 0x00,
  0xb0, 0x07, 0x00, 0x00, 0x2f, 0x01, 0x07, 0x00, 0x03, 0x00, 0x00, 0x00, 0x00, 0x40, 0x00, 0x00,
  0x00, 0x00, 0x00, 0x00, 0x09, 0x01, 0x00, 0x00, 0x00, 0x01, 0x00, 0x00, 0x01, 0x01, 0x00, 0x00,
  0x03, 0x01, 0x00, 0x00, 0x02, 0x01, 0x00, 0x00, 0x14, 0x01, 0x41, 0x01, 0x10, 0x40, 0x00, 0x00,
  0x50, 0xfa, 0x15, 0x00, 0x12, 0x01, 0x8f, 0x01, 0x11, 0x01, 0xef, 0x00, 0x1b, 0x01, 0x8f, 0x01,
  0x1c, 0x01, 0x8f, 0x01, 0x1a, 0x01, 0xef, 0x00, 0x15, 0x40, 0x00, 0x00, 0x00, 0x0f, 0x00, 0x00,
  0x16, 0x40, 0x00, 0x00, 0x00, 0x0f, 0x00, 0x00, 0x18, 0x01, 0x00, 0x00, 0x24, 0x40, 0x16, 0x20,
  0x01, 0x00, 0x00, 0x00, 0x2a, 0x01, 0x07, 0x00, 0x2b, 0x01, 0x07, 0x00, 0x96, 0x40, 0xd0, 0x00,
  0x02, 0x00, 0x06, 0x00, 0x97, 0x40, 0x00, 0x00, 0x02, 0x00, 0x00, 0x00, 0x2c, 0x01, 0xfd, 0x0f,
  0x2d, 0x01, 0xfd, 0x0f, 0x21, 0x01, 0x63, 0x00, 0x20, 0x01, 0x3b, 0x00, 0x16, 0x01, 0x00, 0x00,
  0x15, 0x01, 0x37, 0x00, 0x24, 0x01, 0x00, 0x02, 0x07, 0x00, 0x00, 0x00, 0x00, 0x40, 0x00, 0x00,
  0x50, 0xfa, 0x15, 0x00, 0x0b, 0x01, 0x8f, 0x01, 0x0c, 0x01, 0x8f, 0x01, 0x0a, 0x01, 0xef, 0x00,
  0x05, 0x40, 0x00, 0x00, 0x00, 0x0f, 0x00, 0x00, 0x06, 0x40, 0x00, 0x00, 0x00, 0x0f, 0x00, 0x00,
  0x14, 0x01, 0x41, 0x31, 0x10, 0x40, 0x00, 0x00, 0x00, 0x00, 0x00, 0x00, 0x1b, 0x01, 0x02, 0x00,
  0x1c, 0x01, 0x02, 0x00, 0x1a, 0x01, 0x8f, 0x01, 0x15, 0x40, 0x00, 0x00, 0x00, 0x77, 0x01, 0x00,
  0x16, 0x40, 0x00, 0x00, 0x00, 0x19, 0x00, 0x00, 0x21, 0x01, 0x00, 0x00, 0x20, 0x01, 0x00, 0x00,
  0x24, 0x40, 0x00, 0x00, 0x01, 0x00, 0x00, 0x00, 0x16, 0x01, 0x0f, 0x00, 0x15, 0x01, 0x0f, 0x00,
  0x24, 0x01, 0x00, 0x01, 0x05, 0x00, 0x03, 0x00, 0x25, 0x40, 0x00, 0x20, 0x01, 0x00, 0x00, 0x00,
  0x26, 0x40, 0x00, 0x20, 0x01, 0x00, 0x00, 0x00, 0x24, 0x40, 0x26, 0x20, 0x85, 0x40, 0x40, 0x40,
  0x00, 0x40, 0x00, 0x00, 0x00, 0x00, 0x00, 0x00, 0x0b, 0x01, 0x02, 0x00, 0x0c, 0x01, 0x02, 0x00,
  0x0a, 0x01, 0x8f, 0x01, 0x04, 0x01, 0xef, 0x00, 0x05, 0x40, 0x00, 0x00, 0x00, 0x77, 0x01, 0x00,
  0x06, 0x40, 0x00, 0x00, 0x00, 0x19, 0x00, 0x00, 0x09, 0x01, 0x80, 0xff, 0x14, 0x01, 0x41, 0x01,
  0x12, 0x01, 0x02, 0x00, 0x11, 0x01, 0x8f, 0x01, 0x13, 0x01, 0xef, 0x00, 0x18, 0x01, 0x80, 0xff,
  0x85, 0x01, 0x01, 0xc0, 0x89, 0x01, 0x80, 0xff, 0x80, 0x01, 0x08, 0x00, 0x16, 0x01, 0x02, 0x00,
  0x15, 0x01, 0x7f, 0x00, 0x2f, 0x01, 0x00, 0x00, 0x06, 0x00, 0x00, 0x00, 0x05, 0x01, 0x41, 0x00,
  0x0f, 0x01, 0x01, 0x00, 0x00, 0x40, 0x00, 0x00, 0x00, 0x00, 0x00, 0x00, 0x01, 0x40, 0x00, 0x00,
  0x00, 0x00, 0x00, 0x00, 0x02, 0x40, 0x00, 0x00, 0x00, 0x00, 0x00, 0x00, 0x03, 0x40, 0x00, 0x00,
  0x00, 0x00, 0x00, 0x00, 0x0b, 0x01, 0x02, 0x00, 0x0c, 0x01, 0x02, 0x00, 0x0a, 0x01, 0x8f, 0x01,
  0x05, 0x40, 0x00, 0x00, 0x00, 0x77, 0x01, 0x00, 0x04, 0x40, 0x00, 0x00, 0x10, 0x00, 0x00, 0x00,
  0x06, 0x40, 0x00, 0x00, 0x00, 0x19, 0x00, 0x00, 0x09, 0x01, 0x80, 0xff, 0x14, 0x01, 0x45, 0x81,
  0x1f, 0x01, 0x00, 0x00, 0x18, 0x01, 0x00, 0x00, 0x25, 0x01, 0x00, 0x10, 0x26, 0x01, 0x00, 0x80,
  0x27, 0x01, 0xff, 0xff, 0x24, 0x40, 0x0d, 0x20, 0x09, 0x0c, 0xd7, 0x7e, 0x16, 0x01, 0x00, 0x00,
  0x15, 0x01, 0x1f, 0x00, 0x17, 0x01, 0x7f, 0x00, 0x05, 0x00, 0x03, 0x00, 0x25, 0x40, 0x00, 0x00,
  0x01, 0x00, 0x00, 0x00, 0x26, 0x40, 0x00, 0x00, 0x01, 0x00, 0x00, 0x00, 0x24, 0x40, 0x32, 0x20,
  0xe9, 0x86, 0x97, 0x55, 0x05, 0x01, 0x49, 0x00, 0x0f, 0x01, 0x01, 0x00, 0x00, 0x40, 0x00, 0x00,
  0x50, 0x66, 0x04, 0x00, 0x01, 0x40, 0x00, 0x00, 0x00, 0x00, 0x00, 0x00, 0x02, 0x40, 0x00, 0x00,
  0x00, 0x00, 0x00, 0x00, 0x03, 0x40, 0x00, 0x00, 0x00, 0x00, 0x00, 0x00, 0x0b, 0x01, 0x02, 0x00,
  0x0c, 0x01, 0x02, 0x00, 0x0a, 0x01, 0x8f, 0x01, 0x05, 0x40, 0x00, 0x00, 0x00, 0xdc, 0x05, 0x00,
  0x04, 0x40, 0x00, 0x00, 0x40, 0x00, 0x00, 0x00, 0x06, 0x40, 0x00, 0x00, 0x00, 0x64, 0x00, 0x00,
  0x09, 0x01, 0x00, 0x00, 0x14, 0x01, 0x41, 0x01, 0x1f, 0x01, 0x01, 0x00, 0x18, 0x01, 0x80, 0xff,
  0x25, 0x01, 0x00, 0x00, 0x26, 0x01, 0x80, 0xff, 0x27, 0x01, 0x7f, 0x00, 0x85, 0x01, 0x49, 0x80,
  0x8f, 0x01, 0x00, 0x00, 0x89, 0x01, 0x00, 0x00, 0x80, 0x01, 0x00, 0x00, 0x06, 0x00, 0x01, 0x00,
  0x05, 0x01, 0x41, 0x00, 0x0f, 0x01, 0x01, 0x00, 0x00, 0x40, 0x00, 0x00, 0x00, 0x00, 0x00, 0x00,
  0x01, 0x40, 0x00, 0x00, 0x00, 0x00, 0x00, 0x00, 0x02, 0x40, 0x00, 0x00, 0x00, 0x00, 0x00, 0x00,
  0x03, 0x40, 0x00, 0x00, 0x00, 0x00, 0x00, 0x00, 0x0b, 0x01, 0x02, 0x00, 0x0c, 0x01, 0x02, 0x00,
  0x0a, 0x01, 0x8f, 0x01, 0x05, 0x40, 0x00, 0x00, 0x00, 0x77, 0x01, 0x00, 0x04, 0x40, 0x00, 0x00,
  0x10, 0x00, 0x00, 0x00, 0x06, 0x40, 0x00, 0x00, 0x00, 0x19, 0x00, 0x00, 0x09, 0x01, 0x00, 0x00,
  0x14, 0x01, 0x41, 0x19, 0x10, 0x40, 0x00, 0x00, 0x00, 0x70, 0x17, 0x00, 0x1b, 0x01, 0x8f, 0x01,
  0x1c, 0x01, 0x8f, 0x01, 0x1a, 0x01, 0xef, 0x00, 0x15, 0x40, 0x00, 0x00, 0x00, 0x0f, 0x00, 0x00,
  0x16, 0x40, 0x00, 0x00, 0x00, 0x0f, 0x00, 0x00, 0x18, 0x01, 0x00, 0x00, 0x27, 0x01, 0xdb, 0xff,
  0x24, 0x40, 0x00, 0x00, 0x01, 0x00, 0x00, 0x00, 0x16, 0x01, 0x0f, 0x00, 0x15, 0x01, 0x01, 0x00,
  0x2f, 0x01, 0x07, 0x00, 0x05, 0x00, 0x03, 0x00, 0x31, 0x40, 0x00, 0x00, 0x00, 0xe0, 0x2e, 0x00,
  0x10, 0x00, 0x00, 0x00, 0x24, 0x40, 0x26, 0x20, 0x39, 0x53, 0x0b, 0x33, 0x00, 0x40, 0x00, 0x00,
  0x00, 0x70, 0x17, 0x00, 0x0b, 0x01, 0x8f, 0x01, 0x0c, 0x01, 0x8f, 0x01, 0x0a, 0x01, 0xef, 0x00,
  0x04, 0x01, 0x02, 0x00, 0x05, 0x40, 0x00, 0x00, 0x00, 0x0f, 0x00, 0x00, 0x06, 0x40, 0x00, 0x00,
  0x00, 0x0f, 0x00, 0x00, 0x09, 0x01, 0x80, 0xff, 0x00, 0x01, 0x02, 0x00, 0x01, 0x01, 0x02, 0x00,
  0x03, 0x01, 0x02, 0x00, 0x02, 0x01, 0x02, 0x00, 0x14, 0x01, 0x41, 0x00, 0x10, 0x40, 0x00, 0x00,
  0x00, 0x00, 0x00, 0x00, 0x12, 0x01, 0x8f, 0x01, 0x11, 0x01, 0xef, 0x00, 0x13, 0x01, 0x02, 0x00,
  0x18, 0x01, 0x80, 0xff, 0x21, 0x01, 0x04, 0x00, 0x20, 0x01, 0x04, 0x00, 0x20, 0x40, 0x00, 0x00,
  0xa0, 0xe0, 0x2e, 0x00, 0x22, 0x40, 0x00, 0x00, 0x50, 0x08, 0x00, 0x00, 0x27, 0x01, 0x7f, 0x00,
  0x16, 0x01, 0x13, 0x00, 0x15, 0x01, 0x0b, 0x00, 0x17, 0x01, 0x0f, 0x00, 0x11, 0x00, 0x00, 0x00,
  0x03, 0x00, 0x00, 0x00, 0x00, 0x40, 0x00, 0x00, 0x00, 0x00, 0x00, 0x00, 0x09, 0x01, 0x00, 0x00,
  0x00, 0x01, 0x00, 0x00, 0x01, 0x01, 0x00, 0x00, 0x03, 0x01, 0x00, 0x00, 0x02, 0x01, 0x00, 0x00,
  0x14, 0x01, 0x01, 0x01, 0x10, 0x40, 0x00, 0x00, 0x00, 0x70, 0x17, 0x00, 0x12, 0x01, 0x1f, 0x03,
  0x11, 0x01, 0xdf, 0x01, 0x1b, 0x01, 0x1f, 0x03, 0x1c, 0x01, 0x1f, 0x03, 0x1a, 0x01, 0xdf, 0x01,
  0x15, 0x40, 0x00, 0x00, 0xa0, 0x05, 0x00, 0x00, 0x14, 0x40, 0x00, 0x00, 0x03, 0x00, 0x00, 0x00,
  0x16, 0x40, 0x00, 0x00, 0x01, 0x00, 0x00, 0x00, 0x18, 0x01, 0x00, 0x00, 0x89, 0x01, 0x00, 0x00,
  0x24, 0x40, 0x14, 0x20, 0x01, 0x00, 0x00, 0x00, 0x2a, 0x01, 0x03, 0x00, 0x2b, 0x01, 0x03, 0x00,
  0x96, 0x40, 0xd0, 0x00, 0x02, 0x00, 0x02, 0x00, 0x2c, 0x01, 0xff, 0x0f, 0x2d, 0x01, 0xff, 0x0f,
  0x21, 0x01, 0x8f, 0x01, 0x20, 0x01, 0xef, 0x00, 0x16, 0x01, 0x00, 0x00, 0x15, 0x01, 0x1b, 0x00,
  0x24, 0x01, 0x00, 0x02, 0x07, 0x00, 0x00, 0x00, 0x00, 0x00, 0xff, 0xff, 0x00, 0x00, 0x00, 0x00,
  0x77, 0x65, 0x69, 0x67, 0x68, 0x74, 0x5f, 0x64, 0x61, 0x74, 0x61, 0x00, 0x00, 0x00, 0x00, 0x00,
  0xf0, 0x08, 0x00, 0x00, 0x00, 0x00, 0x00, 0x00, 0x00, 0x00, 0x00, 0x00, 0x00, 0x00, 0x00, 0x00,
  0x7f, 0x00, 0x00, 0x00, 0x00, 0x00, 0x00, 0x00, 0x00, 0x00, 0x00, 0x00, 0x00, 0x00, 0x00, 0x00,
  0x0e, 0x2a, 0x7f, 0x00, 0x00, 0x00, 0x00, 0x00, 0x00, 0x00, 0x00, 0x00, 0x00, 0x00, 0x00, 0x00,
  0x00, 0x00, 0x00, 0x00, 0xf9, 0xf2, 0x9c, 0x7a, 0x25, 0x00, 0x00, 0x00, 0x00, 0x00, 0x00, 0x00,
  0x00, 0x00, 0x00, 0x00, 0x00, 0x00, 0x00, 0x00, 0x00, 0x00, 0x00, 0x00, 0x00, 0x00, 0x00, 0x00,
  0x00, 0x00, 0x00, 0x00, 0x00, 0x00, 0x00, 0x00, 0x00, 0x00, 0x00, 0x00, 0x00, 0x00, 0x00, 0x00,
  0x00, 0x00, 0x00, 0x00, 0x00, 0x00, 0x00, 0x00, 0x00, 0x00, 0x00, 0x00, 0x00, 0x00, 0x00, 0x00,
  0x00, 0x00, 0x00, 0x00, 0x00, 0x00, 0x00, 0x00, 0x00, 0x00, 0x00, 0x00, 0x00, 0x00, 0x00, 0x00,
  0x00, 0x00, 0x00, 0x00, 0x00, 0x00, 0x00, 0x00, 0x00, 0x00, 0x00, 0x00, 0x00, 0x00, 0x00, 0x00,
  0x00, 0x00, 0x00, 0x00, 0x00, 0x00, 0x00, 0x00, 0x00, 0x00, 0x00, 0x00, 0x00, 0x00, 0x00, 0x00,
  0x00, 0x00, 0x00, 0x00, 0x00, 0x00, 0x00, 0x00, 0x00, 0x00, 0x00, 0x00, 0x00, 0x00, 0x00, 0x00,
  0x00, 0x00, 0x00, 0x00, 0x00, 0x00, 0x00, 0x00, 0x00, 0x00, 0x00, 0x00, 0x00, 0x00, 0x00, 0x00,
  0x00, 0x00, 0x00, 0x00, 0x00, 0x00, 0x00, 0x00, 0x00, 0x00, 0x00, 0x00, 0x00, 0x00, 0x00, 0x00,
  0x10, 0x00, 0xe0, 0x2f, 0xfc, 0x6f, 0xa4, 0x32, 0x00, 0xf8, 0xdf, 0xff, 0xff, 0xff, 0xff, 0xff,
  0xff, 0xff, 0xff, 0xff, 0xff, 0xff, 0xff, 0xff, 0xff, 0xff, 0xff, 0xff, 0xff, 0xff, 0xff, 0xff,
  0xff, 0xff, 0xff, 0xff, 0xff, 0xff, 0xff, 0xff, 0xff, 0xff, 0xff, 0xff, 0xff, 0xff, 0xff, 0xff,
  0xff, 0xff, 0xff, 0xff, 0xff, 0xff, 0xff, 0xff, 0xff, 0xff, 0xff, 0xff, 0xff, 0xff, 0xff, 0xff,
  0xff, 0xff, 0xff, 0xff, 0xff, 0xff, 0xff, 0xff, 0xff, 0xff, 0xff, 0xff, 0xff, 0xff, 0xff, 0xff,
  0xff, 0xff, 0xff, 0xff, 0xff, 0xff, 0xff, 0xff, 0xff, 0x03, 0xfc, 0xff, 0xff, 0xff, 0xff, 0xff,
  0x80, 0x80, 0x80, 0x80, 0x80, 0x80, 0x80, 0x80, 0x80, 0x80, 0x80, 0x80, 0x80, 0x80, 0x80, 0x80,
  0x80, 0x80, 0x80, 0x80, 0x80, 0x80, 0x80, 0x80, 0x80, 0x80, 0x80, 0x80, 0x80, 0x80, 0x80, 0x80,
  0x80, 0x80, 0x80, 0x80, 0x80, 0x80, 0x80, 0x80, 0x80, 0x80, 0x80, 0x80, 0x80, 0x80, 0x80, 0x80,
  0x80, 0x80, 0x80, 0x80, 0x80, 0x80, 0x80, 0x80, 0x80, 0x80, 0x80, 0x80, 0x80, 0x80, 0x80, 0x80,
  0x80, 0x80, 0x80, 0x80, 0x80, 0x80, 0x80, 0x80, 0x80, 0x80, 0x80, 0x80, 0x80, 0x80, 0x80, 0x80,
  0x80, 0x80, 0x80, 0x80, 0x80, 0x80, 0x80, 0x80, 0x80, 0x80, 0x80, 0x80, 0x80, 0x80, 0x80, 0x80,
  0x80, 0x80, 0x80, 0x80, 0x80, 0x80, 0x80, 0x80, 0x80, 0x80, 0x80, 0x80, 0x80, 0x80, 0x80, 0x80,
  0x80, 0x80, 0x80, 0x80, 0x80, 0x80, 0x80, 0x80, 0x80, 0x80, 0x80, 0x80, 0x80, 0x80, 0x80, 0x80,
  0x80, 0x80, 0x80, 0x80, 0x80, 0x80, 0x80, 0x80, 0x80, 0x80, 0x80, 0x80, 0x80, 0x80, 0x80, 0x80,
  0x80, 0x80, 0x80, 0x80, 0x80, 0x80, 0x80, 0x80, 0x80, 0x80, 0x80, 0x80, 0x80, 0x80, 0x80, 0x80,
  0x80, 0x80, 0x80, 0x80, 0x80, 0x80, 0x80, 0x80, 0x80, 0x80, 0x80, 0x80, 0x80, 0x81, 0x81, 0x81,
  0x81, 0x81, 0x81, 0x81, 0x81, 0x81, 0x81, 0x81, 0x81, 0x81, 0x82, 0x82, 0x82, 0x82, 0x82, 0x82,
  0x83, 0x83, 0x83, 0x83, 0x84, 0x84, 0x84, 0x85, 0x85, 0x86, 0x86, 0x87, 0x87, 0x88, 0x88, 0x89,
  0x8a, 0x8a, 0x8b, 0x8c, 0x8d, 0x8e, 0x8f, 0x91, 0x92, 0x93, 0x95, 0x96, 0x98, 0x9a, 0x9c, 0x9e,
  0xa0, 0xa2, 0xa5, 0xa7, 0xaa, 0xad, 0xb1, 0xb4, 0xb8, 0xbc, 0xc0, 0xc5, 0xc9, 0xce, 0xd4, 0xda,
  0xe0, 0xe7, 0xee, 0xf5, 0xfd, 0x05, 0x0e, 0x18, 0x22, 0x2d, 0x38, 0x45, 0x51, 0x5f, 0x6e, 0x7d,
  0x00, 0x00, 0x00, 0x00, 0x2b, 0x81, 0x40, 0x20, 0x24, 0x00, 0x00, 0x00, 0x00, 0x00, 0x2b, 0x81,
  0x40, 0x20, 0x24, 0x00, 0x00, 0x00, 0x00, 0x00, 0x4d, 0x3d, 0xd7, 0x79, 0x26, 0x00, 0x00, 0x00,
  0x00, 0x00, 0x00, 0x00, 0x00, 0x00, 0x00, 0x00, 0x00, 0x00, 0x00, 0x00, 0x00, 0x00, 0x00, 0x00,
  0x00, 0x00, 0x00, 0x00, 0x00, 0x00, 0x00, 0x00, 0x00, 0x00, 0x00, 0x00, 0x00, 0x00, 0x00, 0x00,
  0x00, 0x00, 0x00, 0x00, 0x00, 0x00, 0x00, 0x00, 0x00, 0x00, 0x00, 0x00, 0x00, 0x00, 0x00, 0x00,
  0x00, 0x00, 0x00, 0x00, 0x00, 0x00, 0x00, 0x00, 0x00, 0x00, 0x00, 0x00, 0x00, 0x00, 0x00, 0x00,
  0x00, 0x00, 0x00, 0x00, 0x00, 0x00, 0x00, 0x00, 0x00, 0x00, 0x00, 0x00, 0x00, 0x00, 0x00, 0x00,
  0x00, 0x00, 0x00, 0x00, 0x00, 0x00, 0x00, 0x00, 0x00, 0x00, 0x00, 0x00, 0x00, 0x00, 0x00, 0x00,
  0x00, 0x00, 0x00, 0x00, 0x00, 0x00, 0x00, 0x00, 0x00, 0x00, 0x00, 0x00, 0x00, 0x00, 0x00, 0x00,
  0x00, 0x00, 0x00, 0x00, 0x00, 0x00, 0x00, 0x00, 0x00, 0x00, 0x00, 0x00, 0x00, 0x00, 0x00, 0x00,
  0x10, 0x00, 0xc0, 0x1f, 0xec, 0x0f, 0x00, 0x00, 0xfe, 0xfe, 0xfe, 0xff, 0xff, 0xff, 0xff, 0xff,
  0xff, 0xff, 0xff, 0xff, 0xff, 0xff, 0xff, 0xff, 0xff, 0xff, 0xff, 0xff, 0xff, 0xff, 0xff, 0xff,
  0xff, 0xff, 0xff, 0xff, 0xff, 0xff, 0xff, 0xff, 0xff, 0xff, 0xff, 0xff, 0xff, 0xff, 0xff, 0xff,
  0xff, 0xff, 0xff, 0xff, 0xff, 0xff, 0xff, 0xff, 0xff, 0xff, 0xff, 0xff, 0xff, 0xff, 0xff, 0xff,
  0xff, 0xff, 0xff, 0xff, 0xff, 0xff, 0xff, 0xff, 0xff, 0xff, 0xff, 0xff, 0xff, 0xff, 0xff, 0xff,
  0xff, 0xff, 0xff, 0xff, 0xff, 0xff, 0xff, 0xff, 0x00, 0xff, 0xff, 0xff, 0xff, 0xff, 0xff, 0xff,
  0x00, 0x00, 0x00, 0x00, 0x3b, 0x00, 0x88, 0x0a, 0x28, 0x00, 0x00, 0x00, 0x00, 0x00, 0x00, 0x00,
  0x00, 0x00, 0x00, 0x00, 0x00, 0x00, 0x00, 0x00, 0x00, 0x00, 0x00, 0x00, 0x00, 0x00, 0x00, 0x00,
  0x00, 0x00, 0x00, 0x00, 0x00, 0x00, 0x00, 0x00, 0x00, 0x00, 0x00, 0x00, 0x00, 0x00, 0x00, 0x00,
  0x00, 0x00, 0x00, 0x00, 0x00, 0x00, 0x00, 0x00, 0x00, 0x00, 0x00, 0x00, 0x00, 0x00, 0x00, 0x00,
  0x00, 0x00, 0x00, 0x00, 0x00, 0x00, 0x00, 0x00, 0x00, 0x00, 0x00, 0x00, 0x00, 0x00, 0x00, 0x00,
  0x00, 0x00, 0x00, 0x00, 0x00, 0x00, 0x00, 0x00, 0x00, 0x00, 0x00, 0x00, 0x00, 0x00, 0x00, 0x00,
  0x00, 0x00, 0x00, 0x00, 0x00, 0x00, 0x00, 0x00, 0x00, 0x00, 0x00, 0x00, 0x00, 0x00, 0x00, 0x00,
  0x00, 0x00, 0x00, 0x00, 0x00, 0x00, 0x00, 0x00, 0x00, 0x00, 0x00, 0x00, 0x00, 0x00, 0x00, 0x00,
  0x00, 0x00, 0x00, 0x00, 0x00, 0x00, 0x00, 0x00, 0x00, 0x00, 0x00, 0x00, 0x00, 0x00, 0x00, 0x00,
  0x00, 0x00, 0x00, 0x00, 0x00, 0x00, 0x00, 0x00, 0x00, 0x00, 0x00, 0x00, 0x00, 0x00, 0x00, 0x00,
  0x83, 0x01, 0xc0, 0x1f, 0xec, 0x0f, 0x00, 0x00, 0xaa, 0xaa, 0xf8, 0x0f, 0x00, 0xaa, 0xff, 0xaf,
  0xfa, 0xff, 0xaa, 0xff, 0x0f, 0x00, 0xaa, 0xff, 0xaf, 0xfa, 0xff, 0xaa, 0xff, 0x0f, 0x00, 0xaa,
  0xff, 0xaf, 0xfa, 0xff, 0xaa, 0xff, 0x0f, 0x00, 0xaa, 0xff, 0xef, 0xf0, 0xff, 0xff, 0xff, 0xff,
  0x00, 0x00, 0x00, 0x00, 0x27, 0xd6, 0xe2, 0x50, 0x25, 0x00, 0x00, 0x00, 0x00, 0x00, 0xa5, 0x8e,
  0xe3, 0x4e, 0x25, 0x00, 0x00, 0x00, 0x00, 0x00, 0xc1, 0x46, 0xe4, 0x4c, 0x25, 0x00, 0x00, 0x00,
  0x00, 0x00, 0x00, 0x00, 0x00, 0x00, 0x00, 0x00, 0x00, 0x00, 0x00, 0x00, 0x00, 0x00, 0x00, 0x00,
  0x00, 0x00, 0x00, 0x00, 0x00, 0x00, 0x00, 0x00, 0x00, 0x00, 0x00, 0x00, 0x00, 0x00, 0x00, 0x00,
  0x00, 0x00, 0x00, 0x00, 0x00, 0x00, 0x00, 0x00, 0x00, 0x00, 0x00, 0x00, 0x00, 0x00, 0x00, 0x00,
  0x00, 0x00, 0x00, 0x00, 0x00, 0x00, 0x00, 0x00, 0x00, 0x00, 0x00, 0x00, 0x00, 0x00, 0x00, 0x00,
  0x00, 0x00, 0x00, 0x00, 0x00, 0x00, 0x00, 0x00, 0x00, 0x00, 0x00, 0x00, 0x00, 0x00, 0x00, 0x00,
  0x00, 0x00, 0x00, 0x00, 0x00, 0x00, 0x00, 0x00, 0x00, 0x00, 0x00, 0x00, 0x00, 0x00, 0x00, 0x00,
  0x00, 0x00, 0x00, 0x00, 0x00, 0x00, 0x00, 0x00, 0x00, 0x00, 0x00, 0x00, 0x00, 0x00, 0x00, 0x00,
  0x00, 0x00, 0x00, 0x00, 0x00, 0x00, 0x00, 0x00, 0x00, 0x00, 0x00, 0x00, 0x00, 0x00, 0x00, 0x00,
  0x40, 0x00, 0xdc, 0x7f, 0xfc, 0xef, 0x6f, 0x1c, 0xcc, 0xe9, 0x25, 0x04, 0x82, 0x8f, 0x8f, 0x5f,
  0x62, 0x87, 0x95, 0xff, 0xff, 0xff, 0xff, 0xff, 0xff, 0xff, 0xff, 0xff, 0xff, 0xff, 0xff, 0xff,
  0xff, 0xff, 0xff, 0xff, 0xff, 0xff, 0xff, 0xff, 0xff, 0xff, 0xff, 0xff, 0xff, 0xff, 0xff, 0xff,
  0xff, 0xff, 0xff, 0xff, 0xff, 0xff, 0xff, 0xff, 0xff, 0xff, 0xff, 0xff, 0xff, 0xff, 0xff, 0xff,
  0xff, 0xff, 0xff, 0xff, 0xff, 0xff, 0xff, 0xff, 0xff, 0xff, 0xff, 0xff, 0xff, 0xff, 0xff, 0xff,
  0xff, 0xff, 0xff, 0xff, 0xff, 0xff, 0xff, 0xff, 0xff, 0xff, 0xff, 0xff, 0xff, 0xff, 0xff, 0x7f,
  0x80, 0xff, 0xff, 0xff, 0xff, 0xff, 0xff, 0xff, 0xff, 0xff, 0xff, 0xff, 0xff, 0xff, 0xff, 0xff,
  0xb8, 0x0e, 0x00, 0x00, 0xe5, 0x1c, 0x31, 0x21, 0x24, 0x00, 0xb7, 0x11, 0x00, 0x00, 0x9b, 0x9b,
  0x7d, 0x77, 0x26, 0x00, 0x2a, 0x1a, 0x00, 0x00, 0xaf, 0x56, 0x93, 0x63, 0x26, 0x00, 0x00, 0x00,
  0x00, 0x00, 0x00, 0x00, 0x00, 0x00, 0x00, 0x00, 0x00, 0x00, 0x00, 0x00, 0x00, 0x00, 0x00, 0x00,
  0x00, 0x00, 0x00, 0x00, 0x00, 0x00, 0x00, 0x00, 0x00, 0x00, 0x00, 0x00, 0x00, 0x00, 0x00, 0x00,
  0x00, 0x00, 0x00, 0x00, 0x00, 0x00, 0x00, 0x00, 0x00, 0x00, 0x00, 0x00, 0x00, 0x00, 0x00, 0x00,
  0x00, 0x00, 0x00, 0x00, 0x00, 0x00, 0x00, 0x00, 0x00, 0x00, 0x00, 0x00, 0x00, 0x00, 0x00, 0x00,
  0x00, 0x00, 0x00, 0x00, 0x00, 0x00, 0x00, 0x00, 0x00, 0x00, 0x00, 0x00, 0x00, 0x00, 0x00, 0x00,
  0x00, 0x00, 0x00, 0x00, 0x00, 0x00, 0x00, 0x00, 0x00, 0x00, 0x00, 0x00, 0x00, 0x00, 0x00, 0x00,
  0x00, 0x00, 0x00, 0x00, 0x00, 0x00, 0x00, 0x00, 0x00, 0x00, 0x00, 0x00, 0x00, 0x00, 0x00, 0x00,
  0x00, 0x00, 0x00, 0x00, 0x00, 0x00, 0x00, 0x00, 0x00, 0x00, 0x00, 0x00, 0x00, 0x00, 0x00, 0x00,
  0x40, 0x00, 0xc0, 0x5f, 0xec, 0xef, 0x4a, 0xc9, 0xe7, 0x04, 0xe3, 0x6d, 0xf8, 0x38, 0x17, 0x00,
  0x8f, 0xff, 0xff, 0xff, 0xff, 0xff, 0xff, 0xff, 0xff, 0xff, 0xff, 0xff, 0xff, 0xff, 0xff, 0xff,
  0xff, 0xff, 0xff, 0xff, 0xff, 0xff, 0xff, 0xff, 0xff, 0xff, 0xff, 0xff, 0xff, 0xff, 0xff, 0xff,
  0xff, 0xff, 0xff, 0xff, 0xff, 0xff, 0xff, 0xff, 0xff, 0xff, 0xff, 0xff, 0xff, 0xff, 0xff, 0xff,
  0xff, 0xff, 0xff, 0xff, 0xff, 0xff, 0xff, 0xff, 0xff, 0xff, 0xff, 0xff, 0xff, 0xff, 0xff, 0xff,
  0xff, 0xff, 0xff, 0xff, 0xff, 0xff, 0xff, 0xff, 0xff, 0xff, 0xff, 0xff, 0xff, 0xff, 0x1f, 0xe0,
  0x00, 0x00, 0x00, 0x00, 0x03, 0x9b, 0x89, 0x2d, 0x28, 0x00, 0x00, 0x00, 0x00, 0x00, 0x03, 0x9b,
  0x89, 0x2d, 0x28, 0x00, 0x00, 0x00, 0x00, 0x00, 0x03, 0x9b, 0x89, 0x2d, 0x28, 0x00, 0x00, 0x00,
  0x00, 0x00, 0x00, 0x00, 0x00, 0x00, 0x00, 0x00, 0x00, 0x00, 0x00, 0x00, 0x00, 0x00, 0x00, 0x00,
  0x00, 0x00, 0x00, 0x00, 0x00, 0x00, 0x00, 0x00, 0x00, 0x00, 0x00, 0x00, 0x00, 0x00, 0x00, 0x00,
  0x00, 0x00, 0x00, 0x00, 0x00, 0x00, 0x00, 0x00, 0x00, 0x00, 0x00, 0x00, 0x00, 0x00, 0x00, 0x00,
  0x00, 0x00, 0x00, 0x00, 0x00, 0x00, 0x00, 0x00, 0x00, 0x00, 0x00, 0x00, 0x00, 0x00, 0x00, 0x00,
  0x00, 0x00, 0x00, 0x00, 0x00, 0x00, 0x00, 0x00, 0x00, 0x00, 0x00, 0x00, 0x00, 0x00, 0x00, 0x00,
  0x00, 0x00, 0x00, 0x00, 0x00, 0x00, 0x00, 0x00, 0x00, 0x00, 0x00, 0x00, 0x00, 0x00, 0x00, 0x00,
  0x00, 0x00, 0x00, 0x00, 0x00, 0x00, 0x00, 0x00, 0x00, 0x00, 0x00, 0x00, 0x00, 0x00, 0x00, 0x00,
  0x00, 0x00, 0x00, 0x00, 0x00, 0x00, 0x00, 0x00, 0x00, 0x00, 0x00, 0x00, 0x00, 0x00, 0x00, 0x00,
  0x10, 0x00, 0xc0, 0x1f, 0xec, 0x0f, 0x00, 0x00, 0xf8, 0xff, 0xff, 0xff, 0xff, 0xff, 0xff, 0xff,
  0xff, 0xff, 0xff, 0xff, 0xff, 0xff, 0xff, 0xff, 0xff, 0xff, 0xff, 0xff, 0x00, 0xff, 0xff, 0xff,
  0x00, 0x00, 0x00, 0x00, 0xaf, 0x24, 0x12, 0x09, 0x25, 0x00, 0x00, 0x00, 0x00, 0x00, 0xaf, 0x24,
  0x12, 0x09, 0x25, 0x00, 0x00, 0x00, 0x00, 0x00, 0xaf, 0x24, 0x12, 0x09, 0x25, 0x00, 0x00, 0x00,
  0x00, 0x00, 0x00, 0x00, 0x00, 0x00, 0x00, 0x00, 0x00, 0x00, 0x00, 0x00, 0x00, 0x00, 0x00, 0x00,
  0x00, 0x00, 0x00, 0x00, 0x00, 0x00, 0x00, 0x00, 0x00, 0x00, 0x00, 0x00, 0x00, 0x00, 0x00, 0x00,
  0x00, 0x00, 0x00, 0x00, 0x00, 0x00, 0x00, 0x00, 0x00, 0x00, 0x00, 0x00, 0x00, 0x00, 0x00, 0x00,
  0x00, 0x00, 0x00, 0x00, 0x00, 0x00, 0x00, 0x00, 0x00, 0x00, 0x00, 0x00, 0x00, 0x00, 0x00, 0x00,
  0x00, 0x00, 0x00, 0x00, 0x00, 0x00, 0x00, 0x00, 0x00, 0x00, 0x00, 0x00, 0x00, 0x00, 0x00, 0x00,
  0x00, 0x00, 0x00, 0x00, 0x00, 0x00, 0x00, 0x00, 0x00, 0x00, 0x00, 0x00, 0x00, 0x00, 0x00, 0x00,
  0x00, 0x00, 0x00, 0x00, 0x00, 0x00, 0x00, 0x00, 0x00, 0x00, 0x00, 0x00, 0x00, 0x00, 0x00, 0x00,
  0x00, 0x00, 0x00, 0x00, 0x00, 0x00, 0x00, 0x00, 0x00, 0x00, 0x00, 0x00, 0x00, 0x00, 0x00, 0x00,
  0x51, 0x02, 0x64, 0x54, 0xcc, 0xa1, 0x0a, 0xa7, 0x82, 0xe0, 0x7f, 0x1c, 0xf8, 0x71, 0x1c, 0xc7,
  0x8f, 0x1f, 0xc0, 0x81, 0x1c, 0x3f, 0x80, 0x07, 0x3f, 0x72, 0x1c, 0x3f, 0x0e, 0x24, 0xc7, 0x0f,
  0xfc, 0xc1, 0x8f, 0x1c, 0xc7, 0x8f, 0x1f, 0xc9, 0xf1, 0xff, 0x47, 0xf0, 0x23, 0xc7, 0xf1, 0xe3,
  0x40, 0x72, 0xfc, 0x38, 0x10, 0xfc, 0xc8, 0x71, 0xfc, 0xf8, 0x91, 0x1c, 0x3f, 0x70, 0x04, 0x3f,
  0x72, 0x00, 0x3f, 0xfe, 0xe4, 0xf8, 0x11, 0xfc, 0xcf, 0xff, 0xe7, 0xff, 0xff, 0x3f, 0x00, 0xfe,
  0x00, 0x00, 0x00, 0x00, 0x45, 0x22, 0x91, 0x00, 0x21, 0x00, 0x00, 0x00, 0x00, 0x00, 0x45, 0x22,
  0x91, 0x00, 0x21, 0x00, 0x00, 0x00, 0x00, 0x00, 0x45, 0x22, 0x91, 0x00, 0x21, 0x00, 0x00, 0x00,
  0x00, 0x00, 0x00, 0x00, 0x00, 0x00, 0x00, 0x00, 0x00, 0x00, 0x00, 0x00, 0x00, 0x00, 0x00, 0x00,
  0x00, 0x00, 0x00, 0x00, 0x00, 0x00, 0x00, 0x00, 0x00, 0x00, 0x00, 0x00, 0x00, 0x00, 0x00, 0x00,
  0x00, 0x00, 0x00, 0x00, 0x00, 0x00, 0x00, 0x00, 0x00, 0x00, 0x00, 0x00, 0x00, 0x00, 0x00, 0x00,
  0x00, 0x00, 0x00, 0x00, 0x00, 0x00, 0x00, 0x00, 0x00, 0x00, 0x00, 0x00, 0x00, 0x00, 0x00, 0x00,
  0x00, 0x00, 0x00, 0x00, 0x00, 0x00, 0x00, 0x00, 0x00, 0x00, 0x00, 0x00, 0x00, 0x00, 0x00, 0x00,
  0x00, 0x00, 0x00, 0x00, 0x00, 0x00, 0x00, 0x00, 0x00, 0x00, 0x00, 0x00, 0x00, 0x00, 0x00, 0x00,
  0x00, 0x00, 0x00, 0x00, 0x00, 0x00, 0x00, 0x00, 0x00, 0x00, 0x00, 0x00, 0x00, 0x00, 0x00, 0x00,
  0x00, 0x00, 0x00, 0x00, 0x00, 0x00, 0x00, 0x00, 0x00, 0x00, 0x00, 0x00, 0x00, 0x00, 0x00, 0x00,
  0x00, 0x00, 0x00, 0x00, 0x39, 0x53, 0x0b, 0x33, 0x26, 0x00, 0x00, 0x00, 0x00, 0x00, 0x39, 0x53,
  0x0b, 0x33, 0x26, 0x00, 0x00, 0x00, 0x00, 0x00, 0x39, 0x53, 0x0b, 0x33, 0x26, 0x00, 0x00, 0x00,
  0x00, 0x00, 0x00, 0x00, 0x00, 0x00, 0x00, 0x00, 0x00, 0x00, 0x00, 0x00, 0x00, 0x00, 0x00, 0x00,
  0x00, 0x00, 0x00, 0x00, 0x00, 0x00, 0x00, 0x00, 0x00, 0x00, 0x00, 0x00, 0x00, 0x00, 0x00, 0x00,
  0x00, 0x00, 0x00, 0x00, 0x00, 0x00, 0x00, 0x00, 0x00, 0x00, 0x00, 0x00, 0x00, 0x00, 0x00, 0x00,
  0x00, 0x00, 0x00, 0x00, 0x00, 0x00, 0x00, 0x00, 0x00, 0x00, 0x00, 0x00, 0x00, 0x00, 0x00, 0x00,
  0x00, 0x00, 0x00, 0x00, 0x00, 0x00, 0x00, 0x00, 0x00, 0x00, 0x00, 0x00, 0x00, 0x00, 0x00, 0x00,
  0x00, 0x00, 0x00, 0x00, 0x00, 0x00, 0x00, 0x00, 0x00, 0x00, 0x00, 0x00, 0x00, 0x00, 0x00, 0x00,
  0x00, 0x00, 0x00, 0x00, 0x00, 0x00, 0x00, 0x00, 0x00, 0x00, 0x00, 0x00, 0x00, 0x00, 0x00, 0x00,
  0x00, 0x00, 0x00, 0x00, 0x00, 0x00, 0x00, 0x00, 0x00, 0x00, 0x00, 0x00, 0x00, 0x00, 0x00, 0x00,
  0x73, 0x63, 0x72, 0x61, 0x74, 0x63, 0x68, 0x5f, 0x73, 0x69, 0x7a, 0x65, 0x00, 0x00, 0x00, 0x00,
  0x04, 0x00, 0x00, 0x00, 0x00, 0x00, 0x00, 0x00, 0x00, 0x00, 0x00, 0x00, 0x00, 0x00, 0x00, 0x00,
  0x50, 0xff, 0x3e, 0x00, 0x00, 0x00, 0x00, 0x00, 0x00, 0x00, 0x00, 0x00, 0x00, 0x00, 0x00, 0x00,
  0x69, 0x6e, 0x70, 0x75, 0x74, 0x73, 0x00, 0x00, 0x00, 0x00, 0x00, 0x00, 0x00, 0x00, 0x00, 0x00,
  0x70, 0x00, 0x00, 0x00, 0x00, 0x00, 0x00, 0x00, 0x00, 0x00, 0x00, 0x00, 0x00, 0x00, 0x00, 0x00,
  0x03, 0x00, 0x00, 0x00, 0x01, 0x00, 0x00, 0x00, 0x01, 0x00, 0x00, 0x00, 0x01, 0x00, 0x00, 0x00,
  0x03, 0x00, 0x00, 0x00, 0x90, 0x01, 0x00, 0x00, 0xf0, 0x00, 0x00, 0x00, 0x01, 0x00, 0x00, 0x00,
  0x50, 0x54, 0x07, 0x00, 0x01, 0x00, 0x00, 0x00, 0x01, 0x00, 0x00, 0x00, 0x01, 0x00, 0x00, 0x00,
  0x01, 0x00, 0x00, 0x00, 0x03, 0x00, 0x00, 0x00, 0x90, 0x01, 0x00, 0x00, 0xf0, 0x00, 0x00, 0x00,
  0x01, 0x00, 0x00, 0x00, 0x50, 0x99, 0x3a, 0x00, 0x01, 0x00, 0x00, 0x00, 0x01, 0x00, 0x00, 0x00,
  0x01, 0x00, 0x00, 0x00, 0x01, 0x00, 0x00, 0x00, 0x01, 0x00, 0x00, 0x00, 0x90, 0x01, 0x00, 0x00,
  0xf0, 0x00, 0x00, 0x00, 0x01, 0x00, 0x00, 0x00, 0x00, 0x00, 0x00, 0x00, 0x01, 0x00, 0x00, 0x00,
  0x6f, 0x75, 0x74, 0x70, 0x75, 0x74, 0x73, 0x00, 0x00, 0x00, 0x00, 0x00, 0x00, 0x00, 0x00, 0x00,
  0x28, 0x00, 0x00, 0x00, 0x00, 0x00, 0x00, 0x00, 0x00, 0x00, 0x00, 0x00, 0x00, 0x00, 0x00, 0x00,
  0x01, 0x00, 0x00, 0x00, 0x01, 0x00, 0x00, 0x00, 0x01, 0x00, 0x00, 0x00, 0x01, 0x00, 0x00, 0x00,
  0x20, 0x03, 0x00, 0x00, 0xe0, 0x01, 0x00, 0x00, 0x03, 0x00, 0x00, 0x00, 0x01, 0x00, 0x00, 0x00,
  0x00, 0x70, 0x17, 0x00, 0x01, 0x00, 0x00, 0x00, 0x00, 0x00, 0x00, 0x00, 0x00, 0x00, 0x00, 0x00,
  0x76, 0x65, 0x6c, 0x61, 0x5f, 0x65, 0x6e, 0x64, 0x5f, 0x73, 0x74, 0x72, 0x65, 0x61, 0x6d, 0x00,
  0x00, 0x00, 0x00, 0x00, 0x00, 0x00, 0x00, 0x00, 0x00, 0x00, 0x00, 0x00, 0x00, 0x00, 0x00, 0x00,
  0x00, 0x00, 0x00, 0x00, 0x02, 0xa3, 0xff, 0xff, 0x04, 0x00, 0x00, 0x00, 0x10, 0x0f, 0x00, 0x00,
  0x76, 0x65, 0x6c, 0x61, 0x5f, 0x62, 0x69, 0x6e, 0x5f, 0x73, 0x74, 0x72, 0x65, 0x61, 0x6d, 0x00,
  0x00, 0x00, 0x00, 0x00, 0x00, 0x00, 0x00, 0x00, 0x00, 0x00, 0x00, 0x00, 0x00, 0x00, 0x00, 0x00,
  0x63, 0x6d, 0x64, 0x5f, 0x64, 0x61, 0x74, 0x61, 0x00, 0x00, 0x00, 0x00, 0x00, 0x00, 0x00, 0x00,
  0x50, 0x05, 0x00, 0x00, 0x00, 0x00, 0x00, 0x00, 0x00, 0x00, 0x00, 0x00, 0x00, 0x00, 0x00, 0x00,
  0x43, 0x4f, 0x50, 0x31, 0x01, 0x00, 0x10, 0x00, 0x18, 0x01, 0x00, 0x20, 0x00, 0x70, 0x00, 0x20,
  0x05, 0x00, 0x00, 0x00, 0x05, 0x00, 0x00, 0x00, 0x05, 0x00, 0x00, 0x00, 0x02, 0x00, 0x4c, 0x01,
  0x05, 0x01, 0x05, 0x00, 0x0f, 0x01, 0x01, 0x00, 0x00, 0x40, 0x00, 0x00, 0x70, 0x50, 0x00, 0x00,
  0x01, 0x40, 0x00, 0x00, 0x00, 0x00, 0x00, 0x00, 0x02, 0x40, 0x00, 0x00, 0x00, 0x00, 0x00, 0x00,
  0x03, 0x40, 0x00, 0x00, 0x00, 0x00, 0x00, 0x00, 0x0b, 0x01, 0x00, 0x00, 0x0c, 0x01, 0x00, 0x00,
  0x0a, 0x01, 0x03, 0x00, 0x04, 0x01, 0x02, 0x00, 0x05, 0x40, 0x00, 0x00, 0x18, 0x00, 0x00, 0x00,
  0x04, 0x40, 0x00, 0x00, 0x06, 0x00, 0x00, 0x00, 0x06, 0x40, 0x00, 0x00, 0x02, 0x00, 0x00, 0x00,
  0x09, 0x01, 0x00, 0x00, 0x07, 0x01, 0x00, 0x00, 0x00, 0x01, 0x00, 0x00, 0x01, 0x01, 0x00, 0x00,
  0x03, 0x01, 0x00, 0x00, 0x02, 0x01, 0x00, 0x00, 0x14, 0x01, 0x43, 0x11, 0x1f, 0x01, 0x01, 0x00,
  0x10, 0x40, 0x00, 0x00, 0x10, 0x50, 0x00, 0x00, 0x11, 0x40, 0x00, 0x00, 0x00, 0x00, 0x00, 0x00,
  0x12, 0x40, 0x00, 0x00, 0x00, 0x00, 0x00, 0x00, 0x13, 0x40, 0x00, 0x00, 0x00, 0x00, 0x00, 0x00,
  0x12, 0x01, 0x00, 0x00, 0x11, 0x01, 0x03, 0x00, 0x13, 0x01, 0x02, 0x00, 0x1b, 0x01, 0x00, 0x00,
  0x1c, 0x01, 0x00, 0x00, 0x1a, 0x01, 0x02, 0x00, 0x15, 0x40, 0x00, 0x00, 0x60, 0x00, 0x00, 0x00,
  0x14, 0x40, 0x00, 0x00, 0x20, 0x00, 0x00, 0x00, 0x16, 0x40, 0x00, 0x00, 0x60, 0x00, 0x00, 0x00,
  0x18, 0x01, 0x00, 0x00, 0x21, 0x01, 0x00, 0x00, 0x20, 0x01, 0x00, 0x00, 0x22, 0x01, 0x00, 0x00,
  0x25, 0x01, 0x00, 0x00, 0x26, 0x01, 0x00, 0x80, 0x27, 0x01, 0xff, 0x7f, 0x24, 0x40, 0x00, 0x00,
  0x01, 0x00, 0x00, 0x00, 0x16, 0x01, 0x00, 0x00, 0x15, 0x01, 0x0f, 0x00, 0x17, 0x01, 0x0f, 0x00,
  0x24, 0x01, 0x00, 0x02, 0x2f, 0x01, 0x00, 0x00, 0x05, 0x00, 0x03, 0x00, 0x85, 0x01, 0x45, 0x00,
  0x8f, 0x01, 0x01, 0x00, 0x80, 0x40, 0x00, 0x00, 0x10, 0x50, 0x00, 0x00, 0x81, 0x40, 0x00, 0x00,
  0x00, 0x00, 0x00, 0x00, 0x82, 0x40, 0x00, 0x00, 0x00, 0x00, 0x00, 0x00, 0x83, 0x40, 0x00, 0x00,
  0x00, 0x00, 0x00, 0x00, 0x8b, 0x01, 0x00, 0x00, 0x8c, 0x01, 0x00, 0x00, 0x8a, 0x01, 0x02, 0x00,
  0x85, 0x40, 0x00, 0x00, 0x60, 0x00, 0x00, 0x00, 0x84, 0x40, 0x00, 0x00, 0x20, 0x00, 0x00, 0x00,
  0x86, 0x40, 0x00, 0x00, 0x60, 0x00, 0x00, 0x00, 0x89, 0x01, 0x00, 0x00, 0x2e, 0x01, 0x00, 0x00,
  0x24, 0x40, 0x0c, 0x20, 0x01, 0x00, 0x00, 0x00, 0x00, 0x40, 0x00, 0x00, 0x10, 0x10, 0x00, 0x00,
  0x0a, 0x01, 0xff, 0x07, 0x04, 0x01, 0x03, 0x00, 0x05, 0x40, 0x00, 0x00, 0x00, 0x40, 0x00, 0x00,
  0x04, 0x40, 0x00, 0x00, 0x08, 0x00, 0x00, 0x00, 0x14, 0x01, 0x03, 0x01, 0x10, 0x40, 0x00, 0x00,
  0x10, 0x50, 0x01, 0x00, 0x11, 0x01, 0xff, 0x07, 0x1a, 0x01, 0xff, 0x07, 0x15, 0x40, 0x00, 0x00,
  0x00, 0x30, 0x00, 0x00, 0x14, 0x40, 0x00, 0x00, 0x06, 0x00, 0x00, 0x00, 0x16, 0x40, 0x00, 0x00,
  0x02, 0x00, 0x00, 0x00, 0x15, 0x01, 0x3f, 0x00, 0x24, 0x01, 0x01, 0x02, 0x02, 0x00, 0x01, 0x00,
  0x30, 0x01, 0x00, 0x00, 0x30, 0x40, 0x00, 0x00, 0x00, 0x00, 0x00, 0x00, 0x31, 0x01, 0x03, 0x01,
  0x31, 0x40, 0x00, 0x00, 0x00, 0x00, 0x00, 0x00, 0x32, 0x40, 0x00, 0x00, 0x00, 0x08, 0x00, 0x00,
  0x32, 0x01, 0x01, 0x00, 0x10, 0x00, 0x00, 0x00, 0x00, 0x40, 0x00, 0x00, 0x14, 0x50, 0x01, 0x00,
  0x04, 0x01, 0x00, 0x00, 0x05, 0x40, 0x00, 0x00, 0x00, 0x30, 0x00, 0x00, 0x04, 0x40, 0x00, 0x00,
  0x06, 0x00, 0x00, 0x00, 0x14, 0x01, 0x43, 0x01, 0x10, 0x40, 0x00, 0x00, 0x10, 0x10, 0x00, 0x00,
  0x13, 0x01, 0x00, 0x00, 0x15, 0x40, 0x00, 0x00, 0x00, 0x00, 0x01, 0x00, 0x14, 0x40, 0x00, 0x00,
  0x20, 0x00, 0x00, 0x00, 0x16, 0x40, 0x00, 0x00, 0x00, 0x00, 0x01, 0x00, 0x25, 0x01, 0x08, 0x00,
  0x24, 0x40, 0x00, 0x20, 0x01, 0x00, 0x00, 0x00, 0x15, 0x01, 0x7f, 0x00, 0x24, 0x01, 0x00, 0x02,
  0x2f, 0x01, 0x07, 0x00, 0x11, 0x00, 0x00, 0x00, 0x05, 0x00, 0x03, 0x00, 0x25, 0x40, 0x00, 0x20,
  0x01, 0x00, 0x00, 0x00, 0x26, 0x40, 0x00, 0x20, 0x01, 0x00, 0x00, 0x00, 0x24, 0x40, 0x0c, 0x20,
  0x01, 0x00, 0x00, 0x00, 0x00, 0x40, 0x00, 0x00, 0x10, 0x50, 0x01, 0x00, 0x04, 0x01, 0x01, 0x00,
  0x14, 0x01, 0x03, 0x01, 0x10, 0x40, 0x00, 0x00, 0x10, 0x10, 0x01, 0x00, 0x13, 0x01, 0x01, 0x00,
  0x15, 0x40, 0x00, 0x00, 0x00, 0x40, 0x00, 0x00, 0x14, 0x40, 0x00, 0x00, 0x08, 0x00, 0x00, 0x00,
  0x16, 0x40, 0x00, 0x00, 0x02, 0x00, 0x00, 0x00, 0x25, 0x01, 0x00, 0x00, 0x80, 0x40, 0x00, 0x00,
  0x10, 0x10, 0x00, 0x00, 0x8a, 0x01, 0xff, 0x07, 0x85, 0x40, 0x00, 0x00, 0x00, 0x00, 0x01, 0x00,
  0x86, 0x40, 0x00, 0x00, 0x00, 0x00, 0x01, 0x00, 0x08, 0x01, 0x00, 0x00, 0x80, 0x01, 0x04, 0x00,
  0x15, 0x01, 0x07, 0x00, 0x24, 0x01, 0x01, 0x02, 0x06, 0x00, 0x00, 0x00, 0x00, 0x40, 0x00, 0x00,
  0x00, 0x00, 0x00, 0x00, 0x0b, 0x01, 0x0f, 0x00, 0x0c, 0x01, 0x0f, 0x00, 0x0a, 0x01, 0x07, 0x00,
  0x04, 0x01, 0x0f, 0x00, 0x05, 0x40, 0x00, 0x00, 0x00, 0x01, 0x00, 0x00, 0x04, 0x40, 0x00, 0x00,
  0x20, 0x00, 0x00, 0x00, 0x10, 0x40, 0x00, 0x00, 0x00, 0x00, 0x00, 0x00, 0x12, 0x01, 0x0f, 0x00,
  0x11, 0x01, 0x07, 0x00, 0x13, 0x01, 0x0f, 0x00, 0x1b, 0x01, 0x0f, 0x00, 0x1c, 0x01, 0x0f, 0x00,
  0x1a, 0x01, 0x07, 0x00, 0x15, 0x40, 0x00, 0x00, 0x00, 0x01, 0x00, 0x00, 0x14, 0x40, 0x00, 0x00,
  0x20, 0x00, 0x00, 0x00, 0x27, 0x01, 0x00, 0x00, 0x24, 0x40, 0x00, 0x00, 0x01, 0x00, 0x00, 0x00,
  0x16, 0x01, 0x0f, 0x00, 0x24, 0x01, 0x00, 0x02, 0x05, 0x00, 0x03, 0x00, 0x24, 0x40, 0x0c, 0x20,
  0x01, 0x00, 0x00, 0x00, 0x05, 0x01, 0x05, 0x00, 0x0f, 0x01, 0x01, 0x00, 0x00, 0x40, 0x00, 0x00,
  0x02, 0x10, 0x00, 0x00, 0x01, 0x40, 0x00, 0x00, 0x00, 0x00, 0x00, 0x00, 0x02, 0x40, 0x00, 0x00,
  0x00, 0x00, 0x00, 0x00, 0x03, 0x40, 0x00, 0x00, 0x00, 0x00, 0x00, 0x00, 0x0b, 0x01, 0x00, 0x00,
  0x0c, 0x01, 0x00, 0x00, 0x0a, 0x01, 0x00, 0x00, 0x04, 0x01, 0x00, 0x00, 0x05, 0x40, 0x00, 0x00,
  0x04, 0x00, 0x00, 0x00, 0x04, 0x40, 0x00, 0x00, 0x04, 0x00, 0x00, 0x00, 0x06, 0x40, 0x00, 0x00,
  0x02, 0x00, 0x00, 0x00, 0x09, 0x01, 0x00, 0x00, 0x14, 0x01, 0x43, 0x81, 0x1f, 0x01, 0x00, 0x00,
  0x12, 0x01, 0x00, 0x00, 0x11, 0x01, 0xff, 0x07, 0x13, 0x01, 0x00, 0x00, 0x27, 0x01, 0xff, 0x7f,
  0x85, 0x01, 0x05, 0x00, 0x8f, 0x01, 0x01, 0x00, 0x80, 0x40, 0x00, 0x00, 0x00, 0x00, 0x00, 0x00,
  0x81, 0x40, 0x00, 0x00, 0x00, 0x00, 0x00, 0x00, 0x82, 0x40, 0x00, 0x00, 0x00, 0x00, 0x00, 0x00,
  0x83, 0x40, 0x00, 0x00, 0x00, 0x00, 0x00, 0x00, 0x8b, 0x01, 0x00, 0x00, 0x8c, 0x01, 0x00, 0x00,
  0x8a, 0x01, 0xff, 0x07, 0x85, 0x40, 0x00, 0x00, 0x00, 0x10, 0x00, 0x00, 0x84, 0x40, 0x00, 0x00,
  0x02, 0x00, 0x00, 0x00, 0x86, 0x40, 0x00, 0x00, 0x02, 0x00, 0x00, 0x00, 0x89, 0x01, 0x00, 0x00,
  0x08, 0x01, 0x02, 0x00, 0x80, 0x01, 0x00, 0x00, 0x16, 0x01, 0x00, 0x00, 0x15, 0x01, 0x3f, 0x00,
  0x24, 0x01, 0x01, 0x02, 0x2f, 0x01, 0x00, 0x00, 0x06, 0x00, 0x00, 0x00, 0x25, 0x40, 0x00, 0x20,
  0x00, 0x08, 0x00, 0x00, 0x26, 0x40, 0x00, 0x20, 0x00, 0x08, 0x00, 0x00, 0x24, 0x40, 0x0b, 0x20,
  0x01, 0x00, 0x00, 0x00, 0x05, 0x01, 0x05, 0x00, 0x0f, 0x01, 0x01, 0x00, 0x00, 0x40, 0x00, 0x00,
  0x00, 0x10, 0x00, 0x00, 0x01, 0x40, 0x00, 0x00, 0x00, 0x00, 0x00, 0x00, 0x02, 0x40, 0x00, 0x00,
  0x00, 0x00, 0x00, 0x00, 0x03, 0x40, 0x00, 0x00, 0x00, 0x00, 0x00, 0x00, 0x0b, 0x01, 0x00, 0x00,
  0x0c, 0x01, 0x00, 0x00, 0x0a, 0x01, 0x00, 0x00, 0x05, 0x40, 0x00, 0x00, 0x04, 0x00, 0x00, 0x00,
  0x04, 0x40, 0x00, 0x00, 0x04, 0x00, 0x00, 0x00, 0x06, 0x40, 0x00, 0x00, 0x02, 0x00, 0x00, 0x00,
  0x09, 0x01, 0x00, 0x00, 0x14, 0x01, 0x03, 0x01, 0x1f, 0x01, 0x01, 0x00, 0x10, 0x40, 0x00, 0x00,
  0x16, 0x10, 0x01, 0x00, 0x1b, 0x01, 0x00, 0x00, 0x1c, 0x01, 0x00, 0x00, 0x1a, 0x01, 0xff, 0x07,
  0x15, 0x40, 0x00, 0x00, 0x00, 0x40, 0x00, 0x00, 0x14, 0x40, 0x00, 0x00, 0x08, 0x00, 0x00, 0x00,
  0x26, 0x01, 0x00, 0x00, 0x85, 0x01, 0x45, 0x80, 0x8f, 0x01, 0x00, 0x00, 0x89, 0x01, 0x00, 0x00,
  0x06, 0x00, 0x01, 0x00, 0x05, 0x01, 0x45, 0x00, 0x0f, 0x01, 0x01, 0x00, 0x00, 0x40, 0x00, 0x00,
  0x10, 0x10, 0x00, 0x00, 0x01, 0x40, 0x00, 0x00, 0x00, 0x00, 0x00, 0x00, 0x02, 0x40, 0x00, 0x00,
  0x00, 0x00, 0x00, 0x00, 0x03, 0x40, 0x00, 0x00, 0x00, 0x00, 0x00, 0x00, 0x0b, 0x01, 0x00, 0x00,
  0x0c, 0x01, 0x00, 0x00, 0x0a, 0x01, 0xff, 0x07, 0x05, 0x40, 0x00, 0x00, 0x00, 0x00, 0x01, 0x00,
  0x04, 0x40, 0x00, 0x00, 0x20, 0x00, 0x00, 0x00, 0x06, 0x40, 0x00, 0x00, 0x00, 0x00, 0x01, 0x00,
  0x09, 0x01, 0x00, 0x00, 0x14, 0x01, 0x03, 0x01, 0x10, 0x40, 0x00, 0x00, 0x14, 0x10, 0x01, 0x00,
  0x26, 0x01, 0x00, 0x80, 0x24, 0x40, 0x00, 0x20, 0x01, 0x00, 0x00, 0x00, 0x15, 0x01, 0x43, 0x00,
  0x24, 0x01, 0x00, 0x02, 0x2f, 0x01, 0x07, 0x00, 0x05, 0x00, 0x03, 0x00, 0x00, 0x00, 0xff, 0xff,
  0x77, 0x65, 0x69, 0x67, 0x68, 0x74, 0x5f, 0x64, 0x61, 0x74, 0x61, 0x00, 0x00, 0x00, 0x00, 0x00,
  0x00, 0x08, 0x00, 0x00, 0x00, 0x00, 0x00, 0x00, 0x00, 0x00, 0x00, 0x00, 0x00, 0x00, 0x00, 0x00,
  0x00, 0xfe, 0xfe, 0xff, 0xfe, 0xfd, 0xfe, 0xff, 0xfc, 0xfd, 0xfe, 0xff, 0xfa, 0xfd, 0xfe, 0xff,
  0xf8, 0xfd, 0xfe, 0xff, 0xf6, 0xfd, 0xfe, 0xff, 0xf4, 0xfd, 0xfe, 0xff, 0xf2, 0xfd, 0xfd, 0xff,
  0xef, 0xfd, 0xfe, 0xff, 0xed, 0xfd, 0xfe, 0xff, 0xeb, 0xfd, 0xfe, 0xff, 0xe9, 0xfd, 0xfe, 0xff,
  0xe7, 0xfd, 0xfe, 0xff, 0xe5, 0xfd, 0xfd, 0xff, 0xe2, 0xfd, 0xfe, 0xff, 0xe0, 0xfd, 0xfe, 0xff,
  0xde, 0xfd, 0xfe, 0xff, 0xdc, 0xfd, 0xfd, 0xff, 0xd9, 0xfd, 0xfe, 0xff, 0xd7, 0xfd, 0xfe, 0xff,
  0xd5, 0xfd, 0xfd, 0xff, 0xd2, 0xfd, 0xfe, 0xff, 0xd0, 0xfd, 0xfd, 0xff, 0xcd, 0xfd, 0xfe, 0xff,
  0xcb, 0xfd, 0xfe, 0xff, 0xc9, 0xfd, 0xfd, 0xff, 0xc6, 0xfd, 0xfe, 0xff, 0xc4, 0xfd, 0xfd, 0xff,
  0xc1, 0xfd, 0xfe, 0xff, 0xbf, 0xfd, 0xfd, 0xff, 0xbc, 0xfd, 0xfd, 0xff, 0xb9, 0xfd, 0xfe, 0xff,
  0xb7, 0xfd, 0xfd, 0xff, 0xb4, 0xfd, 0xfe, 0xff, 0xb2, 0xfd, 0xfd, 0xff, 0xaf, 0xfd, 0xfd, 0xff,
  0xac, 0xfd, 0xfd, 0xff, 0xa9, 0xfd, 0xfe, 0xff, 0xa7, 0xfd, 0xfd, 0xff, 0xa4, 0xfd, 0xfd, 0xff,
  0xa1, 0xfd, 0xfd, 0xff, 0x9e, 0xfd, 0xfe, 0xff, 0x9c, 0xfd, 0xfd, 0xff, 0x99, 0xfd, 0xfd, 0xff,
  0x96, 0xfd, 0xfd, 0xff, 0x93, 0xfd, 0xfd, 0xff, 0x90, 0xfd, 0xfd, 0xff, 0x8d, 0xfd, 0xfd, 0xff,
  0x8a, 0xfd, 0xfd, 0xff, 0x87, 0xfd, 0xfd, 0xff, 0x84, 0xfd, 0xfd, 0xff, 0x81, 0xfd, 0xfc, 0xff,
  0x7d, 0xfd, 0xfd, 0xff, 0x7a, 0xfd, 0xfd, 0xff, 0x77, 0xfd, 0xfd, 0xff, 0x74, 0xfd, 0xfd, 0xff,
  0x71, 0xfd, 0xfc, 0xff, 0x6d, 0xfd, 0xfd, 0xff, 0x6a, 0xfd, 0xfd, 0xff, 0x67, 0xfd, 0xfc, 0xff,
  0x63, 0xfd, 0xfd, 0xff, 0x60, 0xfd, 0xfc, 0xff, 0x5c, 0xfd, 0xfd, 0xff, 0x59, 0xfd, 0xfc, 0xff,
  0x55, 0xfd, 0xfd, 0xff, 0x52, 0xfd, 0xfc, 0xff, 0x4e, 0xfd, 0xfc, 0xff, 0x4a, 0xfd, 0xfd, 0xff,
  0x47, 0xfd, 0xfc, 0xff, 0x43, 0xfd, 0xfc, 0xff, 0x3f, 0xfd, 0xfd, 0xff, 0x3c, 0xfd, 0xfc, 0xff,
  0x38, 0xfd, 0xfc, 0xff, 0x34, 0xfd, 0xfc, 0xff, 0x30, 0xfd, 0xfc, 0xff, 0x2c, 0xfd, 0xfc, 0xff,
  0x28, 0xfd, 0xfc, 0xff, 0x24, 0xfd, 0xfc, 0xff, 0x20, 0xfd, 0xfb, 0xff, 0x1b, 0xfd, 0xfc, 0xff,
  0x17, 0xfd, 0xfc, 0xff, 0x13, 0xfd, 0xfc, 0xff, 0x0f, 0xfd, 0xfb, 0xff, 0x0a, 0xfd, 0xfc, 0xff,
  0x06, 0xfd, 0xfb, 0xff, 0x01, 0xfd, 0xfc, 0xff, 0xfd, 0xfc, 0xfb, 0xff, 0xf8, 0xfc, 0xfc, 0xff,
  0xf4, 0xfc, 0xfb, 0xff, 0xef, 0xfc, 0xfb, 0xff, 0xea, 0xfc, 0xfc, 0xff, 0xe6, 0xfc, 0xfb, 0xff,
  0xe1, 0xfc, 0xfb, 0xff, 0xdc, 0xfc, 0xfb, 0xff, 0xd7, 0xfc, 0xfb, 0xff, 0xd2, 0xfc, 0xfb, 0xff,
  0xcd, 0xfc, 0xfb, 0xff, 0xc8, 0xfc, 0xfa, 0xff, 0xc2, 0xfc, 0xfb, 0xff, 0xbd, 0xfc, 0xfb, 0xff,
  0xb8, 0xfc, 0xfa, 0xff, 0xb2, 0xfc, 0xfb, 0xff, 0xad, 0xfc, 0xfa, 0xff, 0xa7, 0xfc, 0xfb, 0xff,
  0xa2, 0xfc, 0xfa, 0xff, 0x9c, 0xfc, 0xfa, 0xff, 0x96, 0xfc, 0xfa, 0xff, 0x90, 0xfc, 0xfa, 0xff,
  0x8a, 0xfc, 0xfa, 0xff, 0x84, 0xfc, 0xfa, 0xff, 0x7e, 0xfc, 0xfa, 0xff, 0x78, 0xfc, 0xfa, 0xff,
  0x72, 0xfc, 0xf9, 0xff, 0x6b, 0xfc, 0xfa, 0xff, 0x65, 0xfc, 0xf9, 0xff, 0x5e, 0xfc, 0xfa, 0xff,
  0x58, 0xfc, 0xf9, 0xff, 0x51, 0xfc, 0xf9, 0xff, 0x4a, 0xfc, 0xf9, 0xff, 0x43, 0xfc, 0xf9, 0xff,
  0x3c, 0xfc, 0xf9, 0xff, 0x35, 0xfc, 0xf9, 0xff, 0x2e, 0xfc, 0xf8, 0xff, 0x26, 0xfc, 0xf9, 0xff,
  0x1f, 0xfc, 0xf8, 0xff, 0x17, 0xfc, 0xf9, 0xff, 0x10, 0xfc, 0xf8, 0xff, 0x08, 0xfc, 0xf8, 0xff,
  0x00, 0xfc, 0xf8, 0xff, 0xf8, 0xfb, 0xf8, 0xff, 0xf0, 0xfb, 0xf7, 0xff, 0xe7, 0xfb, 0xf8, 0xff,
  0xdf, 0xfb, 0xf7, 0xff, 0xd6, 0xfb, 0xf8, 0xff, 0xce, 0xfb, 0xf7, 0xff, 0xc5, 0xfb, 0xf7, 0xff,
  0xbc, 0xfb, 0xf7, 0xff, 0xb3, 0xfb, 0xf6, 0xff, 0xa9, 0xfb, 0xf7, 0xff, 0xa0, 0xfb, 0xf6, 0xff,
  0x96, 0xfb, 0xf6, 0xff, 0x8c, 0xfb, 0xf6, 0xff, 0x82, 0xfb, 0xf6, 0xff, 0x78, 0xfb, 0xf6, 0xff,
  0x6e, 0xfb, 0xf5, 0xff, 0x63, 0xfb, 0xf5, 0xff, 0x58, 0xfb, 0xf6, 0xff, 0x4e, 0xfb, 0xf4, 0xff,
  0x42, 0xfb, 0xf5, 0xff, 0x37, 0xfb, 0xf4, 0xff, 0x2b, 0xfb, 0xf5, 0xff, 0x20, 0xfb, 0xf4, 0xff,
  0x14, 0xfb, 0xf3, 0xff, 0x07, 0xfb, 0xf4, 0xff, 0xfb, 0xfa, 0xf3, 0xff, 0xee, 0xfa, 0xf3, 0xff,
  0xe1, 0xfa, 0xf3, 0xff, 0xd4, 0xfa, 0xf3, 0xff, 0xc7, 0xfa, 0xf2, 0xff, 0xb9, 0xfa, 0xf2, 0xff,
  0xab, 0xfa, 0xf1, 0xff, 0x9c, 0xfa, 0xf2, 0xff, 0x8e, 0xfa, 0xf1, 0xff, 0x7f, 0xfa, 0xf0, 0xff,
  0x6f, 0xfa, 0xf1, 0xff, 0x60, 0xfa, 0xf0, 0xff, 0x50, 0xfa, 0xef, 0xff, 0x3f, 0xfa, 0xf0, 0xff,
  0x2f, 0xfa, 0xee, 0xff, 0x1d, 0xfa, 0xef, 0xff, 0x0c, 0xfa, 0xee, 0xff, 0xfa, 0xf9, 0xee, 0xff,
  0xe8, 0xf9, 0xed, 0xff, 0xd5, 0xf9, 0xed, 0xff, 0xc2, 0xf9, 0xec, 0xff, 0xae, 0xf9, 0xec, 0xff,
  0x9a, 0xf9, 0xeb, 0xff, 0x85, 0xf9, 0xeb, 0xff, 0x70, 0xf9, 0xea, 0xff, 0x5a, 0xf9, 0xe9, 0xff,
  0x43, 0xf9, 0xe9, 0xff, 0x2c, 0xf9, 0xe9, 0xff, 0x15, 0xf9, 0xe7, 0xff, 0xfc, 0xf8, 0xe8, 0xff,
  0xe4, 0xf8, 0xe6, 0xff, 0xca, 0xf8, 0xe6, 0xff, 0xb0, 0xf8, 0xe4, 0xff, 0x94, 0xf8, 0xe4, 0xff,
  0x78, 0xf8, 0xe4, 0xff, 0x5c, 0xf8, 0xe2, 0xff, 0x3e, 0xf8, 0xe2, 0xff, 0x20, 0xf8, 0xe0, 0xff,
  0x00, 0xf8, 0xdf, 0xff, 0xdf, 0xf7, 0xdf, 0xff, 0xbe, 0xf7, 0xdd, 0xff, 0x9b, 0xf7, 0xdc, 0xff,
  0x77, 0xf7, 0xdb, 0xff, 0x52, 0xf7, 0xda, 0xff, 0x2c, 0xf7, 0xd8, 0xff, 0x04, 0xf7, 0xd7, 0xff,
  0xdb, 0xf6, 0xd6, 0xff, 0xb1, 0xf6, 0xd4, 0xff, 0x85, 0xf6, 0xd2, 0xff, 0x57, 0xf6, 0xd0, 0xff,
  0x27, 0xf6, 0xcf, 0xff, 0xf6, 0xf5, 0xcd, 0xff, 0xc3, 0xf5, 0xca, 0xff, 0x8d, 0xf5, 0xc8, 0xff,
  0x55, 0xf5, 0xc6, 0xff, 0x1b, 0xf5, 0xc4, 0xff, 0xdf, 0xf4, 0xc0, 0xff, 0x9f, 0xf4, 0xbe, 0xff,
  0x5d, 0xf4, 0xbb, 0xff, 0x18, 0xf4, 0xb7, 0xff, 0xcf, 0xf3, 0xb4, 0xff, 0x83, 0xf3, 0xb0, 0xff,
  0x33, 0xf3, 0xac, 0xff, 0xdf, 0xf2, 0xa8, 0xff, 0x87, 0xf2, 0xa3, 0xff, 0x2a, 0xf2, 0x9d, 0xff,
  0xc7, 0xf1, 0x98, 0xff, 0x5f, 0xf1, 0x92, 0xff, 0xf1, 0xf0, 0x8b, 0xff, 0x7c, 0xf0, 0x84, 0xff,
  0x00, 0xf0, 0x7c, 0xff, 0x7c, 0xef, 0x73, 0xff, 0xef, 0xee, 0x69, 0xff, 0x58, 0xee, 0x5f, 0xff,
  0xb7, 0xed, 0x52, 0xff, 0x09, 0xed, 0x46, 0xff, 0x4f, 0xec, 0x36, 0xff, 0x85, 0xeb, 0x26, 0xff,
  0xab, 0xea, 0x12, 0xff, 0xbd, 0xe9, 0xfd, 0xfe, 0xba, 0xe8, 0xe4, 0xfe, 0x9e, 0xe7, 0xc8, 0xfe,
  0x66, 0xe6, 0xa7, 0xfe, 0x0d, 0xe5, 0x81, 0xfe, 0x8e, 0xe3, 0x54, 0xfe, 0xe2, 0xe1, 0x1e, 0xfe,
  0x00, 0xe0, 0xde, 0xfd, 0xde, 0xdd, 0x90, 0xfd, 0x6e, 0xdb, 0x30, 0xfd, 0x9e, 0xd8, 0xb7, 0xfc,
  0x55, 0xd5, 0x1f, 0xfc, 0x74, 0xd1, 0x59, 0xfb, 0xcd, 0xcc, 0x4f, 0xfa, 0x1c, 0xc7, 0xe4, 0xf8,
  0x00, 0xc0, 0xdb, 0xf6, 0xdb, 0xb6, 0xd0, 0xf3, 0xab, 0xaa, 0xef, 0xee, 0x9a, 0x99, 0x67, 0xe6,
  0x01, 0x80, 0x00, 0x00, 0x01, 0x80, 0x00, 0x00, 0x01, 0x80, 0x00, 0x00, 0x01, 0x80, 0xfe, 0xff,
  0xff, 0x7f, 0x00, 0x00, 0xff, 0x7f, 0x00, 0x00, 0xff, 0x7f, 0x00, 0x00, 0xff, 0x7f, 0x00, 0x00,
  0xff, 0x7f, 0x67, 0xe6, 0x66, 0x66, 0xef, 0xee, 0x55, 0x55, 0xd0, 0xf3, 0x25, 0x49, 0xdb, 0xf6,
  0x00, 0x40, 0xe4, 0xf8, 0xe4, 0x38, 0x4f, 0xfa, 0x33, 0x33, 0x59, 0xfb, 0x8c, 0x2e, 0x1f, 0xfc,
  0xab, 0x2a, 0xb7, 0xfc, 0x62, 0x27, 0x30, 0xfd, 0x92, 0x24, 0x90, 0xfd, 0x22, 0x22, 0xde, 0xfd,
  0x00, 0x20, 0x1e, 0xfe, 0x1e, 0x1e, 0x54, 0xfe, 0x72, 0x1c, 0x81, 0xfe, 0xf3, 0x1a, 0xa7, 0xfe,
  0x9a, 0x19, 0xc8, 0xfe, 0x62, 0x18, 0xe4, 0xfe, 0x46, 0x17, 0xfd, 0xfe, 0x43, 0x16, 0x12, 0xff,
  0x55, 0x15, 0x26, 0xff, 0x7b, 0x14, 0x36, 0xff, 0xb1, 0x13, 0x46, 0xff, 0xf7, 0x12, 0x52, 0xff,
  0x49, 0x12, 0x5f, 0xff, 0xa8, 0x11, 0x69, 0xff, 0x11, 0x11, 0x73, 0xff, 0x84, 0x10, 0x7c, 0xff,
  0x00, 0x10, 0x84, 0xff, 0x84, 0x0f, 0x8b, 0xff, 0x0f, 0x0f, 0x92, 0xff, 0xa1, 0x0e, 0x98, 0xff,
  0x39, 0x0e, 0x9d, 0xff, 0xd6, 0x0d, 0xa3, 0xff, 0x79, 0x0d, 0xa8, 0xff, 0x21, 0x0d, 0xac, 0xff,
  0xcd, 0x0c, 0xb0, 0xff, 0x7d, 0x0c, 0xb4, 0xff, 0x31, 0x0c, 0xb7, 0xff, 0xe8, 0x0b, 0xbb, 0xff,
  0xa3, 0x0b, 0xbe, 0xff, 0x61, 0x0b, 0xc0, 0xff, 0x21, 0x0b, 0xc4, 0xff, 0xe5, 0x0a, 0xc6, 0xff,
  0xab, 0x0a, 0xc8, 0xff, 0x73, 0x0a, 0xca, 0xff, 0x3d, 0x0a, 0xcd, 0xff, 0x0a, 0x0a, 0xcf, 0xff,
  0xd9, 0x09, 0xd0, 0xff, 0xa9, 0x09, 0xd2, 0xff, 0x7b, 0x09, 0xd4, 0xff, 0x4f, 0x09, 0xd6, 0xff,
  0x25, 0x09, 0xd7, 0xff, 0xfc, 0x08, 0xd8, 0xff, 0xd4, 0x08, 0xda, 0xff, 0xae, 0x08, 0xdb, 0xff,
  0x89, 0x08, 0xdc, 0xff, 0x65, 0x08, 0xdd, 0xff, 0x42, 0x08, 0xdf, 0xff, 0x21, 0x08, 0xdf, 0xff,
  0x00, 0x08, 0xe0, 0xff, 0xe0, 0x07, 0xe2, 0xff, 0xc2, 0x07, 0xe2, 0xff, 0xa4, 0x07, 0xe4, 0xff,
  0x88, 0x07, 0xe4, 0xff, 0x6c, 0x07, 0xe4, 0xff, 0x50, 0x07, 0xe6, 0xff, 0x36, 0x07, 0xe6, 0xff,
  0x1c, 0x07, 0xe8, 0xff, 0x04, 0x07, 0xe7, 0xff, 0xeb, 0x06, 0xe9, 0xff, 0xd4, 0x06, 0xe9, 0xff,
  0xbd, 0x06, 0xe9, 0xff, 0xa6, 0x06, 0xea, 0xff, 0x90, 0x06, 0xeb, 0xff, 0x7b, 0x06, 0xeb, 0xff,
  0x66, 0x06, 0xec, 0xff, 0x52, 0x06, 0xec, 0xff, 0x3e, 0x06, 0xed, 0xff, 0x2b, 0x06, 0xed, 0xff,
  0x18, 0x06, 0xee, 0xff, 0x06, 0x06, 0xee, 0xff, 0xf4, 0x05, 0xef, 0xff, 0xe3, 0x05, 0xee, 0xff,
  0xd1, 0x05, 0xf0, 0xff, 0xc1, 0x05, 0xef, 0xff, 0xb0, 0x05, 0xf0, 0xff, 0xa0, 0x05, 0xf1, 0xff,
  0x91, 0x05, 0xf0, 0xff, 0x81, 0x05, 0xf1, 0xff, 0x72, 0x05, 0xf2, 0xff, 0x64, 0x05, 0xf1, 0xff,
  0x55, 0x05, 0xf2, 0xff, 0x47, 0x05, 0xf2, 0xff, 0x39, 0x05, 0xf3, 0xff, 0x2c, 0x05, 0xf3, 0xff,
  0x1f, 0x05, 0xf3, 0xff, 0x12, 0x05, 0xf3, 0xff, 0x05, 0x05, 0xf4, 0xff, 0xf9, 0x04, 0xf3, 0xff,
  0xec, 0x04, 0xf4, 0xff, 0xe0, 0x04, 0xf5, 0xff, 0xd5, 0x04, 0xf4, 0xff, 0xc9, 0x04, 0xf5, 0xff,
  0xbe, 0x04, 0xf4, 0xff, 0xb2, 0x04, 0xf6, 0xff, 0xa8, 0x04, 0xf5, 0xff, 0x9d, 0x04, 0xf5, 0xff,
  0x92, 0x04, 0xf6, 0xff, 0x88, 0x04, 0xf6, 0xff, 0x7e, 0x04, 0xf6, 0xff, 0x74, 0x04, 0xf6, 0xff,
  0x6a, 0x04, 0xf6, 0xff, 0x60, 0x04, 0xf7, 0xff, 0x57, 0x04, 0xf6, 0xff, 0x4d, 0x04, 0xf7, 0xff,
  0x44, 0x04, 0xf7, 0xff, 0x3b, 0x04, 0xf7, 0xff, 0x32, 0x04, 0xf8, 0xff, 0x2a, 0x04, 0xf7, 0xff,
  0x21, 0x04, 0xf8, 0xff, 0x19, 0x04, 0xf7, 0xff, 0x10, 0x04, 0xf8, 0xff, 0x08, 0x04, 0xf8, 0xff,
  0x00, 0x04, 0xf8, 0xff, 0xf8, 0x03, 0xf8, 0xff, 0xf0, 0x03, 0xf9, 0xff, 0xe9, 0x03, 0xf8, 0xff,
  0xe1, 0x03, 0xf9, 0xff, 0xda, 0x03, 0xf8, 0xff, 0xd2, 0x03, 0xf9, 0xff, 0xcb, 0x03, 0xf9, 0xff,
  0xc4, 0x03, 0xf9, 0xff, 0xbd, 0x03, 0xf9, 0xff, 0xb6, 0x03, 0xf9, 0xff, 0xaf, 0x03, 0xf9, 0xff,
  0xa8, 0x03, 0xfa, 0xff, 0xa2, 0x03, 0xf9, 0xff, 0x9b, 0x03, 0xfa, 0xff, 0x95, 0x03, 0xf9, 0xff,
  0x8e, 0x03, 0xfa, 0xff, 0x88, 0x03, 0xfa, 0xff, 0x82, 0x03, 0xfa, 0xff, 0x7c, 0x03, 0xfa, 0xff,
  0x76, 0x03, 0xfa, 0xff, 0x70, 0x03, 0xfa, 0xff, 0x6a, 0x03, 0xfa, 0xff, 0x64, 0x03, 0xfa, 0xff,
  0x5e, 0x03, 0xfb, 0xff, 0x59, 0x03, 0xfa, 0xff, 0x53, 0x03, 0xfb, 0xff, 0x4e, 0x03, 0xfa, 0xff,
  0x48, 0x03, 0xfb, 0xff, 0x43, 0x03, 0xfb, 0xff, 0x3e, 0x03, 0xfa, 0xff, 0x38, 0x03, 0xfb, 0xff,
  0x33, 0x03, 0xfb, 0xff, 0x2e, 0x03, 0xfb, 0xff, 0x29, 0x03, 0xfb, 0xff, 0x24, 0x03, 0xfb, 0xff,
  0x1f, 0x03, 0xfb, 0xff, 0x1a, 0x03, 0xfc, 0xff, 0x16, 0x03, 0xfb, 0xff, 0x11, 0x03, 0xfb, 0xff,
  0x0c, 0x03, 0xfc, 0xff, 0x08, 0x03, 0xfb, 0xff, 0x03, 0x03, 0xfc, 0xff, 0xff, 0x02, 0xfb, 0xff,
  0xfa, 0x02, 0xfc, 0xff, 0xf6, 0x02, 0xfb, 0xff, 0xf1, 0x02, 0xfc, 0xff, 0xed, 0x02, 0xfc, 0xff,
  0xe9, 0x02, 0xfc, 0xff, 0xe5, 0x02, 0xfb, 0xff, 0xe0, 0x02, 0xfc, 0xff, 0xdc, 0x02, 0xfc, 0xff,
  0xd8, 0x02, 0xfc, 0xff, 0xd4, 0x02, 0xfc, 0xff, 0xd0, 0x02, 0xfc, 0xff, 0xcc, 0x02, 0xfc, 0xff,
  0xc8, 0x02, 0xfc, 0xff, 0xc4, 0x02, 0xfd, 0xff, 0xc1, 0x02, 0xfc, 0xff, 0xbd, 0x02, 0xfc, 0xff,
  0xb9, 0x02, 0xfd, 0xff, 0xb6, 0x02, 0xfc, 0xff, 0xb2, 0x02, 0xfc, 0xff, 0xae, 0x02, 0xfd, 0xff,
  0xab, 0x02, 0xfc, 0xff, 0xa7, 0x02, 0xfd, 0xff, 0xa4, 0x02, 0xfc, 0xff, 0xa0, 0x02, 0xfd, 0xff,
  0x9d, 0x02, 0xfc, 0xff, 0x99, 0x02, 0xfd, 0xff, 0x96, 0x02, 0xfd, 0xff, 0x93, 0x02, 0xfc, 0xff,
  0x8f, 0x02, 0xfd, 0xff, 0x8c, 0x02, 0xfd, 0xff, 0x89, 0x02, 0xfd, 0xff, 0x86, 0x02, 0xfd, 0xff,
  0x83, 0x02, 0xfc, 0xff, 0x7f, 0x02, 0xfd, 0xff, 0x7c, 0x02, 0xfd, 0xff, 0x79, 0x02, 0xfd, 0xff,
  0x76, 0x02, 0xfd, 0xff, 0x73, 0x02, 0xfd, 0xff, 0x70, 0x02, 0xfd, 0xff, 0x6d, 0x02, 0xfd, 0xff,
  0x6a, 0x02, 0xfd, 0xff, 0x67, 0x02, 0xfd, 0xff, 0x64, 0x02, 0xfe, 0xff, 0x62, 0x02, 0xfd, 0xff,
  0x5f, 0x02, 0xfd, 0xff, 0x5c, 0x02, 0xfd, 0xff, 0x59, 0x02, 0xfe, 0xff, 0x57, 0x02, 0xfd, 0xff,
  0x54, 0x02, 0xfd, 0xff, 0x51, 0x02, 0xfd, 0xff, 0x4e, 0x02, 0xfe, 0xff, 0x4c, 0x02, 0xfd, 0xff,
  0x49, 0x02, 0xfe, 0xff, 0x47, 0x02, 0xfd, 0xff, 0x44, 0x02, 0xfd, 0xff, 0x41, 0x02, 0xfe, 0xff,
  0x3f, 0x02, 0xfd, 0xff, 0x3c, 0x02, 0xfe, 0xff, 0x3a, 0x02, 0xfd, 0xff, 0x37, 0x02, 0xfe, 0xff,
  0x35, 0x02, 0xfe, 0xff, 0x33, 0x02, 0xfd, 0xff, 0x30, 0x02, 0xfe, 0xff, 0x2e, 0x02, 0xfd, 0xff,
  0x2b, 0x02, 0xfe, 0xff, 0x29, 0x02, 0xfe, 0xff, 0x27, 0x02, 0xfd, 0xff, 0x24, 0x02, 0xfe, 0xff,
  0x22, 0x02, 0xfe, 0xff, 0x20, 0x02, 0xfe, 0xff, 0x1e, 0x02, 0xfd, 0xff, 0x1b, 0x02, 0xfe, 0xff,
  0x19, 0x02, 0xfe, 0xff, 0x17, 0x02, 0xfe, 0xff, 0x15, 0x02, 0xfe, 0xff, 0x13, 0x02, 0xfe, 0xff,
  0x11, 0x02, 0xfd, 0xff, 0x0e, 0x02, 0xfe, 0xff, 0x0c, 0x02, 0xfe, 0xff, 0x0a, 0x02, 0xfe, 0xff,
  0x08, 0x02, 0xfe, 0xff, 0x06, 0x02, 0xfe, 0xff, 0x04, 0x02, 0xfe, 0xff, 0x02, 0x02, 0xfe, 0xff,
  0x73, 0x63, 0x72, 0x61, 0x74, 0x63, 0x68, 0x5f, 0x73, 0x69, 0x7a, 0x65, 0x00, 0x00, 0x00, 0x00,
  0x04, 0x00, 0x00, 0x00, 0x00, 0x00, 0x00, 0x00, 0x00, 0x00, 0x00, 0x00, 0x00, 0x00, 0x00, 0x00,
  0x10, 0x80, 0x01, 0x00, 0x00, 0x00, 0x00, 0x00, 0x00, 0x00, 0x00, 0x00, 0x00, 0x00, 0x00, 0x00,
  0x69, 0x6e, 0x70, 0x75, 0x74, 0x73, 0x00, 0x00, 0x00, 0x00, 0x00, 0x00, 0x00, 0x00, 0x00, 0x00,
  0x94, 0x00, 0x00, 0x00, 0x00, 0x00, 0x00, 0x00, 0x00, 0x00, 0x00, 0x00, 0x00, 0x00, 0x00, 0x00,
  0x04, 0x00, 0x00, 0x00, 0x01, 0x00, 0x00, 0x00, 0x01, 0x00, 0x00, 0x00, 0x01, 0x00, 0x00, 0x00,
  0x01, 0x00, 0x00, 0x00, 0x00, 0x08, 0x00, 0x00, 0x04, 0x00, 0x00, 0x00, 0x02, 0x00, 0x00, 0x00,
  0x10, 0x10, 0x00, 0x00, 0x01, 0x00, 0x00, 0x00, 0x01, 0x00, 0x00, 0x00, 0x01, 0x00, 0x00, 0x00,
  0x01, 0x00, 0x00, 0x00, 0x01, 0x00, 0x00, 0x00, 0x04, 0x00, 0x00, 0x00, 0x03, 0x00, 0x00, 0x00,
  0x02, 0x00, 0x00, 0x00, 0x70, 0x50, 0x00, 0x00, 0x01, 0x00, 0x00, 0x00, 0x01, 0x00, 0x00, 0x00,
  0x01, 0x00, 0x00, 0x00, 0x01, 0x00, 0x00, 0x00, 0x01, 0x00, 0x00, 0x00, 0x00, 0x08, 0x00, 0x00,
  0x01, 0x00, 0x00, 0x00, 0x02, 0x00, 0x00, 0x00, 0x00, 0x00, 0x00, 0x00, 0x01, 0x00, 0x00, 0x00,
  0x01, 0x00, 0x00, 0x00, 0x01, 0x00, 0x00, 0x00, 0x01, 0x00, 0x00, 0x00, 0x01, 0x00, 0x00, 0x00,
  0x01, 0x00, 0x00, 0x00, 0x02, 0x00, 0x00, 0x00, 0x02, 0x00, 0x00, 0x00, 0x00, 0x10, 0x00, 0x00,
  0x01, 0x00, 0x00, 0x00, 0x00, 0x00, 0x00, 0x00, 0x00, 0x00, 0x00, 0x00, 0x00, 0x00, 0x00, 0x00,
  0x6f, 0x75, 0x74, 0x70, 0x75, 0x74, 0x73, 0x00, 0x00, 0x00, 0x00, 0x00, 0x00, 0x00, 0x00, 0x00,
  0x28, 0x00, 0x00, 0x00, 0x00, 0x00, 0x00, 0x00, 0x00, 0x00, 0x00, 0x00, 0x00, 0x00, 0x00, 0x00,
  0x01, 0x00, 0x00, 0x00, 0x01, 0x00, 0x00, 0x00, 0x01, 0x00, 0x00, 0x00, 0x01, 0x00, 0x00, 0x00,
  0x01, 0x00, 0x00, 0x00, 0x00, 0x08, 0x00, 0x00, 0x04, 0x00, 0x00, 0x00, 0x02, 0x00, 0x00, 0x00,
  0x10, 0x10, 0x01, 0x00, 0x01, 0x00, 0x00, 0x00, 0x00, 0x00, 0x00, 0x00, 0x00, 0x00, 0x00, 0x00,
  0x76, 0x65, 0x6c, 0x61, 0x5f, 0x65, 0x6e, 0x64, 0x5f, 0x73, 0x74, 0x72, 0x65, 0x61, 0x6d, 0x00,
  0x00, 0x00, 0x00, 0x00, 0x00, 0x00, 0x00, 0x00, 0x00, 0x00, 0x00, 0x00, 0x00, 0x00, 0x00, 0x00,
  0x00, 0x00, 0x00, 0x00, 0x22, 0xb2, 0xff, 0xff, 0x04, 0x00, 0x00, 0x00, 0x00, 0x22, 0x00, 0x00,
  0x76, 0x65, 0x6c, 0x61, 0x5f, 0x62, 0x69, 0x6e, 0x5f, 0x73, 0x74, 0x72, 0x65, 0x61, 0x6d, 0x00,
  0x00, 0x00, 0x00, 0x00, 0x00, 0x00, 0x00, 0x00, 0x00, 0x00, 0x00, 0x00, 0x00, 0x00, 0x00, 0x00,
  0x63, 0x6d, 0x64, 0x5f, 0x64, 0x61, 0x74, 0x61, 0x00, 0x00, 0x00, 0x00, 0x00, 0x00, 0x00, 0x00,
  0x78, 0x1e, 0x00, 0x00, 0x00, 0x00, 0x00, 0x00, 0x00, 0x00, 0x00, 0x00, 0x00, 0x00, 0x00, 0x00,
  0x43, 0x4f, 0x50, 0x31, 0x01, 0x00, 0x10, 0x00, 0x18, 0x01, 0x00, 0x20, 0x00, 0x70, 0x00, 0x20,
  0x05, 0x00, 0x00, 0x00, 0x05, 0x00, 0x00, 0x00, 0x05, 0x00, 0x00, 0x00, 0x02, 0x00, 0x96, 0x07,
  0x25, 0x40, 0x00, 0x20, 0x01, 0x00, 0x00, 0x00, 0x26, 0x40, 0x00, 0x20, 0x01, 0x00, 0x00, 0x00,
  0x24, 0x40, 0x12, 0x20, 0xff, 0x07, 0x00, 0x00, 0x05, 0x01, 0x01, 0x00, 0x0f, 0x01, 0x01, 0x00,
  0x00, 0x40, 0x00, 0x00, 0x20, 0x65, 0x04, 0x00, 0x01, 0x40, 0x00, 0x00, 0x00, 0x00, 0x00, 0x00,
  0x02, 0x40, 0x00, 0x00, 0x00, 0x00, 0x00, 0x00, 0x03, 0x40, 0x00, 0x00, 0x00, 0x00, 0x00, 0x00,
  0x0b, 0x01, 0x02, 0x00, 0x0c, 0x01, 0x02, 0x00, 0x0a, 0x01, 0xef, 0x00, 0x04, 0x01, 0x8f, 0x01,
  0x05, 0x40, 0x00, 0x00, 0x00, 0x77, 0x01, 0x00, 0x04, 0x40, 0x00, 0x00, 0x90, 0x01, 0x00, 0x00,
  0x06, 0x40, 0x00, 0x00, 0x01, 0x00, 0x00, 0x00, 0x09, 0x01, 0x80, 0xff, 0x07, 0x01, 0x00, 0x00,
  0x14, 0x01, 0x41, 0x01, 0x1f, 0x01, 0x01, 0x00, 0x10, 0x40, 0x00, 0x00, 0x20, 0x00, 0x00, 0x00,
  0x11, 0x40, 0x00, 0x00, 0x00, 0x00, 0x00, 0x00, 0x12, 0x40, 0x00, 0x00, 0x00, 0x00, 0x00, 0x00,
  0x13, 0x40, 0x00, 0x00, 0x00, 0x00, 0x00, 0x00, 0x12, 0x01, 0x02, 0x00, 0x11, 0x01, 0xef, 0x00,
  0x13, 0x01, 0x8f, 0x01, 0x1b, 0x01, 0x02, 0x00, 0x1c, 0x01, 0x02, 0x00, 0x1a, 0x01, 0xef, 0x00,
  0x15, 0x40, 0x00, 0x00, 0x00, 0x77, 0x01, 0x00, 0x14, 0x40, 0x00, 0x00, 0x10, 0x00, 0x00, 0x00,
  0x16, 0x40, 0x00, 0x00, 0x00, 0x0f, 0x00, 0x00, 0x18, 0x01, 0x80, 0xff, 0x25, 0x01, 0x00, 0x00,
  0x26, 0x01, 0x80, 0xff, 0x27, 0x01, 0x7f, 0x00, 0x85, 0x01, 0x01, 0x00, 0x8f, 0x01, 0x01, 0x00,
  0x80, 0x40, 0x00, 0x00, 0x20, 0xca, 0x08, 0x00, 0x81, 0x40, 0x00, 0x00, 0x00, 0x00, 0x00, 0x00,
  0x82, 0x40, 0x00, 0x00, 0x00, 0x00, 0x00, 0x00, 0x83, 0x40, 0x00, 0x00, 0x00, 0x00, 0x00, 0x00,
  0x8b, 0x01, 0x00, 0x00, 0x8c, 0x01, 0x00, 0x00, 0x8a, 0x01, 0xef, 0x00, 0x85, 0x40, 0x00, 0x00,
  0x00, 0x77, 0x01, 0x00, 0x84, 0x40, 0x00, 0x00, 0x90, 0x01, 0x00, 0x00, 0x86, 0x40, 0x00, 0x00,
  0x01, 0x00, 0x00, 0x00, 0x89, 0x01, 0x80, 0xff, 0x08, 0x01, 0x00, 0x00, 0x80, 0x01, 0x01, 0x00,
  0x16, 0x01, 0x02, 0x00, 0x15, 0x01, 0x0f, 0x00, 0x17, 0x01, 0x0f, 0x00, 0x24, 0x01, 0x00, 0x01,
  0x2f, 0x01, 0x00, 0x00, 0x06, 0x00, 0x00, 0x00, 0x05, 0x01, 0x41, 0x00, 0x00, 0x40, 0x00, 0x00,
  0x20, 0x00, 0x00, 0x00, 0x04, 0x40, 0x00, 0x00, 0x10, 0x00, 0x00, 0x00, 0x06, 0x40, 0x00, 0x00,
  0x00, 0x0f, 0x00, 0x00, 0x09, 0x01, 0x00, 0x00, 0x00, 0x01, 0x00, 0x00, 0x01, 0x01, 0x00, 0x00,
  0x03, 0x01, 0x00, 0x00, 0x02, 0x01, 0x00, 0x00, 0x14, 0x01, 0x01, 0x39, 0x10, 0x40, 0x00, 0x00,
  0x20, 0x65, 0x04, 0x00, 0x1b, 0x01, 0x8f, 0x01, 0x1c, 0x01, 0x8f, 0x01, 0x15, 0x40, 0x00, 0x00,
  0xd0, 0x02, 0x00, 0x00, 0x14, 0x40, 0x00, 0x00, 0x03, 0x00, 0x00, 0x00, 0x16, 0x40, 0x00, 0x00,
  0x01, 0x00, 0x00, 0x00, 0x18, 0x01, 0x00, 0x00, 0x21, 0x01, 0x00, 0x00, 0x20, 0x01, 0x00, 0x00,
  0x22, 0x01, 0x00, 0x00, 0x24, 0x40, 0x00, 0x00, 0x01, 0x00, 0x00, 0x00, 0x16, 0x01, 0x00, 0x00,
  0x15, 0x01, 0x1d, 0x00, 0x17, 0x01, 0x7f, 0x00, 0x2f, 0x01, 0x07, 0x00, 0x05, 0x00, 0x03, 0x00,
  0x25, 0x40, 0x00, 0x20, 0x00, 0x00, 0x08, 0x00, 0x26, 0x40, 0x0c, 0x20, 0x91, 0x34, 0x6f, 0x46,
  0x24, 0x40, 0x13, 0x20, 0x01, 0x00, 0x00, 0x00, 0x05, 0x01, 0x01, 0x00, 0x00, 0x40, 0x00, 0x00,
  0x20, 0x65, 0x04, 0x00, 0x0b, 0x01, 0x2b, 0x01, 0x0c, 0x01, 0x2b, 0x01, 0x0a, 0x01, 0x3b, 0x00,
  0x04, 0x01, 0x0f, 0x00, 0x05, 0x40, 0x00, 0x00, 0xc0, 0x03, 0x00, 0x00, 0x06, 0x40, 0x00, 0x00,
  0x01, 0x00, 0x00, 0x00, 0x09, 0x01, 0x80, 0xff, 0x14, 0x01, 0x01, 0x01, 0x12, 0x01, 0x2b, 0x01,
  0x11, 0x01, 0x3b, 0x00, 0x13, 0x01, 0x0f, 0x00, 0x1b, 0x01, 0x2b, 0x01, 0x1c, 0x01, 0x2b, 0x01,
  0x1a, 0x01, 0x3b, 0x00, 0x15, 0x40, 0x00, 0x00, 0xc0, 0x03, 0x00, 0x00, 0x14, 0x40, 0x00, 0x00,
  0x10, 0x00, 0x00, 0x00, 0x18, 0x01, 0x0c, 0x00, 0x26, 0x01, 0x0c, 0x00, 0x85, 0x01, 0x01, 0xc0,
  0x27, 0x40, 0x00, 0x00, 0x7f, 0x00, 0x00, 0x00, 0x80, 0x01, 0x08, 0x00, 0x16, 0x01, 0x63, 0x00,
  0x15, 0x01, 0x7f, 0x00, 0x17, 0x01, 0x0f, 0x00, 0x2f, 0x01, 0x00, 0x00, 0x06, 0x00, 0x02, 0x00,
  0x30, 0x01, 0x00, 0x00, 0x30, 0x40, 0x00, 0x00, 0x10, 0x00, 0x00, 0x00, 0x31, 0x01, 0x01, 0x00,
  0x31, 0x40, 0x00, 0x00, 0x20, 0x41, 0x0a, 0x00, 0x32, 0x40, 0x00, 0x00, 0xc0, 0x00, 0x00, 0x00,
  0x32, 0x01, 0x01, 0x00, 0x10, 0x00, 0x00, 0x00, 0x24, 0x40, 0x27, 0x20, 0x73, 0xe4, 0xd5, 0x23,
  0x0b, 0x01, 0x13, 0x00, 0x0c, 0x01, 0x13, 0x00, 0x0a, 0x01, 0x0b, 0x00, 0x04, 0x01, 0x02, 0x00,
  0x05, 0x40, 0x00, 0x00, 0x40, 0x0b, 0x00, 0x00, 0x04, 0x40, 0x00, 0x00, 0x0c, 0x00, 0x00, 0x00,
  0x09, 0x01, 0x0c, 0x00, 0x14, 0x01, 0x41, 0xc0, 0x10, 0x40, 0x00, 0x00, 0x20, 0xca, 0x08, 0x00,
  0x12, 0x01, 0x13, 0x00, 0x11, 0x01, 0x0b, 0x00, 0x13, 0x01, 0x02, 0x00, 0x1b, 0x01, 0x13, 0x00,
  0x1c, 0x01, 0x13, 0x00, 0x1a, 0x01, 0x0b, 0x00, 0x16, 0x40, 0x00, 0x00, 0xc0, 0x03, 0x00, 0x00,
  0x18, 0x01, 0x80, 0xff, 0x2e, 0x01, 0x00, 0x00, 0x28, 0x01, 0x01, 0x00, 0x20, 0x40, 0x00, 0x00,
  0xc0, 0x41, 0x0a, 0x00, 0x21, 0x40, 0x00, 0x00, 0x20, 0x00, 0x00, 0x00, 0x29, 0x01, 0x01, 0x00,
  0x22, 0x40, 0x00, 0x00, 0x20, 0x41, 0x0a, 0x00, 0x23, 0x40, 0x00, 0x00, 0xa0, 0x00, 0x00, 0x00,
  0x26, 0x01, 0x80, 0xff, 0x16, 0x01, 0x13, 0x00, 0x15, 0x01, 0x0b, 0x00, 0x24, 0x01, 0x40, 0x01,
  0x11, 0x00, 0x00, 0x00, 0x03, 0x00, 0x00, 0x00, 0x00, 0x40, 0x00, 0x00, 0x23, 0x65, 0x04, 0x00,
  0x24, 0x01, 0x50, 0x01, 0x2f, 0x01, 0x07, 0x00, 0x03, 0x00, 0x00, 0x00, 0x00, 0x40, 0x00, 0x00,
  0x26, 0x65, 0x04, 0x00, 0x03, 0x00, 0x00, 0x00, 0x00, 0x40, 0x00, 0x00, 0x29, 0x65, 0x04, 0x00,
  0x03, 0x00, 0x00, 0x00, 0x00, 0x40, 0x00, 0x00, 0xf0, 0x67, 0x04, 0x00, 0x03, 0x00, 0x00, 0x00,
  0x00, 0x40, 0x00, 0x00, 0xf3, 0x67, 0x04, 0x00, 0x03, 0x00, 0x00, 0x00, 0x00, 0x40, 0x00, 0x00,
  0xf6, 0x67, 0x04, 0x00, 0x03, 0x00, 0x00, 0x00, 0x00, 0x40, 0x00, 0x00, 0xf9, 0x67, 0x04, 0x00,
  0x03, 0x00, 0x00, 0x00, 0x00, 0x40, 0x00, 0x00, 0xc0, 0x6a, 0x04, 0x00, 0x03, 0x00, 0x00, 0x00,
  0x00, 0x40, 0x00, 0x00, 0xc3, 0x6a, 0x04, 0x00, 0x03, 0x00, 0x00, 0x00, 0x00, 0x40, 0x00, 0x00,
  0xc6, 0x6a, 0x04, 0x00, 0x03, 0x00, 0x00, 0x00, 0x00, 0x40, 0x00, 0x00, 0xc9, 0x6a, 0x04, 0x00,
  0x03, 0x00, 0x00, 0x00, 0x00, 0x40, 0x00, 0x00, 0x90, 0x6d, 0x04, 0x00, 0x03, 0x00, 0x00, 0x00,
  0x00, 0x40, 0x00, 0x00, 0x93, 0x6d, 0x04, 0x00, 0x03, 0x00, 0x00, 0x00, 0x00, 0x40, 0x00, 0x00,
  0x96, 0x6d, 0x04, 0x00, 0x03, 0x00, 0x00, 0x00, 0x00, 0x40, 0x00, 0x00, 0x99, 0x6d, 0x04, 0x00,
  0x14, 0x01, 0x41, 0x00, 0x24, 0x01, 0x10, 0x01, 0x03, 0x00, 0x00, 0x00, 0x00, 0x40, 0x00, 0x00,
  0xb0, 0x65, 0x04, 0x00, 0x14, 0x01, 0x41, 0xc0, 0x10, 0x40, 0x00, 0x00, 0xe0, 0xca, 0x08, 0x00,
  0x24, 0x01, 0x40, 0x01, 0x03, 0x00, 0x00, 0x00, 0x00, 0x40, 0x00, 0x00, 0xb3, 0x65, 0x04, 0x00,
  0x24, 0x01, 0x50, 0x01, 0x03, 0x00, 0x00, 0x00, 0x00, 0x40, 0x00, 0x00, 0xb6, 0x65, 0x04, 0x00,
  0x03, 0x00, 0x00, 0x00, 0x00, 0x40, 0x00, 0x00, 0xb9, 0x65, 0x04, 0x00, 0x03, 0x00, 0x00, 0x00,
  0x00, 0x40, 0x00, 0x00, 0x80, 0x68, 0x04, 0x00, 0x03, 0x00, 0x00, 0x00, 0x00, 0x40, 0x00, 0x00,
  0x83, 0x68, 0x04, 0x00, 0x03, 0x00, 0x00, 0x00, 0x00, 0x40, 0x00, 0x00, 0x86, 0x68, 0x04, 0x00,
  0x03, 0x00, 0x00, 0x00, 0x00, 0x40, 0x00, 0x00, 0x89, 0x68, 0x04, 0x00, 0x03, 0x00, 0x00, 0x00,
  0x00, 0x40, 0x00, 0x00, 0x50, 0x6b, 0x04, 0x00, 0x03, 0x00, 0x00, 0x00, 0x00, 0x40, 0x00, 0x00,
  0x53, 0x6b, 0x04, 0x00, 0x03, 0x00, 0x00, 0x00, 0x00, 0x40, 0x00, 0x00, 0x56, 0x6b, 0x04, 0x00,
  0x03, 0x00, 0x00, 0x00, 0x00, 0x40, 0x00, 0x00, 0x59, 0x6b, 0x04, 0x00, 0x03, 0x00, 0x00, 0x00,
  0x00, 0x40, 0x00, 0x00, 0x20, 0x6e, 0x04, 0x00, 0x03, 0x00, 0x00, 0x00, 0x00, 0x40, 0x00, 0x00,
  0x23, 0x6e, 0x04, 0x00, 0x03, 0x00, 0x00, 0x00, 0x00, 0x40, 0x00, 0x00, 0x26, 0x6e, 0x04, 0x00,
  0x03, 0x00, 0x00, 0x00, 0x00, 0x40, 0x00, 0x00, 0x29, 0x6e, 0x04, 0x00, 0x14, 0x01, 0x41, 0x00,
  0x24, 0x01, 0x10, 0x01, 0x03, 0x00, 0x00, 0x00, 0x00, 0x40, 0x00, 0x00, 0x40, 0x66, 0x04, 0x00,
  0x14, 0x01, 0x41, 0xc0, 0x10, 0x40, 0x00, 0x00, 0xa0, 0xcb, 0x08, 0x00, 0x24, 0x01, 0x40, 0x01,
  0x03, 0x00, 0x00, 0x00, 0x00, 0x40, 0x00, 0x00, 0x43, 0x66, 0x04, 0x00, 0x24, 0x01, 0x50, 0x01,
  0x03, 0x00, 0x00, 0x00, 0x00, 0x40, 0x00, 0x00, 0x46, 0x66, 0x04, 0x00, 0x03, 0x00, 0x00, 0x00,
  0x00, 0x40, 0x00, 0x00, 0x49, 0x66, 0x04, 0x00, 0x03, 0x00, 0x00, 0x00, 0x00, 0x40, 0x00, 0x00,
  0x10, 0x69, 0x04, 0x00, 0x03, 0x00, 0x00, 0x00, 0x00, 0x40, 0x00, 0x00, 0x13, 0x69, 0x04, 0x00,
  0x03, 0x00, 0x00, 0x00, 0x00, 0x40, 0x00, 0x00, 0x16, 0x69, 0x04, 0x00, 0x03, 0x00, 0x00, 0x00,
  0x00, 0x40, 0x00, 0x00, 0x19, 0x69, 0x04, 0x00, 0x03, 0x00, 0x00, 0x00, 0x00, 0x40, 0x00, 0x00,
  0xe0, 0x6b, 0x04, 0x00, 0x03, 0x00, 0x00, 0x00, 0x00, 0x40, 0x00, 0x00, 0xe3, 0x6b, 0x04, 0x00,
  0x03, 0x00, 0x00, 0x00, 0x00, 0x40, 0x00, 0x00, 0xe6, 0x6b, 0x04, 0x00, 0x03, 0x00, 0x00, 0x00,
  0x00, 0x40, 0x00, 0x00, 0xe9, 0x6b, 0x04, 0x00, 0x03, 0x00, 0x00, 0x00, 0x00, 0x40, 0x00, 0x00,
  0xb0, 0x6e, 0x04, 0x00, 0x03, 0x00, 0x00, 0x00, 0x00, 0x40, 0x00, 0x00, 0xb3, 0x6e, 0x04, 0x00,
  0x03, 0x00, 0x00, 0x00, 0x00, 0x40, 0x00, 0x00, 0xb6, 0x6e, 0x04, 0x00, 0x03, 0x00, 0x00, 0x00,
  0x00, 0x40, 0x00, 0x00, 0xb9, 0x6e, 0x04, 0x00, 0x14, 0x01, 0x41, 0x00, 0x24, 0x01, 0x10, 0x01,
  0x03, 0x00, 0x00, 0x00, 0x00, 0x40, 0x00, 0x00, 0xd0, 0x66, 0x04, 0x00, 0x14, 0x01, 0x41, 0xc0,
  0x10, 0x40, 0x00, 0x00, 0x60, 0xcc, 0x08, 0x00, 0x24, 0x01, 0x40, 0x01, 0x03, 0x00, 0x00, 0x00,
  0x00, 0x40, 0x00, 0x00, 0xd3, 0x66, 0x04, 0x00, 0x24, 0x01, 0x50, 0x01, 0x03, 0x00, 0x00, 0x00,
  0x00, 0x40, 0x00, 0x00, 0xd6, 0x66, 0x04, 0x00, 0x03, 0x00, 0x00, 0x00, 0x00, 0x40, 0x00, 0x00,
  0xd9, 0x66, 0x04, 0x00, 0x03, 0x00, 0x00, 0x00, 0x00, 0x40, 0x00, 0x00, 0xa0, 0x69, 0x04, 0x00,
  0x03, 0x00, 0x00, 0x00, 0x00, 0x40, 0x00, 0x00, 0xa3, 0x69, 0x04, 0x00, 0x03, 0x00, 0x00, 0x00,
  0x00, 0x40, 0x00, 0x00, 0xa6, 0x69, 0x04, 0x00, 0x03, 0x00, 0x00, 0x00, 0x00, 0x40, 0x00, 0x00,
  0xa9, 0x69, 0x04, 0x00, 0x03, 0x00, 0x00, 0x00, 0x00, 0x40, 0x00, 0x00, 0x70, 0x6c, 0x04, 0x00,
  0x03, 0x00, 0x00, 0x00, 0x00, 0x40, 0x00, 0x00, 0x73, 0x6c, 0x04, 0x00, 0x03, 0x00, 0x00, 0x00,
  0x00, 0x40, 0x00, 0x00, 0x76, 0x6c, 0x04, 0x00, 0x03, 0x00, 0x00, 0x00, 0x00, 0x40, 0x00, 0x00,
  0x79, 0x6c, 0x04, 0x00, 0x03, 0x00, 0x00, 0x00, 0x00, 0x40, 0x00, 0x00, 0x40, 0x6f, 0x04, 0x00,
  0x03, 0x00, 0x00, 0x00, 0x00, 0x40, 0x00, 0x00, 0x43, 0x6f, 0x04, 0x00, 0x03, 0x00, 0x00, 0x00,
  0x00, 0x40, 0x00, 0x00, 0x46, 0x6f, 0x04, 0x00, 0x03, 0x00, 0x00, 0x00, 0x00, 0x40, 0x00, 0x00,
  0x49, 0x6f, 0x04, 0x00, 0x14, 0x01, 0x41, 0x00, 0x24, 0x01, 0x10, 0x01, 0x03, 0x00, 0x00, 0x00,
  0x00, 0x40, 0x00, 0x00, 0x60, 0x67, 0x04, 0x00, 0x14, 0x01, 0x41, 0xc0, 0x10, 0x40, 0x00, 0x00,
  0x20, 0xcd, 0x08, 0x00, 0x24, 0x01, 0x40, 0x01, 0x03, 0x00, 0x00, 0x00, 0x00, 0x40, 0x00, 0x00,
  0x63, 0x67, 0x04, 0x00, 0x24, 0x01, 0x50, 0x01, 0x03, 0x00, 0x00, 0x00, 0x00, 0x40, 0x00, 0x00,
  0x66, 0x67, 0x04, 0x00, 0x03, 0x00, 0x00, 0x00, 0x00, 0x40, 0x00, 0x00, 0x69, 0x67, 0x04, 0x00,
  0x03, 0x00, 0x00, 0x00, 0x00, 0x40, 0x00, 0x00, 0x30, 0x6a, 0x04, 0x00, 0x03, 0x00, 0x00, 0x00,
  0x00, 0x40, 0x00, 0x00, 0x33, 0x6a, 0x04, 0x00, 0x03, 0x00, 0x00, 0x00, 0x00, 0x40, 0x00, 0x00,
  0x36, 0x6a, 0x04, 0x00, 0x03, 0x00, 0x00, 0x00, 0x00, 0x40, 0x00, 0x00, 0x39, 0x6a, 0x04, 0x00,
  0x03, 0x00, 0x00, 0x00, 0x00, 0x40, 0x00, 0x00, 0x00, 0x6d, 0x04, 0x00, 0x03, 0x00, 0x00, 0x00,
  0x00, 0x40, 0x00, 0x00, 0x03, 0x6d, 0x04, 0x00, 0x03, 0x00, 0x00, 0x00, 0x00, 0x40, 0x00, 0x00,
  0x06, 0x6d, 0x04, 0x00, 0x03, 0x00, 0x00, 0x00, 0x00, 0x40, 0x00, 0x00, 0x09, 0x6d, 0x04, 0x00,
  0x03, 0x00, 0x00, 0x00, 0x00, 0x40, 0x00, 0x00, 0xd0, 0x6f, 0x04, 0x00, 0x03, 0x00, 0x00, 0x00,
  0x00, 0x40, 0x00, 0x00, 0xd3, 0x6f, 0x04, 0x00, 0x03, 0x00, 0x00, 0x00, 0x00, 0x40, 0x00, 0x00,
  0xd6, 0x6f, 0x04, 0x00, 0x03, 0x00, 0x00, 0x00, 0x00, 0x40, 0x00, 0x00, 0xd9, 0x6f, 0x04, 0x00,
  0x14, 0x01, 0x41, 0x00, 0x24, 0x01, 0x10, 0x01, 0x03, 0x00, 0x00, 0x00, 0x00, 0x40, 0x00, 0x00,
  0x20, 0x46, 0x05, 0x00, 0x14, 0x01, 0x41, 0xc0, 0x10, 0x40, 0x00, 0x00, 0x20, 0x15, 0x09, 0x00,
  0x24, 0x01, 0x40, 0x01, 0x03, 0x00, 0x00, 0x00, 0x00, 0x40, 0x00, 0x00, 0x23, 0x46, 0x05, 0x00,
  0x24, 0x01, 0x50, 0x01, 0x03, 0x00, 0x00, 0x00, 0x00, 0x40, 0x00, 0x00, 0x26, 0x46, 0x05, 0x00,
  0x03, 0x00, 0x00, 0x00, 0x00, 0x40, 0x00, 0x00, 0x29, 0x46, 0x05, 0x00, 0x03, 0x00, 0x00, 0x00,
  0x00, 0x40, 0x00, 0x00, 0xf0, 0x48, 0x05, 0x00, 0x03, 0x00, 0x00, 0x00, 0x00, 0x40, 0x00, 0x00,
  0xf3, 0x48, 0x05, 0x00, 0x03, 0x00, 0x00, 0x00, 0x00, 0x40, 0x00, 0x00, 0xf6, 0x48, 0x05, 0x00,
  0x03, 0x00, 0x00, 0x00, 0x00, 0x40, 0x00, 0x00, 0xf9, 0x48, 0x05, 0x00, 0x03, 0x00, 0x00, 0x00,
  0x00, 0x40, 0x00, 0x00, 0xc0, 0x4b, 0x05, 0x00, 0x03, 0x00, 0x00, 0x00, 0x00, 0x40, 0x00, 0x00,
  0xc3, 0x4b, 0x05, 0x00, 0x03, 0x00, 0x00, 0x00, 0x00, 0x40, 0x00, 0x00, 0xc6, 0x4b, 0x05, 0x00,
  0x03, 0x00, 0x00, 0x00, 0x00, 0x40, 0x00, 0x00, 0xc9, 0x4b, 0x05, 0x00, 0x03, 0x00, 0x00, 0x00,
  0x00, 0x40, 0x00, 0x00, 0x90, 0x4e, 0x05, 0x00, 0x03, 0x00, 0x00, 0x00, 0x00, 0x40, 0x00, 0x00,
  0x93, 0x4e, 0x05, 0x00, 0x03, 0x00, 0x00, 0x00, 0x00, 0x40, 0x00, 0x00, 0x96, 0x4e, 0x05, 0x00,
  0x03, 0x00, 0x00, 0x00, 0x00, 0x40, 0x00, 0x00, 0x99, 0x4e, 0x05, 0x00, 0x14, 0x01, 0x41, 0x00,
  0x24, 0x01, 0x10, 0x01, 0x03, 0x00, 0x00, 0x00, 0x00, 0x40, 0x00, 0x00, 0xb0, 0x46, 0x05, 0x00,
  0x14, 0x01, 0x41, 0xc0, 0x10, 0x40, 0x00, 0x00, 0xe0, 0x15, 0x09, 0x00, 0x24, 0x01, 0x40, 0x01,
  0x03, 0x00, 0x00, 0x00, 0x00, 0x40, 0x00, 0x00, 0xb3, 0x46, 0x05, 0x00, 0x24, 0x01, 0x50, 0x01,
  0x03, 0x00, 0x00, 0x00, 0x00, 0x40, 0x00, 0x00, 0xb6, 0x46, 0x05, 0x00, 0x03, 0x00, 0x00, 0x00,
  0x00, 0x40, 0x00, 0x00, 0xb9, 0x46, 0x05, 0x00, 0x03, 0x00, 0x00, 0x00, 0x00, 0x40, 0x00, 0x00,
  0x80, 0x49, 0x05, 0x00, 0x03, 0x00, 0x00, 0x00, 0x00, 0x40, 0x00, 0x00, 0x83, 0x49, 0x05, 0x00,
  0x03, 0x00, 0x00, 0x00, 0x00, 0x40, 0x00, 0x00, 0x86, 0x49, 0x05, 0x00, 0x03, 0x00, 0x00, 0x00,
  0x00, 0x40, 0x00, 0x00, 0x89, 0x49, 0x05, 0x00, 0x03, 0x00, 0x00, 0x00, 0x00, 0x40, 0x00, 0x00,
  0x50, 0x4c, 0x05, 0x00, 0x03, 0x00, 0x00, 0x00, 0x00, 0x40, 0x00, 0x00, 0x53, 0x4c, 0x05, 0x00,
  0x03, 0x00, 0x00, 0x00, 0x00, 0x40, 0x00, 0x00, 0x56, 0x4c, 0x05, 0x00, 0x03, 0x00, 0x00, 0x00,
  0x00, 0x40, 0x00, 0x00, 0x59, 0x4c, 0x05, 0x00, 0x03, 0x00, 0x00, 0x00, 0x00, 0x40, 0x00, 0x00,
  0x20, 0x4f, 0x05, 0x00, 0x03, 0x00, 0x00, 0x00, 0x00, 0x40, 0x00, 0x00, 0x23, 0x4f, 0x05, 0x00,
  0x03, 0x00, 0x00, 0x00, 0x00, 0x40, 0x00, 0x00, 0x26, 0x4f, 0x05, 0x00, 0x03, 0x00, 0x00, 0x00,
  0x00, 0x40, 0x00, 0x00, 0x29, 0x4f, 0x05, 0x00, 0x14, 0x01, 0x41, 0x00, 0x24, 0x01, 0x10, 0x01,
  0x03, 0x00, 0x00, 0x00, 0x00, 0x40, 0x00, 0x00, 0x40, 0x47, 0x05, 0x00, 0x14, 0x01, 0x41, 0xc0,
  0x10, 0x40, 0x00, 0x00, 0xa0, 0x16, 0x09, 0x00, 0x24, 0x01, 0x40, 0x01, 0x03, 0x00, 0x00, 0x00,
  0x00, 0x40, 0x00, 0x00, 0x43, 0x47, 0x05, 0x00, 0x24, 0x01, 0x50, 0x01, 0x03, 0x00, 0x00, 0x00,
  0x00, 0x40, 0x00, 0x00, 0x46, 0x47, 0x05, 0x00, 0x03, 0x00, 0x00, 0x00, 0x00, 0x40, 0x00, 0x00,
  0x49, 0x47, 0x05, 0x00, 0x03, 0x00, 0x00, 0x00, 0x00, 0x40, 0x00, 0x00, 0x10, 0x4a, 0x05, 0x00,
  0x03, 0x00, 0x00, 0x00, 0x00, 0x40, 0x00, 0x00, 0x13, 0x4a, 0x05, 0x00, 0x03, 0x00, 0x00, 0x00,
  0x00, 0x40, 0x00, 0x00, 0x16, 0x4a, 0x05, 0x00, 0x03, 0x00, 0x00, 0x00, 0x00, 0x40, 0x00, 0x00,
  0x19, 0x4a, 0x05, 0x00, 0x03, 0x00, 0x00, 0x00, 0x00, 0x40, 0x00, 0x00, 0xe0, 0x4c, 0x05, 0x00,
  0x03, 0x00, 0x00, 0x00, 0x00, 0x40, 0x00, 0x00, 0xe3, 0x4c, 0x05, 0x00, 0x03, 0x00, 0x00, 0x00,
  0x00, 0x40, 0x00, 0x00, 0xe6, 0x4c, 0x05, 0x00, 0x03, 0x00, 0x00, 0x00, 0x00, 0x40, 0x00, 0x00,
  0xe9, 0x4c, 0x05, 0x00, 0x03, 0x00, 0x00, 0x00, 0x00, 0x40, 0x00, 0x00, 0xb0, 0x4f, 0x05, 0x00,
  0x03, 0x00, 0x00, 0x00, 0x00, 0x40, 0x00, 0x00, 0xb3, 0x4f, 0x05, 0x00, 0x03, 0x00, 0x00, 0x00,
  0x00, 0x40, 0x00, 0x00, 0xb6, 0x4f, 0x05, 0x00, 0x03, 0x00, 0x00, 0x00, 0x00, 0x40, 0x00, 0x00,
  0xb9, 0x4f, 0x05, 0x00, 0x14, 0x01, 0x41, 0x00, 0x24, 0x01, 0x10, 0x01, 0x03, 0x00, 0x00, 0x00,
  0x00, 0x40, 0x00, 0x00, 0xd0, 0x47, 0x05, 0x00, 0x14, 0x01, 0x41, 0xc0, 0x10, 0x40, 0x00, 0x00,
  0x60, 0x17, 0x09, 0x00, 0x24, 0x01, 0x40, 0x01, 0x03, 0x00, 0x00, 0x00, 0x00, 0x40, 0x00, 0x00,
  0xd3, 0x47, 0x05, 0x00, 0x24, 0x01, 0x50, 0x01, 0x03, 0x00, 0x00, 0x00, 0x00, 0x40, 0x00, 0x00,
  0xd6, 0x47, 0x05, 0x00, 0x03, 0x00, 0x00, 0x00, 0x00, 0x40, 0x00, 0x00, 0xd9, 0x47, 0x05, 0x00,
  0x03, 0x00, 0x00, 0x00, 0x00, 0x40, 0x00, 0x00, 0xa0, 0x4a, 0x05, 0x00, 0x03, 0x00, 0x00, 0x00,
  0x00, 0x40, 0x00, 0x00, 0xa3, 0x4a, 0x05, 0x00, 0x03, 0x00, 0x00, 0x00, 0x00, 0x40, 0x00, 0x00,
  0xa6, 0x4a, 0x05, 0x00, 0x03, 0x00, 0x00, 0x00, 0x00, 0x40, 0x00, 0x00, 0xa9, 0x4a, 0x05, 0x00,
  0x03, 0x00, 0x00, 0x00, 0x00, 0x40, 0x00, 0x00, 0x70, 0x4d, 0x05, 0x00, 0x03, 0x00, 0x00, 0x00,
  0x00, 0x40, 0x00, 0x00, 0x73, 0x4d, 0x05, 0x00, 0x03, 0x00, 0x00, 0x00, 0x00, 0x40, 0x00, 0x00,
  0x76, 0x4d, 0x05, 0x00, 0x03, 0x00, 0x00, 0x00, 0x00, 0x40, 0x00, 0x00, 0x79, 0x4d, 0x05, 0x00,
  0x03, 0x00, 0x00, 0x00, 0x00, 0x40, 0x00, 0x00, 0x40, 0x50, 0x05, 0x00, 0x03, 0x00, 0x00, 0x00,
  0x00, 0x40, 0x00, 0x00, 0x43, 0x50, 0x05, 0x00, 0x03, 0x00, 0x00, 0x00, 0x00, 0x40, 0x00, 0x00,
  0x46, 0x50, 0x05, 0x00, 0x03, 0x00, 0x00, 0x00, 0x00, 0x40, 0x00, 0x00, 0x49, 0x50, 0x05, 0x00,
  0x14, 0x01, 0x41, 0x00, 0x24, 0x01, 0x10, 0x01, 0x03, 0x00, 0x00, 0x00, 0x00, 0x40, 0x00, 0x00,
  0x60, 0x48, 0x05, 0x00, 0x14, 0x01, 0x41, 0xc0, 0x10, 0x40, 0x00, 0x00, 0x20, 0x18, 0x09, 0x00,
  0x24, 0x01, 0x40, 0x01, 0x03, 0x00, 0x00, 0x00, 0x00, 0x40, 0x00, 0x00, 0x63, 0x48, 0x05, 0x00,
  0x24, 0x01, 0x50, 0x01, 0x03, 0x00, 0x00, 0x00, 0x00, 0x40, 0x00, 0x00, 0x66, 0x48, 0x05, 0x00,
  0x03, 0x00, 0x00, 0x00, 0x00, 0x40, 0x00, 0x00, 0x69, 0x48, 0x05, 0x00, 0x03, 0x00, 0x00, 0x00,
  0x00, 0x40, 0x00, 0x00, 0x30, 0x4b, 0x05, 0x00, 0x03, 0x00, 0x00, 0x00, 0x00, 0x40, 0x00, 0x00,
  0x33, 0x4b, 0x05, 0x00, 0x03, 0x00, 0x00, 0x00, 0x00, 0x40, 0x00, 0x00, 0x36, 0x4b, 0x05, 0x00,
  0x03, 0x00, 0x00, 0x00, 0x00, 0x40, 0x00, 0x00, 0x39, 0x4b, 0x05, 0x00, 0x03, 0x00, 0x00, 0x00,
  0x00, 0x40, 0x00, 0x00, 0x00, 0x4e, 0x05, 0x00, 0x03, 0x00, 0x00, 0x00, 0x00, 0x40, 0x00, 0x00,
  0x03, 0x4e, 0x05, 0x00, 0x03, 0x00, 0x00, 0x00, 0x00, 0x40, 0x00, 0x00, 0x06, 0x4e, 0x05, 0x00,
  0x03, 0x00, 0x00, 0x00, 0x00, 0x40, 0x00, 0x00, 0x09, 0x4e, 0x05, 0x00, 0x03, 0x00, 0x00, 0x00,
  0x00, 0x40, 0x00, 0x00, 0xd0, 0x50, 0x05, 0x00, 0x03, 0x00, 0x00, 0x00, 0x00, 0x40, 0x00, 0x00,
  0xd3, 0x50, 0x05, 0x00, 0x03, 0x00, 0x00, 0x00, 0x00, 0x40, 0x00, 0x00, 0xd6, 0x50, 0x05, 0x00,
  0x03, 0x00, 0x00, 0x00, 0x00, 0x40, 0x00, 0x00, 0xd9, 0x50, 0x05, 0x00, 0x14, 0x01, 0x41, 0x00,
  0x24, 0x01, 0x10, 0x01, 0x03, 0x00, 0x00, 0x00, 0x00, 0x40, 0x00, 0x00, 0x20, 0x27, 0x06, 0x00,
  0x14, 0x01, 0x41, 0xc0, 0x10, 0x40, 0x00, 0x00, 0x20, 0x60, 0x09, 0x00, 0x24, 0x01, 0x40, 0x01,
  0x03, 0x00, 0x00, 0x00, 0x00, 0x40, 0x00, 0x00, 0x23, 0x27, 0x06, 0x00, 0x24, 0x01, 0x50, 0x01,
  0x03, 0x00, 0x00, 0x00, 0x00, 0x40, 0x00, 0x00, 0x26, 0x27, 0x06, 0x00, 0x03, 0x00, 0x00, 0x00,
  0x00, 0x40, 0x00, 0x00, 0x29, 0x27, 0x06, 0x00, 0x03, 0x00, 0x00, 0x00, 0x00, 0x40, 0x00, 0x00,
  0xf0, 0x29, 0x06, 0x00, 0x03, 0x00, 0x00, 0x00, 0x00, 0x40, 0x00, 0x00, 0xf3, 0x29, 0x06, 0x00,
  0x03, 0x00, 0x00, 0x00, 0x00, 0x40, 0x00, 0x00, 0xf6, 0x29, 0x06, 0x00, 0x03, 0x00, 0x00, 0x00,
  0x00, 0x40, 0x00, 0x00, 0xf9, 0x29, 0x06, 0x00, 0x03, 0x00, 0x00, 0x00, 0x00, 0x40, 0x00, 0x00,
  0xc0, 0x2c, 0x06, 0x00, 0x03, 0x00, 0x00, 0x00, 0x00, 0x40, 0x00, 0x00, 0xc3, 0x2c, 0x06, 0x00,
  0x03, 0x00, 0x00, 0x00, 0x00, 0x40, 0x00, 0x00, 0xc6, 0x2c, 0x06, 0x00, 0x03, 0x00, 0x00, 0x00,
  0x00, 0x40, 0x00, 0x00, 0xc9, 0x2c, 0x06, 0x00, 0x03, 0x00, 0x00, 0x00, 0x00, 0x40, 0x00, 0x00,
  0x90, 0x2f, 0x06, 0x00, 0x03, 0x00, 0x00, 0x00, 0x00, 0x40, 0x00, 0x00, 0x93, 0x2f, 0x06, 0x00,
  0x03, 0x00, 0x00, 0x00, 0x00, 0x40, 0x00, 0x00, 0x96, 0x2f, 0x06, 0x00, 0x03, 0x00, 0x00, 0x00,
  0x00, 0x40, 0x00, 0x00, 0x99, 0x2f, 0x06, 0x00, 0x14, 0x01, 0x41, 0x00, 0x24, 0x01, 0x10, 0x01,
  0x03, 0x00, 0x00, 0x00, 0x00, 0x40, 0x00, 0x00, 0xb0, 0x27, 0x06, 0x00, 0x14, 0x01, 0x41, 0xc0,
  0x10, 0x40, 0x00, 0x00, 0xe0, 0x60, 0x09, 0x00, 0x24, 0x01, 0x40, 0x01, 0x03, 0x00, 0x00, 0x00,
  0x00, 0x40, 0x00, 0x00, 0xb3, 0x27, 0x06, 0x00, 0x24, 0x01, 0x50, 0x01, 0x03, 0x00, 0x00, 0x00,
  0x00, 0x40, 0x00, 0x00, 0xb6, 0x27, 0x06, 0x00, 0x03, 0x00, 0x00, 0x00, 0x00, 0x40, 0x00, 0x00,
  0xb9, 0x27, 0x06, 0x00, 0x03, 0x00, 0x00, 0x00, 0x00, 0x40, 0x00, 0x00, 0x80, 0x2a, 0x06, 0x00,
  0x03, 0x00, 0x00, 0x00, 0x00, 0x40, 0x00, 0x00, 0x83, 0x2a, 0x06, 0x00, 0x03, 0x00, 0x00, 0x00,
  0x00, 0x40, 0x00, 0x00, 0x86, 0x2a, 0x06, 0x00, 0x03, 0x00, 0x00, 0x00, 0x00, 0x40, 0x00, 0x00,
  0x89, 0x2a, 0x06, 0x00, 0x03, 0x00, 0x00, 0x00, 0x00, 0x40, 0x00, 0x00, 0x50, 0x2d, 0x06, 0x00,
  0x03, 0x00, 0x00, 0x00, 0x00, 0x40, 0x00, 0x00, 0x53, 0x2d, 0x06, 0x00, 0x03, 0x00, 0x00, 0x00,
  0x00, 0x40, 0x00, 0x00, 0x56, 0x2d, 0x06, 0x00, 0x03, 0x00, 0x00, 0x00, 0x00, 0x40, 0x00, 0x00,
  0x59, 0x2d, 0x06, 0x00, 0x03, 0x00, 0x00, 0x00, 0x00, 0x40, 0x00, 0x00, 0x20, 0x30, 0x06, 0x00,
  0x03, 0x00, 0x00, 0x00, 0x00, 0x40, 0x00, 0x00, 0x23, 0x30, 0x06, 0x00, 0x03, 0x00, 0x00, 0x00,
  0x00, 0x40, 0x00, 0x00, 0x26, 0x30, 0x06, 0x00, 0x03, 0x00, 0x00, 0x00, 0x00, 0x40, 0x00, 0x00,
  0x29, 0x30, 0x06, 0x00, 0x14, 0x01, 0x41, 0x00, 0x24, 0x01, 0x10, 0x01, 0x03, 0x00, 0x00, 0x00,
  0x00, 0x40, 0x00, 0x00, 0x40, 0x28, 0x06, 0x00, 0x14, 0x01, 0x41, 0xc0, 0x10, 0x40, 0x00, 0x00,
  0xa0, 0x61, 0x09, 0x00, 0x24, 0x01, 0x40, 0x01, 0x03, 0x00, 0x00, 0x00, 0x00, 0x40, 0x00, 0x00,
  0x43, 0x28, 0x06, 0x00, 0x24, 0x01, 0x50, 0x01, 0x03, 0x00, 0x00, 0x00, 0x00, 0x40, 0x00, 0x00,
  0x46, 0x28, 0x06, 0x00, 0x03, 0x00, 0x00, 0x00, 0x00, 0x40, 0x00, 0x00, 0x49, 0x28, 0x06, 0x00,
  0x03, 0x00, 0x00, 0x00, 0x00, 0x40, 0x00, 0x00, 0x10, 0x2b, 0x06, 0x00, 0x03, 0x00, 0x00, 0x00,
  0x00, 0x40, 0x00, 0x00, 0x13, 0x2b, 0x06, 0x00, 0x03, 0x00, 0x00, 0x00, 0x00, 0x40, 0x00, 0x00,
  0x16, 0x2b, 0x06, 0x00, 0x03, 0x00, 0x00, 0x00, 0x00, 0x40, 0x00, 0x00, 0x19, 0x2b, 0x06, 0x00,
  0x03, 0x00, 0x00, 0x00, 0x00, 0x40, 0x00, 0x00, 0xe0, 0x2d, 0x06, 0x00, 0x03, 0x00, 0x00, 0x00,
  0x00, 0x40, 0x00, 0x00, 0xe3, 0x2d, 0x06, 0x00, 0x03, 0x00, 0x00, 0x00, 0x00, 0x40, 0x00, 0x00,
  0xe6, 0x2d, 0x06, 0x00, 0x03, 0x00, 0x00, 0x00, 0x00, 0x40, 0x00, 0x00, 0xe9, 0x2d, 0x06, 0x00,
  0x03, 0x00, 0x00, 0x00, 0x00, 0x40, 0x00, 0x00, 0xb0, 0x30, 0x06, 0x00, 0x03, 0x00, 0x00, 0x00,
  0x00, 0x40, 0x00, 0x00, 0xb3, 0x30, 0x06, 0x00, 0x03, 0x00, 0x00, 0x00, 0x00, 0x40, 0x00, 0x00,
  0xb6, 0x30, 0x06, 0x00, 0x03, 0x00, 0x00, 0x00, 0x00, 0x40, 0x00, 0x00, 0xb9, 0x30, 0x06, 0x00,
  0x14, 0x01, 0x41, 0x00, 0x24, 0x01, 0x10, 0x01, 0x03, 0x00, 0x00, 0x00, 0x00, 0x40, 0x00, 0x00,
  0xd0, 0x28, 0x06, 0x00, 0x14, 0x01, 0x41, 0xc0, 0x10, 0x40, 0x00, 0x00, 0x60, 0x62, 0x09, 0x00,
  0x24, 0x01, 0x40, 0x01, 0x03, 0x00, 0x00, 0x00, 0x00, 0x40, 0x00, 0x00, 0xd3, 0x28, 0x06, 0x00,
  0x24, 0x01, 0x50, 0x01, 0x03, 0x00, 0x00, 0x00, 0x00, 0x40, 0x00, 0x00, 0xd6, 0x28, 0x06, 0x00,
  0x03, 0x00, 0x00, 0x00, 0x00, 0x40, 0x00, 0x00, 0xd9, 0x28, 0x06, 0x00, 0x03, 0x00, 0x00, 0x00,
  0x00, 0x40, 0x00, 0x00, 0xa0, 0x2b, 0x06, 0x00, 0x03, 0x00, 0x00, 0x00, 0x00, 0x40, 0x00, 0x00,
  0xa3, 0x2b, 0x06, 0x00, 0x03, 0x00, 0x00, 0x00, 0x00, 0x40, 0x00, 0x00, 0xa6, 0x2b, 0x06, 0x00,
  0x03, 0x00, 0x00, 0x00, 0x00, 0x40, 0x00, 0x00, 0xa9, 0x2b, 0x06, 0x00, 0x03, 0x00, 0x00, 0x00,
  0x00, 0x40, 0x00, 0x00, 0x70, 0x2e, 0x06, 0x00, 0x03, 0x00, 0x00, 0x00, 0x00, 0x40, 0x00, 0x00,
  0x73, 0x2e, 0x06, 0x00, 0x03, 0x00, 0x00, 0x00, 0x00, 0x40, 0x00, 0x00, 0x76, 0x2e, 0x06, 0x00,
  0x03, 0x00, 0x00, 0x00, 0x00, 0x40, 0x00, 0x00, 0x79, 0x2e, 0x06, 0x00, 0x03, 0x00, 0x00, 0x00,
  0x00, 0x40, 0x00, 0x00, 0x40, 0x31, 0x06, 0x00, 0x03, 0x00, 0x00, 0x00, 0x00, 0x40, 0x00, 0x00,
  0x43, 0x31, 0x06, 0x00, 0x03, 0x00, 0x00, 0x00, 0x00, 0x40, 0x00, 0x00, 0x46, 0x31, 0x06, 0x00,
  0x03, 0x00, 0x00, 0x00, 0x00, 0x40, 0x00, 0x00, 0x49, 0x31, 0x06, 0x00, 0x14, 0x01, 0x41, 0x00,
  0x24, 0x01, 0x10, 0x01, 0x03, 0x00, 0x00, 0x00, 0x00, 0x40, 0x00, 0x00, 0x60, 0x29, 0x06, 0x00,
  0x14, 0x01, 0x41, 0xc0, 0x10, 0x40, 0x00, 0x00, 0x20, 0x63, 0x09, 0x00, 0x24, 0x01, 0x40, 0x01,
  0x03, 0x00, 0x00, 0x00, 0x00, 0x40, 0x00, 0x00, 0x63, 0x29, 0x06, 0x00, 0x24, 0x01, 0x50, 0x01,
  0x03, 0x00, 0x00, 0x00, 0x00, 0x40, 0x00, 0x00, 0x66, 0x29, 0x06, 0x00, 0x03, 0x00, 0x00, 0x00,
  0x00, 0x40, 0x00, 0x00, 0x69, 0x29, 0x06, 0x00, 0x03, 0x00, 0x00, 0x00, 0x00, 0x40, 0x00, 0x00,
  0x30, 0x2c, 0x06, 0x00, 0x03, 0x00, 0x00, 0x00, 0x00, 0x40, 0x00, 0x00, 0x33, 0x2c, 0x06, 0x00,
  0x03, 0x00, 0x00, 0x00, 0x00, 0x40, 0x00, 0x00, 0x36, 0x2c, 0x06, 0x00, 0x03, 0x00, 0x00, 0x00,
  0x00, 0x40, 0x00, 0x00, 0x39, 0x2c, 0x06, 0x00, 0x03, 0x00, 0x00, 0x00, 0x00, 0x40, 0x00, 0x00,
  0x00, 0x2f, 0x06, 0x00, 0x03, 0x00, 0x00, 0x00, 0x00, 0x40, 0x00, 0x00, 0x03, 0x2f, 0x06, 0x00,
  0x03, 0x00, 0x00, 0x00, 0x00, 0x40, 0x00, 0x00, 0x06, 0x2f, 0x06, 0x00, 0x03, 0x00, 0x00, 0x00,
  0x00, 0x40, 0x00, 0x00, 0x09, 0x2f, 0x06, 0x00, 0x03, 0x00, 0x00, 0x00, 0x00, 0x40, 0x00, 0x00,
  0xd0, 0x31, 0x06, 0x00, 0x03, 0x00, 0x00, 0x00, 0x00, 0x40, 0x00, 0x00, 0xd3, 0x31, 0x06, 0x00,
  0x03, 0x00, 0x00, 0x00, 0x00, 0x40, 0x00, 0x00, 0xd6, 0x31, 0x06, 0x00, 0x03, 0x00, 0x00, 0x00,
  0x00, 0x40, 0x00, 0x00, 0xd9, 0x31, 0x06, 0x00, 0x14, 0x01, 0x41, 0x00, 0x24, 0x01, 0x10, 0x01,
  0x03, 0x00, 0x00, 0x00, 0x00, 0x40, 0x00, 0x00, 0x20, 0x08, 0x07, 0x00, 0x14, 0x01, 0x41, 0xc0,
  0x10, 0x40, 0x00, 0x00, 0x20, 0xab, 0x09, 0x00, 0x24, 0x01, 0x40, 0x01, 0x03, 0x00, 0x00, 0x00,
  0x00, 0x40, 0x00, 0x00, 0x23, 0x08, 0x07, 0x00, 0x24, 0x01, 0x50, 0x01, 0x03, 0x00, 0x00, 0x00,
  0x00, 0x40, 0x00, 0x00, 0x26, 0x08, 0x07, 0x00, 0x03, 0x00, 0x00, 0x00, 0x00, 0x40, 0x00, 0x00,
  0x29, 0x08, 0x07, 0x00, 0x03, 0x00, 0x00, 0x00, 0x00, 0x40, 0x00, 0x00, 0xf0, 0x0a, 0x07, 0x00,
  0x03, 0x00, 0x00, 0x00, 0x00, 0x40, 0x00, 0x00, 0xf3, 0x0a, 0x07, 0x00, 0x03, 0x00, 0x00, 0x00,
  0x00, 0x40, 0x00, 0x00, 0xf6, 0x0a, 0x07, 0x00, 0x03, 0x00, 0x00, 0x00, 0x00, 0x40, 0x00, 0x00,
  0xf9, 0x0a, 0x07, 0x00, 0x03, 0x00, 0x00, 0x00, 0x00, 0x40, 0x00, 0x00, 0xc0, 0x0d, 0x07, 0x00,
  0x03, 0x00, 0x00, 0x00, 0x00, 0x40, 0x00, 0x00, 0xc3, 0x0d, 0x07, 0x00, 0x03, 0x00, 0x00, 0x00,
  0x00, 0x40, 0x00, 0x00, 0xc6, 0x0d, 0x07, 0x00, 0x03, 0x00, 0x00, 0x00, 0x00, 0x40, 0x00, 0x00,
  0xc9, 0x0d, 0x07, 0x00, 0x03, 0x00, 0x00, 0x00, 0x00, 0x40, 0x00, 0x00, 0x90, 0x10, 0x07, 0x00,
  0x03, 0x00, 0x00, 0x00, 0x00, 0x40, 0x00, 0x00, 0x93, 0x10, 0x07, 0x00, 0x03, 0x00, 0x00, 0x00,
  0x00, 0x40, 0x00, 0x00, 0x96, 0x10, 0x07, 0x00, 0x03, 0x00, 0x00, 0x00, 0x00, 0x40, 0x00, 0x00,
  0x99, 0x10, 0x07, 0x00, 0x14, 0x01, 0x41, 0x00, 0x24, 0x01, 0x10, 0x01, 0x03, 0x00, 0x00, 0x00,
  0x00, 0x40, 0x00, 0x00, 0xb0, 0x08, 0x07, 0x00, 0x14, 0x01, 0x41, 0xc0, 0x10, 0x40, 0x00, 0x00,
  0xe0, 0xab, 0x09, 0x00, 0x24, 0x01, 0x40, 0x01, 0x03, 0x00, 0x00, 0x00, 0x00, 0x40, 0x00, 0x00,
  0xb3, 0x08, 0x07, 0x00, 0x24, 0x01, 0x50, 0x01, 0x03, 0x00, 0x00, 0x00, 0x00, 0x40, 0x00, 0x00,
  0xb6, 0x08, 0x07, 0x00, 0x03, 0x00, 0x00, 0x00, 0x00, 0x40, 0x00, 0x00, 0xb9, 0x08, 0x07, 0x00,
  0x03, 0x00, 0x00, 0x00, 0x00, 0x40, 0x00, 0x00, 0x80, 0x0b, 0x07, 0x00, 0x03, 0x00, 0x00, 0x00,
  0x00, 0x40, 0x00, 0x00, 0x83, 0x0b, 0x07, 0x00, 0x03, 0x00, 0x00, 0x00, 0x00, 0x40, 0x00, 0x00,
  0x86, 0x0b, 0x07, 0x00, 0x03, 0x00, 0x00, 0x00, 0x00, 0x40, 0x00, 0x00, 0x89, 0x0b, 0x07, 0x00,
  0x03, 0x00, 0x00, 0x00, 0x00, 0x40, 0x00, 0x00, 0x50, 0x0e, 0x07, 0x00, 0x03, 0x00, 0x00, 0x00,
  0x00, 0x40, 0x00, 0x00, 0x53, 0x0e, 0x07, 0x00, 0x03, 0x00, 0x00, 0x00, 0x00, 0x40, 0x00, 0x00,
  0x56, 0x0e, 0x07, 0x00, 0x03, 0x00, 0x00, 0x00, 0x00, 0x40, 0x00, 0x00, 0x59, 0x0e, 0x07, 0x00,
  0x03, 0x00, 0x00, 0x00, 0x00, 0x40, 0x00, 0x00, 0x20, 0x11, 0x07, 0x00, 0x03, 0x00, 0x00, 0x00,
  0x00, 0x40, 0x00, 0x00, 0x23, 0x11, 0x07, 0x00, 0x03, 0x00, 0x00, 0x00, 0x00, 0x40, 0x00, 0x00,
  0x26, 0x11, 0x07, 0x00, 0x03, 0x00, 0x00, 0x00, 0x00, 0x40, 0x00, 0x00, 0x29, 0x11, 0x07, 0x00,
  0x14, 0x01, 0x41, 0x00, 0x24, 0x01, 0x10, 0x01, 0x03, 0x00, 0x00, 0x00, 0x00, 0x40, 0x00, 0x00,
  0x40, 0x09, 0x07, 0x00, 0x14, 0x01, 0x41, 0xc0, 0x10, 0x40, 0x00, 0x00, 0xa0, 0xac, 0x09, 0x00,
  0x24, 0x01, 0x40, 0x01, 0x03, 0x00, 0x00, 0x00, 0x00, 0x40, 0x00, 0x00, 0x43, 0x09, 0x07, 0x00,
  0x24, 0x01, 0x50, 0x01, 0x03, 0x00, 0x00, 0x00, 0x00, 0x40, 0x00, 0x00, 0x46, 0x09, 0x07, 0x00,
  0x03, 0x00, 0x00, 0x00, 0x00, 0x40, 0x00, 0x00, 0x49, 0x09, 0x07, 0x00, 0x03, 0x00, 0x00, 0x00,
  0x00, 0x40, 0x00, 0x00, 0x10, 0x0c, 0x07, 0x00, 0x03, 0x00, 0x00, 0x00, 0x00, 0x40, 0x00, 0x00,
  0x13, 0x0c, 0x07, 0x00, 0x03, 0x00, 0x00, 0x00, 0x00, 0x40, 0x00, 0x00, 0x16, 0x0c, 0x07, 0x00,
  0x03, 0x00, 0x00, 0x00, 0x00, 0x40, 0x00, 0x00, 0x19, 0x0c, 0x07, 0x00, 0x03, 0x00, 0x00, 0x00,
  0x00, 0x40, 0x00, 0x00, 0xe0, 0x0e, 0x07, 0x00, 0x03, 0x00, 0x00, 0x00, 0x00, 0x40, 0x00, 0x00,
  0xe3, 0x0e, 0x07, 0x00, 0x03, 0x00, 0x00, 0x00, 0x00, 0x40, 0x00, 0x00, 0xe6, 0x0e, 0x07, 0x00,
  0x03, 0x00, 0x00, 0x00, 0x00, 0x40, 0x00, 0x00, 0xe9, 0x0e, 0x07, 0x00, 0x03, 0x00, 0x00, 0x00,
  0x00, 0x40, 0x00, 0x00, 0xb0, 0x11, 0x07, 0x00, 0x03, 0x00, 0x00, 0x00, 0x00, 0x40, 0x00, 0x00,
  0xb3, 0x11, 0x07, 0x00, 0x03, 0x00, 0x00, 0x00, 0x00, 0x40, 0x00, 0x00, 0xb6, 0x11, 0x07, 0x00,
  0x03, 0x00, 0x00, 0x00, 0x00, 0x40, 0x00, 0x00, 0xb9, 0x11, 0x07, 0x00, 0x14, 0x01, 0x41, 0x00,
  0x24, 0x01, 0x10, 0x01, 0x03, 0x00, 0x00, 0x00, 0x00, 0x40, 0x00, 0x00, 0xd0, 0x09, 0x07, 0x00,
  0x14, 0x01, 0x41, 0xc0, 0x10, 0x40, 0x00, 0x00, 0x60, 0xad, 0x09, 0x00, 0x24, 0x01, 0x40, 0x01,
  0x03, 0x00, 0x00, 0x00, 0x00, 0x40, 0x00, 0x00, 0xd3, 0x09, 0x07, 0x00, 0x24, 0x01, 0x50, 0x01,
  0x03, 0x00, 0x00, 0x00, 0x00, 0x40, 0x00, 0x00, 0xd6, 0x09, 0x07, 0x00, 0x03, 0x00, 0x00, 0x00,
  0x00, 0x40, 0x00, 0x00, 0xd9, 0x09, 0x07, 0x00, 0x03, 0x00, 0x00, 0x00, 0x00, 0x40, 0x00, 0x00,
  0xa0, 0x0c, 0x07, 0x00, 0x03, 0x00, 0x00, 0x00, 0x00, 0x40, 0x00, 0x00, 0xa3, 0x0c, 0x07, 0x00,
  0x03, 0x00, 0x00, 0x00, 0x00, 0x40, 0x00, 0x00, 0xa6, 0x0c, 0x07, 0x00, 0x03, 0x00, 0x00, 0x00,
  0x00, 0x40, 0x00, 0x00, 0xa9, 0x0c, 0x07, 0x00, 0x03, 0x00, 0x00, 0x00, 0x00, 0x40, 0x00, 0x00,
  0x70, 0x0f, 0x07, 0x00, 0x03, 0x00, 0x00, 0x00, 0x00, 0x40, 0x00, 0x00, 0x73, 0x0f, 0x07, 0x00,
  0x03, 0x00, 0x00, 0x00, 0x00, 0x40, 0x00, 0x00, 0x76, 0x0f, 0x07, 0x00, 0x03, 0x00, 0x00, 0x00,
  0x00, 0x40, 0x00, 0x00, 0x79, 0x0f, 0x07, 0x00, 0x03, 0x00, 0x00, 0x00, 0x00, 0x40, 0x00, 0x00,
  0x40, 0x12, 0x07, 0x00, 0x03, 0x00, 0x00, 0x00, 0x00, 0x40, 0x00, 0x00, 0x43, 0x12, 0x07, 0x00,
  0x03, 0x00, 0x00, 0x00, 0x00, 0x40, 0x00, 0x00, 0x46, 0x12, 0x07, 0x00, 0x03, 0x00, 0x00, 0x00,
  0x00, 0x40, 0x00, 0x00, 0x49, 0x12, 0x07, 0x00, 0x14, 0x01, 0x41, 0x00, 0x24, 0x01, 0x10, 0x01,
  0x03, 0x00, 0x00, 0x00, 0x00, 0x40, 0x00, 0x00, 0x60, 0x0a, 0x07, 0x00, 0x14, 0x01, 0x41, 0xc0,
  0x10, 0x40, 0x00, 0x00, 0x20, 0xae, 0x09, 0x00, 0x24, 0x01, 0x40, 0x01, 0x03, 0x00, 0x00, 0x00,
  0x00, 0x40, 0x00, 0x00, 0x63, 0x0a, 0x07, 0x00, 0x24, 0x01, 0x50, 0x01, 0x03, 0x00, 0x00, 0x00,
  0x00, 0x40, 0x00, 0x00, 0x66, 0x0a, 0x07, 0x00, 0x03, 0x00, 0x00, 0x00, 0x00, 0x40, 0x00, 0x00,
  0x69, 0x0a, 0x07, 0x00, 0x03, 0x00, 0x00, 0x00, 0x00, 0x40, 0x00, 0x00, 0x30, 0x0d, 0x07, 0x00,
  0x03, 0x00, 0x00, 0x00, 0x00, 0x40, 0x00, 0x00, 0x33, 0x0d, 0x07, 0x00, 0x03, 0x00, 0x00, 0x00,
  0x00, 0x40, 0x00, 0x00, 0x36, 0x0d, 0x07, 0x00, 0x03, 0x00, 0x00, 0x00, 0x00, 0x40, 0x00, 0x00,
  0x39, 0x0d, 0x07, 0x00, 0x03, 0x00, 0x00, 0x00, 0x00, 0x40, 0x00, 0x00, 0x00, 0x10, 0x07, 0x00,
  0x03, 0x00, 0x00, 0x00, 0x00, 0x40, 0x00, 0x00, 0x03, 0x10, 0x07, 0x00, 0x03, 0x00, 0x00, 0x00,
  0x00, 0x40, 0x00, 0x00, 0x06, 0x10, 0x07, 0x00, 0x03, 0x00, 0x00, 0x00, 0x00, 0x40, 0x00, 0x00,
  0x09, 0x10, 0x07, 0x00, 0x03, 0x00, 0x00, 0x00, 0x00, 0x40, 0x00, 0x00, 0xd0, 0x12, 0x07, 0x00,
  0x03, 0x00, 0x00, 0x00, 0x00, 0x40, 0x00, 0x00, 0xd3, 0x12, 0x07, 0x00, 0x03, 0x00, 0x00, 0x00,
  0x00, 0x40, 0x00, 0x00, 0xd6, 0x12, 0x07, 0x00, 0x03, 0x00, 0x00, 0x00, 0x00, 0x40, 0x00, 0x00,
  0xd9, 0x12, 0x07, 0x00, 0x14, 0x01, 0x41, 0x00, 0x24, 0x01, 0x10, 0x01, 0x03, 0x00, 0x00, 0x00,
  0x00, 0x40, 0x00, 0x00, 0x20, 0xe9, 0x07, 0x00, 0x14, 0x01, 0x41, 0xc0, 0x10, 0x40, 0x00, 0x00,
  0x20, 0xf6, 0x09, 0x00, 0x24, 0x01, 0x40, 0x01, 0x03, 0x00, 0x00, 0x00, 0x00, 0x40, 0x00, 0x00,
  0x23, 0xe9, 0x07, 0x00, 0x24, 0x01, 0x50, 0x01, 0x03, 0x00, 0x00, 0x00, 0x00, 0x40, 0x00, 0x00,
  0x26, 0xe9, 0x07, 0x00, 0x03, 0x00, 0x00, 0x00, 0x00, 0x40, 0x00, 0x00, 0x29, 0xe9, 0x07, 0x00,
  0x03, 0x00, 0x00, 0x00, 0x00, 0x40, 0x00, 0x00, 0xf0, 0xeb, 0x07, 0x00, 0x03, 0x00, 0x00, 0x00,
  0x00, 0x40, 0x00, 0x00, 0xf3, 0xeb, 0x07, 0x00, 0x03, 0x00, 0x00, 0x00, 0x00, 0x40, 0x00, 0x00,
  0xf6, 0xeb, 0x07, 0x00, 0x03, 0x00, 0x00, 0x00, 0x00, 0x40, 0x00, 0x00, 0xf9, 0xeb, 0x07, 0x00,
  0x03, 0x00, 0x00, 0x00, 0x00, 0x40, 0x00, 0x00, 0xc0, 0xee, 0x07, 0x00, 0x03, 0x00, 0x00, 0x00,
  0x00, 0x40, 0x00, 0x00, 0xc3, 0xee, 0x07, 0x00, 0x03, 0x00, 0x00, 0x00, 0x00, 0x40, 0x00, 0x00,
  0xc6, 0xee, 0x07, 0x00, 0x03, 0x00, 0x00, 0x00, 0x00, 0x40, 0x00, 0x00, 0xc9, 0xee, 0x07, 0x00,
  0x03, 0x00, 0x00, 0x00, 0x00, 0x40, 0x00, 0x00, 0x90, 0xf1, 0x07, 0x00, 0x03, 0x00, 0x00, 0x00,
  0x00, 0x40, 0x00, 0x00, 0x93, 0xf1, 0x07, 0x00, 0x03, 0x00, 0x00, 0x00, 0x00, 0x40, 0x00, 0x00,
  0x96, 0xf1, 0x07, 0x00, 0x03, 0x00, 0x00, 0x00, 0x00, 0x40, 0x00, 0x00, 0x99, 0xf1, 0x07, 0x00,
  0x14, 0x01, 0x41, 0x00, 0x24, 0x01, 0x10, 0x01, 0x03, 0x00, 0x00, 0x00, 0x00, 0x40, 0x00, 0x00,
  0xb0, 0xe9, 0x07, 0x00, 0x14, 0x01, 0x41, 0xc0, 0x10, 0x40, 0x00, 0x00, 0xe0, 0xf6, 0x09, 0x00,
  0x24, 0x01, 0x40, 0x01, 0x03, 0x00, 0x00, 0x00, 0x00, 0x40, 0x00, 0x00, 0xb3, 0xe9, 0x07, 0x00,
  0x24, 0x01, 0x50, 0x01, 0x03, 0x00, 0x00, 0x00, 0x00, 0x40, 0x00, 0x00, 0xb6, 0xe9, 0x07, 0x00,
  0x03, 0x00, 0x00, 0x00, 0x00, 0x40, 0x00, 0x00, 0xb9, 0xe9, 0x07, 0x00, 0x03, 0x00, 0x00, 0x00,
  0x00, 0x40, 0x00, 0x00, 0x80, 0xec, 0x07, 0x00, 0x03, 0x00, 0x00, 0x00, 0x00, 0x40, 0x00, 0x00,
  0x83, 0xec, 0x07, 0x00, 0x03, 0x00, 0x00, 0x00, 0x00, 0x40, 0x00, 0x00, 0x86, 0xec, 0x07, 0x00,
  0x03, 0x00, 0x00, 0x00, 0x00, 0x40, 0x00, 0x00, 0x89, 0xec, 0x07, 0x00, 0x03, 0x00, 0x00, 0x00,
  0x00, 0x40, 0x00, 0x00, 0x50, 0xef, 0x07, 0x00, 0x03, 0x00, 0x00, 0x00, 0x00, 0x40, 0x00, 0x00,
  0x53, 0xef, 0x07, 0x00, 0x03, 0x00, 0x00, 0x00, 0x00, 0x40, 0x00, 0x00, 0x56, 0xef, 0x07, 0x00,
  0x03, 0x00, 0x00, 0x00, 0x00, 0x40, 0x00, 0x00, 0x59, 0xef, 0x07, 0x00, 0x03, 0x00, 0x00, 0x00,
  0x00, 0x40, 0x00, 0x00, 0x20, 0xf2, 0x07, 0x00, 0x03, 0x00, 0x00, 0x00, 0x00, 0x40, 0x00, 0x00,
  0x23, 0xf2, 0x07, 0x00, 0x03, 0x00, 0x00, 0x00, 0x00, 0x40, 0x00, 0x00, 0x26, 0xf2, 0x07, 0x00,
  0x03, 0x00, 0x00, 0x00, 0x00, 0x40, 0x00, 0x00, 0x29, 0xf2, 0x07, 0x00, 0x14, 0x01, 0x41, 0x00,
  0x24, 0x01, 0x10, 0x01, 0x03, 0x00, 0x00, 0x00, 0x00, 0x40, 0x00, 0x00, 0x40, 0xea, 0x07, 0x00,
  0x14, 0x01, 0x41, 0xc0, 0x10, 0x40, 0x00, 0x00, 0xa0, 0xf7, 0x09, 0x00, 0x24, 0x01, 0x40, 0x01,
  0x03, 0x00, 0x00, 0x00, 0x00, 0x40, 0x00, 0x00, 0x43, 0xea, 0x07, 0x00, 0x24, 0x01, 0x50, 0x01,
  0x03, 0x00, 0x00, 0x00, 0x00, 0x40, 0x00, 0x00, 0x46, 0xea, 0x07, 0x00, 0x03, 0x00, 0x00, 0x00,
  0x00, 0x40, 0x00, 0x00, 0x49, 0xea, 0x07, 0x00, 0x03, 0x00, 0x00, 0x00, 0x00, 0x40, 0x00, 0x00,
  0x10, 0xed, 0x07, 0x00, 0x03, 0x00, 0x00, 0x00, 0x00, 0x40, 0x00, 0x00, 0x13, 0xed, 0x07, 0x00,
  0x03, 0x00, 0x00, 0x00, 0x00, 0x40, 0x00, 0x00, 0x16, 0xed, 0x07, 0x00, 0x03, 0x00, 0x00, 0x00,
  0x00, 0x40, 0x00, 0x00, 0x19, 0xed, 0x07, 0x00, 0x03, 0x00, 0x00, 0x00, 0x00, 0x40, 0x00, 0x00,
  0xe0, 0xef, 0x07, 0x00, 0x03, 0x00, 0x00, 0x00, 0x00, 0x40, 0x00, 0x00, 0xe3, 0xef, 0x07, 0x00,
  0x03, 0x00, 0x00, 0x00, 0x00, 0x40, 0x00, 0x00, 0xe6, 0xef, 0x07, 0x00, 0x03, 0x00, 0x00, 0x00,
  0x00, 0x40, 0x00, 0x00, 0xe9, 0xef, 0x07, 0x00, 0x03, 0x00, 0x00, 0x00, 0x00, 0x40, 0x00, 0x00,
  0xb0, 0xf2, 0x07, 0x00, 0x03, 0x00, 0x00, 0x00, 0x00, 0x40, 0x00, 0x00, 0xb3, 0xf2, 0x07, 0x00,
  0x03, 0x00, 0x00, 0x00, 0x00, 0x40, 0x00, 0x00, 0xb6, 0xf2, 0x07, 0x00, 0x03, 0x00, 0x00, 0x00,
  0x00, 0x40, 0x00, 0x00, 0xb9, 0xf2, 0x07, 0x00, 0x14, 0x01, 0x41, 0x00, 0x24, 0x01, 0x10, 0x01,
  0x03, 0x00, 0x00, 0x00, 0x00, 0x40, 0x00, 0x00, 0xd0, 0xea, 0x07, 0x00, 0x14, 0x01, 0x41, 0xc0,
  0x10, 0x40, 0x00, 0x00, 0x60, 0xf8, 0x09, 0x00, 0x24, 0x01, 0x40, 0x01, 0x03, 0x00, 0x00, 0x00,
  0x00, 0x40, 0x00, 0x00, 0xd3, 0xea, 0x07, 0x00, 0x24, 0x01, 0x50, 0x01, 0x03, 0x00, 0x00, 0x00,
  0x00, 0x40, 0x00, 0x00, 0xd6, 0xea, 0x07, 0x00, 0x03, 0x00, 0x00, 0x00, 0x00, 0x40, 0x00, 0x00,
  0xd9, 0xea, 0x07, 0x00, 0x03, 0x00, 0x00, 0x00, 0x00, 0x40, 0x00, 0x00, 0xa0, 0xed, 0x07, 0x00,
  0x03, 0x00, 0x00, 0x00, 0x00, 0x40, 0x00, 0x00, 0xa3, 0xed, 0x07, 0x00, 0x03, 0x00, 0x00, 0x00,
  0x00, 0x40, 0x00, 0x00, 0xa6, 0xed, 0x07, 0x00, 0x03, 0x00, 0x00, 0x00, 0x00, 0x40, 0x00, 0x00,
  0xa9, 0xed, 0x07, 0x00, 0x03, 0x00, 0x00, 0x00, 0x00, 0x40, 0x00, 0x00, 0x70, 0xf0, 0x07, 0x00,
  0x03, 0x00, 0x00, 0x00, 0x00, 0x40, 0x00, 0x00, 0x73, 0xf0, 0x07, 0x00, 0x03, 0x00, 0x00, 0x00,
  0x00, 0x40, 0x00, 0x00, 0x76, 0xf0, 0x07, 0x00, 0x03, 0x00, 0x00, 0x00, 0x00, 0x40, 0x00, 0x00,
  0x79, 0xf0, 0x07, 0x00, 0x03, 0x00, 0x00, 0x00, 0x00, 0x40, 0x00, 0x00, 0x40, 0xf3, 0x07, 0x00,
  0x03, 0x00, 0x00, 0x00, 0x00, 0x40, 0x00, 0x00, 0x43, 0xf3, 0x07, 0x00, 0x03, 0x00, 0x00, 0x00,
  0x00, 0x40, 0x00, 0x00, 0x46, 0xf3, 0x07, 0x00, 0x03, 0x00, 0x00, 0x00, 0x00, 0x40, 0x00, 0x00,
  0x49, 0xf3, 0x07, 0x00, 0x14, 0x01, 0x41, 0x00, 0x24, 0x01, 0x10, 0x01, 0x03, 0x00, 0x00, 0x00,
  0x00, 0x40, 0x00, 0x00, 0x60, 0xeb, 0x07, 0x00, 0x14, 0x01, 0x41, 0xc0, 0x10, 0x40, 0x00, 0x00,
  0x20, 0xf9, 0x09, 0x00, 0x24, 0x01, 0x40, 0x01, 0x03, 0x00, 0x00, 0x00, 0x00, 0x40, 0x00, 0x00,
  0x63, 0xeb, 0x07, 0x00, 0x24, 0x01, 0x50, 0x01, 0x03, 0x00, 0x00, 0x00, 0x00, 0x40, 0x00, 0x00,
  0x66, 0xeb, 0x07, 0x00, 0x03, 0x00, 0x00, 0x00, 0x00, 0x40, 0x00, 0x00, 0x69, 0xeb, 0x07, 0x00,
  0x03, 0x00, 0x00, 0x00, 0x00, 0x40, 0x00, 0x00, 0x30, 0xee, 0x07, 0x00, 0x03, 0x00, 0x00, 0x00,
  0x00, 0x40, 0x00, 0x00, 0x33, 0xee, 0x07, 0x00, 0x03, 0x00, 0x00, 0x00, 0x00, 0x40, 0x00, 0x00,
  0x36, 0xee, 0x07, 0x00, 0x03, 0x00, 0x00, 0x00, 0x00, 0x40, 0x00, 0x00, 0x39, 0xee, 0x07, 0x00,
  0x03, 0x00, 0x00, 0x00, 0x00, 0x40, 0x00, 0x00, 0x00, 0xf1, 0x07, 0x00, 0x03, 0x00, 0x00, 0x00,
  0x00, 0x40, 0x00, 0x00, 0x03, 0xf1, 0x07, 0x00, 0x03, 0x00, 0x00, 0x00, 0x00, 0x40, 0x00, 0x00,
  0x06, 0xf1, 0x07, 0x00, 0x03, 0x00, 0x00, 0x00, 0x00, 0x40, 0x00, 0x00, 0x09, 0xf1, 0x07, 0x00,
  0x03, 0x00, 0x00, 0x00, 0x00, 0x40, 0x00, 0x00, 0xd0, 0xf3, 0x07, 0x00, 0x03, 0x00, 0x00, 0x00,
  0x00, 0x40, 0x00, 0x00, 0xd3, 0xf3, 0x07, 0x00, 0x03, 0x00, 0x00, 0x00, 0x00, 0x40, 0x00, 0x00,
  0xd6, 0xf3, 0x07, 0x00, 0x03, 0x00, 0x00, 0x00, 0x00, 0x40, 0x00, 0x00, 0xd9, 0xf3, 0x07, 0x00,
  0x14, 0x01, 0x41, 0x00, 0x24, 0x01, 0x10, 0x01, 0x03, 0x00, 0x00, 0x00, 0x30, 0x40, 0x00, 0x00,
  0xd0, 0x00, 0x00, 0x00, 0x31, 0x40, 0x00, 0x00, 0xe0, 0x41, 0x0a, 0x00, 0x32, 0x40, 0x00, 0x00,
  0xf0, 0x00, 0x00, 0x00, 0x10, 0x00, 0x00, 0x00, 0x24, 0x40, 0x21, 0x20, 0x45, 0x22, 0x91, 0x00,
  0x05, 0x01, 0x41, 0x00, 0x00, 0x40, 0x00, 0x00, 0x20, 0xca, 0x08, 0x00, 0x0b, 0x01, 0x63, 0x00,
  0x0c, 0x01, 0x63, 0x00, 0x0a, 0x01, 0x3b, 0x00, 0x05, 0x40, 0x00, 0x00, 0xc0, 0x03, 0x00, 0x00,
  0x04, 0x40, 0x00, 0x00, 0x10, 0x00, 0x00, 0x00, 0x06, 0x40, 0x00, 0x00, 0xc0, 0x03, 0x00, 0x00,
  0x09, 0x01, 0x80, 0xff, 0x00, 0x01, 0x02, 0x00, 0x01, 0x01, 0x02, 0x00, 0x03, 0x01, 0x02, 0x00,
  0x02, 0x01, 0x02, 0x00, 0x10, 0x40, 0x00, 0x00, 0x20, 0xdc, 0x05, 0x00, 0x12, 0x01, 0x63, 0x00,
  0x11, 0x01, 0x3b, 0x00, 0x1b, 0x01, 0x63, 0x00, 0x1c, 0x01, 0x63, 0x00, 0x1a, 0x01, 0x3b, 0x00,
  0x21, 0x01, 0x04, 0x00, 0x20, 0x01, 0x04, 0x00, 0x20, 0x40, 0x00, 0x00, 0x80, 0x42, 0x0a, 0x00,
  0x21, 0x40, 0x00, 0x00, 0x50, 0x00, 0x00, 0x00, 0x22, 0x40, 0x00, 0x00, 0xe0, 0x41, 0x0a, 0x00,
  0x24, 0x01, 0x00, 0x01, 0x2f, 0x01, 0x01, 0x00, 0x11, 0x00, 0x00, 0x00, 0x03, 0x00, 0x00, 0x00,
  0x00, 0x40, 0x00, 0x00, 0x20, 0xdc, 0x05, 0x00, 0x10, 0x40, 0x00, 0x00, 0x20, 0x65, 0x04, 0x00,
  0x2f, 0x01, 0x07, 0x00, 0x03, 0x00, 0x00, 0x00, 0x00, 0x40, 0x00, 0x00, 0x20, 0x65, 0x04, 0x00,
  0x09, 0x01, 0x00, 0x00, 0x00, 0x01, 0x00, 0x00, 0x01, 0x01, 0x00, 0x00, 0x03, 0x01, 0x00, 0x00,
  0x02, 0x01, 0x00, 0x00, 0x14, 0x01, 0x41, 0x01, 0x10, 0x40, 0x00, 0x00, 0x20, 0xca, 0x08, 0x00,
  0x12, 0x01, 0x8f, 0x01, 0x11, 0x01, 0xef, 0x00, 0x1b, 0x01, 0x8f, 0x01, 0x1c, 0x01, 0x8f, 0x01,
  0x1a, 0x01, 0xef, 0x00, 0x15, 0x40, 0x00, 0x00, 0x00, 0x0f, 0x00, 0x00, 0x16, 0x40, 0x00, 0x00,
  0x00, 0x0f, 0x00, 0x00, 0x18, 0x01, 0x00, 0x00, 0x89, 0x01, 0x00, 0x00, 0x24, 0x40, 0x16, 0x20,
  0x01, 0x00, 0x00, 0x00, 0x2a, 0x01, 0x07, 0x00, 0x2b, 0x01, 0x07, 0x00, 0x96, 0x40, 0xd0, 0x00,
  0x02, 0x00, 0x06, 0x00, 0x97, 0x40, 0x00, 0x00, 0x02, 0x00, 0x00, 0x00, 0x2c, 0x01, 0xfd, 0x0f,
  0x2d, 0x01, 0xfd, 0x0f, 0x21, 0x01, 0x63, 0x00, 0x20, 0x01, 0x3b, 0x00, 0x16, 0x01, 0x00, 0x00,
  0x15, 0x01, 0x37, 0x00, 0x24, 0x01, 0x00, 0x02, 0x07, 0x00, 0x00, 0x00, 0x00, 0x40, 0x00, 0x00,
  0x20, 0xca, 0x08, 0x00, 0x0b, 0x01, 0x8f, 0x01, 0x0c, 0x01, 0x8f, 0x01, 0x0a, 0x01, 0xef, 0x00,
  0x05, 0x40, 0x00, 0x00, 0x00, 0x0f, 0x00, 0x00, 0x06, 0x40, 0x00, 0x00, 0x00, 0x0f, 0x00, 0x00,
  0x14, 0x01, 0x41, 0x31, 0x10, 0x40, 0x00, 0x00, 0x20, 0x65, 0x04, 0x00, 0x1b, 0x01, 0x02, 0x00,
  0x1c, 0x01, 0x02, 0x00, 0x1a, 0x01, 0x8f, 0x01, 0x15, 0x40, 0x00, 0x00, 0x00, 0x77, 0x01, 0x00,
  0x16, 0x40, 0x00, 0x00, 0x00, 0x19, 0x00, 0x00, 0x21, 0x01, 0x00, 0x00, 0x20, 0x01, 0x00, 0x00,
  0x24, 0x40, 0x00, 0x00, 0x01, 0x00, 0x00, 0x00, 0x16, 0x01, 0x0f, 0x00, 0x15, 0x01, 0x0f, 0x00,
  0x24, 0x01, 0x00, 0x01, 0x05, 0x00, 0x03, 0x00, 0x25, 0x40, 0x00, 0x20, 0x01, 0x00, 0x00, 0x00,
  0x26, 0x40, 0x00, 0x20, 0x01, 0x00, 0x00, 0x00, 0x24, 0x40, 0x1f, 0x20, 0x81, 0x80, 0x80, 0x00,
  0x00, 0x40, 0x00, 0x00, 0x20, 0x65, 0x04, 0x00, 0x0b, 0x01, 0x02, 0x00, 0x0c, 0x01, 0x02, 0x00,
  0x0a, 0x01, 0x8f, 0x01, 0x04, 0x01, 0xef, 0x00, 0x05, 0x40, 0x00, 0x00, 0x00, 0x77, 0x01, 0x00,
  0x06, 0x40, 0x00, 0x00, 0x00, 0x19, 0x00, 0x00, 0x09, 0x01, 0x80, 0xff, 0x14, 0x01, 0x41, 0x01,
  0x12, 0x01, 0x02, 0x00, 0x11, 0x01, 0x8f, 0x01, 0x13, 0x01, 0xef, 0x00, 0x18, 0x01, 0x80, 0xff,
  0x89, 0x01, 0x80, 0xff, 0x16, 0x01, 0x02, 0x00, 0x15, 0x01, 0x7f, 0x00, 0x2f, 0x01, 0x00, 0x00,
  0x06, 0x00, 0x00, 0x00, 0x00, 0x40, 0x00, 0x00, 0x20, 0x00, 0x00, 0x00, 0x0a, 0x01, 0xef, 0x00,
  0x04, 0x01, 0x8f, 0x01, 0x06, 0x40, 0x00, 0x00, 0x00, 0x0f, 0x00, 0x00, 0x09, 0x01, 0x00, 0x00,
  0x14, 0x01, 0x41, 0x11, 0x10, 0x40, 0x00, 0x00, 0x00, 0x70, 0x17, 0x00, 0x11, 0x01, 0xef, 0x00,
  0x13, 0x01, 0x8f, 0x01, 0x18, 0x01, 0x00, 0x00, 0x24, 0x40, 0x00, 0x00, 0x01, 0x00, 0x00, 0x00,
  0x16, 0x01, 0x00, 0x00, 0x15, 0x01, 0x1f, 0x00, 0x17, 0x01, 0x7f, 0x00, 0x2f, 0x01, 0x07, 0x00,
  0x05, 0x00, 0x03, 0x00, 0x25, 0x40, 0x00, 0x20, 0x00, 0x00, 0x08, 0x00, 0x26, 0x40, 0x0b, 0x20,
  0xc5, 0xf5, 0x28, 0x14, 0x24, 0x40, 0x32, 0x20, 0xb5, 0xa0, 0x56, 0x61, 0x05, 0x01, 0x41, 0x00,
  0x0f, 0x01, 0x01, 0x00, 0x00, 0x40, 0x00, 0x00, 0x00, 0x70, 0x17, 0x00, 0x01, 0x40, 0x00, 0x00,
  0x00, 0x00, 0x00, 0x00, 0x02, 0x40, 0x00, 0x00, 0x00, 0x00, 0x00, 0x00, 0x03, 0x40, 0x00, 0x00,
  0x00, 0x00, 0x00, 0x00, 0x0b, 0x01, 0x02, 0x00, 0x0c, 0x01, 0x02, 0x00, 0x0a, 0x01, 0x8f, 0x01,
  0x04, 0x01, 0xef, 0x00, 0x05, 0x40, 0x00, 0x00, 0x00, 0x77, 0x01, 0x00, 0x04, 0x40, 0x00, 0x00,
  0x10, 0x00, 0x00, 0x00, 0x06, 0x40, 0x00, 0x00, 0x00, 0x19, 0x00, 0x00, 0x09, 0x01, 0x80, 0xff,
  0x14, 0x01, 0x41, 0x81, 0x1f, 0x01, 0x00, 0x00, 0x11, 0x01, 0x8f, 0x01, 0x13, 0x01, 0xef, 0x00,
  0x18, 0x01, 0x80, 0xff, 0x27, 0x01, 0x42, 0x00, 0x85, 0x01, 0x41, 0x00, 0x8f, 0x01, 0x01, 0x00,
  0x80, 0x40, 0x00, 0x00, 0x20, 0x65, 0x04, 0x00, 0x81, 0x40, 0x00, 0x00, 0x00, 0x00, 0x00, 0x00,
  0x82, 0x40, 0x00, 0x00, 0x00, 0x00, 0x00, 0x00, 0x83, 0x40, 0x00, 0x00, 0x00, 0x00, 0x00, 0x00,
  0x8b, 0x01, 0x02, 0x00, 0x8c, 0x01, 0x02, 0x00, 0x8a, 0x01, 0x8f, 0x01, 0x85, 0x40, 0x00, 0x00,
  0x00, 0x77, 0x01, 0x00, 0x84, 0x40, 0x00, 0x00, 0x10, 0x00, 0x00, 0x00, 0x86, 0x40, 0x00, 0x00,
  0x00, 0x19, 0x00, 0x00, 0x89, 0x01, 0x80, 0xff, 0x80, 0x01, 0x00, 0x00, 0x16, 0x01, 0x02, 0x00,
  0x15, 0x01, 0x7f, 0x00, 0x17, 0x01, 0x0f, 0x00, 0x2f, 0x01, 0x00, 0x00, 0x06, 0x00, 0x01, 0x00,
  0x25, 0x40, 0x00, 0x20, 0x01, 0x00, 0x00, 0x00, 0x26, 0x40, 0x00, 0x20, 0x01, 0x00, 0x00, 0x00,
  0x24, 0x40, 0x1c, 0x20, 0xb9, 0x1c, 0x15, 0x00, 0x05, 0x01, 0x41, 0x80, 0x0f, 0x01, 0x00, 0x00,
  0x09, 0x01, 0x80, 0xff, 0x14, 0x01, 0x41, 0x01, 0x1f, 0x01, 0x01, 0x00, 0x27, 0x01, 0x7f, 0x00,
  0x85, 0x01, 0x01, 0x00, 0x8f, 0x01, 0x01, 0x00, 0x80, 0x40, 0x00, 0x00, 0x10, 0x00, 0x00, 0x00,
  0x81, 0x40, 0x00, 0x00, 0x00, 0x00, 0x00, 0x00, 0x82, 0x40, 0x00, 0x00, 0x00, 0x00, 0x00, 0x00,
  0x83, 0x40, 0x00, 0x00, 0x00, 0x00, 0x00, 0x00, 0x8b, 0x01, 0x02, 0x00, 0x8c, 0x01, 0x02, 0x00,
  0x8a, 0x01, 0x00, 0x00, 0x85, 0x40, 0x00, 0x00, 0x01, 0x00, 0x00, 0x00, 0x84, 0x40, 0x00, 0x00,
  0x01, 0x00, 0x00, 0x00, 0x86, 0x40, 0x00, 0x00, 0x01, 0x00, 0x00, 0x00, 0x89, 0x01, 0x80, 0xff,
  0x80, 0x01, 0x06, 0x00, 0x06, 0x00, 0x00, 0x00, 0x25, 0x40, 0x00, 0x20, 0x00, 0x00, 0x08, 0x00,
  0x26, 0x40, 0x00, 0x20, 0x00, 0x00, 0x08, 0x00, 0x24, 0x40, 0x30, 0x20, 0x01, 0xff, 0xff, 0x1f,
  0x05, 0x01, 0x41, 0x00, 0x0f, 0x01, 0x01, 0x00, 0x00, 0x40, 0x00, 0x00, 0x00, 0x70, 0x17, 0x00,
  0x01, 0x40, 0x00, 0x00, 0x00, 0x00, 0x00, 0x00, 0x02, 0x40, 0x00, 0x00, 0x00, 0x00, 0x00, 0x00,
  0x03, 0x40, 0x00, 0x00, 0x00, 0x00, 0x00, 0x00, 0x0b, 0x01, 0x02, 0x00, 0x0c, 0x01, 0x02, 0x00,
  0x0a, 0x01, 0x8f, 0x01, 0x05, 0x40, 0x00, 0x00, 0x00, 0x77, 0x01, 0x00, 0x04, 0x40, 0x00, 0x00,
  0x10, 0x00, 0x00, 0x00, 0x06, 0x40, 0x00, 0x00, 0x00, 0x19, 0x00, 0x00, 0x09, 0x01, 0x80, 0xff,
  0x14, 0x01, 0x41, 0x01, 0x85, 0x01, 0x01, 0x00, 0x8f, 0x01, 0x01, 0x00, 0x80, 0x40, 0x00, 0x00,
  0x00, 0x00, 0x00, 0x00, 0x81, 0x40, 0x00, 0x00, 0x00, 0x00, 0x00, 0x00, 0x82, 0x40, 0x00, 0x00,
  0x00, 0x00, 0x00, 0x00, 0x83, 0x40, 0x00, 0x00, 0x00, 0x00, 0x00, 0x00, 0x8b, 0x01, 0x02, 0x00,
  0x8c, 0x01, 0x02, 0x00, 0x8a, 0x01, 0x00, 0x00, 0x85, 0x40, 0x00, 0x00, 0x01, 0x00, 0x00, 0x00,
  0x84, 0x40, 0x00, 0x00, 0x01, 0x00, 0x00, 0x00, 0x86, 0x40, 0x00, 0x00, 0x01, 0x00, 0x00, 0x00,
  0x89, 0x01, 0x80, 0xff, 0x15, 0x01, 0x0f, 0x00, 0x17, 0x01, 0xef, 0x00, 0x2f, 0x01, 0x07, 0x00,
  0x06, 0x00, 0x01, 0x00, 0x09, 0x01, 0x00, 0x00, 0x14, 0x01, 0x41, 0x19, 0x10, 0x40, 0x00, 0x00,
  0x00, 0x00, 0x00, 0x00, 0x1b, 0x01, 0x8f, 0x01, 0x1c, 0x01, 0x8f, 0x01, 0x1a, 0x01, 0xef, 0x00,
  0x15, 0x40, 0x00, 0x00, 0x00, 0x0f, 0x00, 0x00, 0x16, 0x40, 0x00, 0x00, 0x00, 0x0f, 0x00, 0x00,
  0x18, 0x01, 0x00, 0x00, 0x24, 0x40, 0x00, 0x00, 0x01, 0x00, 0x00, 0x00, 0x16, 0x01, 0x0f, 0x00,
  0x15, 0x01, 0x01, 0x00, 0x17, 0x01, 0x7f, 0x00, 0x05, 0x00, 0x03, 0x00, 0x00, 0x40, 0x00, 0x00,
  0x00, 0x00, 0x00, 0x00, 0x0b, 0x01, 0x8f, 0x01, 0x0c, 0x01, 0x8f, 0x01, 0x0a, 0x01, 0xef, 0x00,
  0x04, 0x01, 0x02, 0x00, 0x05, 0x40, 0x00, 0x00, 0x00, 0x0f, 0x00, 0x00, 0x06, 0x40, 0x00, 0x00,
  0x00, 0x0f, 0x00, 0x00, 0x14, 0x01, 0x01, 0x01, 0x10, 0x40, 0x00, 0x00, 0x00, 0x70, 0x17, 0x00,
  0x12, 0x01, 0x1f, 0x03, 0x11, 0x01, 0xdf, 0x01, 0x13, 0x01, 0x02, 0x00, 0x1b, 0x01, 0x1f, 0x03,
  0x1c, 0x01, 0x1f, 0x03, 0x1a, 0x01, 0xdf, 0x01, 0x15, 0x40, 0x00, 0x00, 0xa0, 0x05, 0x00, 0x00,
  0x14, 0x40, 0x00, 0x00, 0x03, 0x00, 0x00, 0x00, 0x16, 0x40, 0x00, 0x00, 0x01, 0x00, 0x00, 0x00,
  0x89, 0x01, 0x00, 0x00, 0x24, 0x40, 0x14, 0x20, 0x01, 0x00, 0x00, 0x00, 0x2a, 0x01, 0x03, 0x00,
  0x2b, 0x01, 0x03, 0x00, 0x96, 0x40, 0xd0, 0x00, 0x02, 0x00, 0x02, 0x00, 0x2c, 0x01, 0xff, 0x0f,
  0x2d, 0x01, 0xff, 0x0f, 0x21, 0x01, 0x8f, 0x01, 0x20, 0x01, 0xef, 0x00, 0x16, 0x01, 0x00, 0x00,
  0x15, 0x01, 0x1b, 0x00, 0x17, 0x01, 0x0f, 0x00, 0x24, 0x01, 0x00, 0x02, 0x2f, 0x01, 0x00, 0x00,
  0x07, 0x00, 0x00, 0x00, 0x00, 0x00, 0xff, 0xff, 0x00, 0x00, 0x00, 0x00, 0x00, 0x00, 0x00, 0x00,
  0x77, 0x65, 0x69, 0x67, 0x68, 0x74, 0x5f, 0x64, 0x61, 0x74, 0x61, 0x00, 0x00, 0x00, 0x00, 0x00,
  0xc0, 0x01, 0x00, 0x00, 0x00, 0x00, 0x00, 0x00, 0x00, 0x00, 0x00, 0x00, 0x00, 0x00, 0x00, 0x00,
  0x7f, 0x00, 0x00, 0x00, 0x00, 0x00, 0x00, 0x00, 0x00, 0x00, 0x00, 0x00, 0x00, 0x00, 0x00, 0x00,
  0x00, 0x00, 0x00, 0x00, 0x73, 0xe4, 0xd5, 0x23, 0x27, 0x00, 0x00, 0x00, 0x00, 0x00, 0x73, 0xe4,
  0xd5, 0x23, 0x27, 0x00, 0x00, 0x00, 0x00, 0x00, 0x73, 0xe4, 0xd5, 0x23, 0x27, 0x00, 0x00, 0x00,
  0x00, 0x00, 0x00, 0x00, 0x00, 0x00, 0x00, 0x00, 0x00, 0x00, 0x00, 0x00, 0x00, 0x00, 0x00, 0x00,
  0x00, 0x00, 0x00, 0x00, 0x00, 0x00, 0x00, 0x00, 0x00, 0x00, 0x00, 0x00, 0x00, 0x00, 0x00, 0x00,
  0x00, 0x00, 0x00, 0x00, 0x00, 0x00, 0x00, 0x00, 0x00, 0x00, 0x00, 0x00, 0x00, 0x00, 0x00, 0x00,
  0x00, 0x00, 0x00, 0x00, 0x00, 0x00, 0x00, 0x00, 0x00, 0x00, 0x00, 0x00, 0x00, 0x00, 0x00, 0x00,
  0x00, 0x00, 0x00, 0x00, 0x00, 0x00, 0x00, 0x00, 0x00, 0x00, 0x00, 0x00, 0x00, 0x00, 0x00, 0x00,
  0x00, 0x00, 0x00, 0x00, 0x00, 0x00, 0x00, 0x00, 0x00, 0x00, 0x00, 0x00, 0x00, 0x00, 0x00, 0x00,
  0x00, 0x00, 0x00, 0x00, 0x00, 0x00, 0x00, 0x00, 0x00, 0x00, 0x00, 0x00, 0x00, 0x00, 0x00, 0x00,
  0x00, 0x00, 0x00, 0x00, 0x00, 0x00, 0x00, 0x00, 0x00, 0x00, 0x00, 0x00, 0x00, 0x00, 0x00, 0x00,
  0x10, 0x00, 0xc0, 0x1f, 0xec, 0x0f, 0x00, 0x00, 0xf8, 0xff, 0xff, 0xff, 0xff, 0xff, 0xff, 0xff,
  0xff, 0xff, 0xff, 0xff, 0xff, 0xff, 0xff, 0xff, 0xff, 0xff, 0xff, 0xff, 0x00, 0xff, 0xff, 0xff,
  0x00, 0x00, 0x00, 0x00, 0x45, 0x22, 0x91, 0x00, 0x21, 0x00, 0x00, 0x00, 0x00, 0x00, 0x45, 0x22,
  0x91, 0x00, 0x21, 0x00, 0x00, 0x00, 0x00, 0x00, 0x45, 0x22, 0x91, 0x00, 0x21, 0x00, 0x00, 0x00,
  0x00, 0x00, 0x00, 0x00, 0x00, 0x00, 0x00, 0x00, 0x00, 0x00, 0x00, 0x00, 0x00, 0x00, 0x00, 0x00,
  0x00, 0x00, 0x00, 0x00, 0x00, 0x00, 0x00, 0x00, 0x00, 0x00, 0x00, 0x00, 0x00, 0x00, 0x00, 0x00,
  0x00, 0x00, 0x00, 0x00, 0x00, 0x00, 0x00, 0x00, 0x00, 0x00, 0x00, 0x00, 0x00, 0x00, 0x00, 0x00,
  0x00, 0x00, 0x00, 0x00, 0x00, 0x00, 0x00, 0x00, 0x00, 0x00, 0x00, 0x00, 0x00, 0x00, 0x00, 0x00,
  0x00, 0x00, 0x00, 0x00, 0x00, 0x00, 0x00, 0x00, 0x00, 0x00, 0x00, 0x00, 0x00, 0x00, 0x00, 0x00,
  0x00, 0x00, 0x00, 0x00, 0x00, 0x00, 0x00, 0x00, 0x00, 0x00, 0x00, 0x00, 0x00, 0x00, 0x00, 0x00,
  0x00, 0x00, 0x00, 0x00, 0x00, 0x00, 0x00, 0x00, 0x00, 0x00, 0x00, 0x00, 0x00, 0x00, 0x00, 0x00,
  0x00, 0x00, 0x00, 0x00, 0x00, 0x00, 0x00, 0x00, 0x00, 0x00, 0x00, 0x00, 0x00, 0x00, 0x00, 0x00,
  0x51, 0x02, 0x64, 0x54, 0xcc, 0xa1, 0x0a, 0xa7, 0x82, 0xe0, 0x7f, 0x1c, 0xf8, 0x71, 0x1c, 0xc7,
  0x8f, 0x1f, 0xc0, 0x81, 0x1c, 0x3f, 0x80, 0x07, 0x3f, 0x72, 0x1c, 0x3f, 0x0e, 0x24, 0xc7, 0x0f,
  0xfc, 0xc1, 0x8f, 0x1c, 0xc7, 0x8f, 0x1f, 0xc9, 0xf1, 0xff, 0x47, 0xf0, 0x23, 0xc7, 0xf1, 0xe3,
  0x40, 0x72, 0xfc, 0x38, 0x10, 0xfc, 0xc8, 0x71, 0xfc, 0xf8, 0x91, 0x1c, 0x3f, 0x70, 0x04, 0x3f,
  0x72, 0x00, 0x3f, 0xfe, 0xe4, 0xf8, 0x11, 0xfc, 0xcf, 0xff, 0xe7, 0xff, 0xff, 0x3f, 0x00, 0xfe,
  0x73, 0x63, 0x72, 0x61, 0x74, 0x63, 0x68, 0x5f, 0x73, 0x69, 0x7a, 0x65, 0x00, 0x00, 0x00, 0x00,
  0x04, 0x00, 0x00, 0x00, 0x00, 0x00, 0x00, 0x00, 0x00, 0x00, 0x00, 0x00, 0x00, 0x00, 0x00, 0x00,
  0x00, 0x04, 0x29, 0x00, 0x00, 0x00, 0x00, 0x00, 0x00, 0x00, 0x00, 0x00, 0x00, 0x00, 0x00, 0x00,
  0x69, 0x6e, 0x70, 0x75, 0x74, 0x73, 0x00, 0x00, 0x00, 0x00, 0x00, 0x00, 0x00, 0x00, 0x00, 0x00,
  0x94, 0x00, 0x00, 0x00, 0x00, 0x00, 0x00, 0x00, 0x00, 0x00, 0x00, 0x00, 0x00, 0x00, 0x00, 0x00,
  0x04, 0x00, 0x00, 0x00, 0x01, 0x00, 0x00, 0x00, 0x01, 0x00, 0x00, 0x00, 0x01, 0x00, 0x00, 0x00,
  0x03, 0x00, 0x00, 0x00, 0xf0, 0x00, 0x00, 0x00, 0x90, 0x01, 0x00, 0x00, 0x01, 0x00, 0x00, 0x00,
  0x20, 0x65, 0x04, 0x00, 0x01, 0x00, 0x00, 0x00, 0x01, 0x00, 0x00, 0x00, 0x01, 0x00, 0x00, 0x00,
  0x01, 0x00, 0x00, 0x00, 0x01, 0x00, 0x00, 0x00, 0xf0, 0x00, 0x00, 0x00, 0x90, 0x01, 0x00, 0x00,
  0x01, 0x00, 0x00, 0x00, 0x20, 0xca, 0x08, 0x00, 0x01, 0x00, 0x00, 0x00, 0x01, 0x00, 0x00, 0x00,
  0x01, 0x00, 0x00, 0x00, 0x01, 0x00, 0x00, 0x00, 0x03, 0x00, 0x00, 0x00, 0x01, 0x00, 0x00, 0x00,
  0x01, 0x00, 0x00, 0x00, 0x01, 0x00, 0x00, 0x00, 0x10, 0x00, 0x00, 0x00, 0x01, 0x00, 0x00, 0x00,
  0x01, 0x00, 0x00, 0x00, 0x01, 0x00, 0x00, 0x00, 0x01, 0x00, 0x00, 0x00, 0x03, 0x00, 0x00, 0x00,
  0x01, 0x00, 0x00, 0x00, 0x01, 0x00, 0x00, 0x00, 0x01, 0x00, 0x00, 0x00, 0x00, 0x00, 0x00, 0x00,
  0x01, 0x00, 0x00, 0x00, 0x00, 0x00, 0x00, 0x00, 0x00, 0x00, 0x00, 0x00, 0x00, 0x00, 0x00, 0x00,
  0x6f, 0x75, 0x74, 0x70, 0x75, 0x74, 0x73, 0x00, 0x00, 0x00, 0x00, 0x00, 0x00, 0x00, 0x00, 0x00,
  0x28, 0x00, 0x00, 0x00, 0x00, 0x00, 0x00, 0x00, 0x00, 0x00, 0x00, 0x00, 0x00, 0x00, 0x00, 0x00,
  0x01, 0x00, 0x00, 0x00, 0x01, 0x00, 0x00, 0x00, 0x01, 0x00, 0x00, 0x00, 0x01, 0x00, 0x00, 0x00,
  0x20, 0x03, 0x00, 0x00, 0xe0, 0x01, 0x00, 0x00, 0x03, 0x00, 0x00, 0x00, 0x01, 0x00, 0x00, 0x00,
  0x00, 0x70, 0x17, 0x00, 0x01, 0x00, 0x00, 0x00, 0x00, 0x00, 0x00, 0x00, 0x00, 0x00, 0x00, 0x00,
  0x76, 0x65, 0x6c, 0x61, 0x5f, 0x65, 0x6e, 0x64, 0x5f, 0x73, 0x74, 0x72, 0x65, 0x61, 0x6d, 0x00,
  0x00, 0x00, 0x00, 0x00, 0x00, 0x00, 0x00, 0x00, 0x00, 0x00, 0x00, 0x00, 0x00, 0x00, 0x00, 0x00,
  0x00, 0x00, 0x00, 0x00, 0x32, 0xd4, 0xff, 0xff, 0x04, 0x00, 0x00, 0x00, 0x40, 0x03, 0x00, 0x00,
  0x76, 0x65, 0x6c, 0x61, 0x5f, 0x62, 0x69, 0x6e, 0x5f, 0x73, 0x74, 0x72, 0x65, 0x61, 0x6d, 0x00,
  0x00, 0x00, 0x00, 0x00, 0x00, 0x00, 0x00, 0x00, 0x00, 0x00, 0x00, 0x00, 0x00, 0x00, 0x00, 0x00,
  0x63, 0x6d, 0x64, 0x5f, 0x64, 0x61, 0x74, 0x61, 0x00, 0x00, 0x00, 0x00, 0x00, 0x00, 0x00, 0x00,
  0xd4, 0x01, 0x00, 0x00, 0x00, 0x00, 0x00, 0x00, 0x00, 0x00, 0x00, 0x00, 0x00, 0x00, 0x00, 0x00,
  0x43, 0x4f, 0x50, 0x31, 0x01, 0x00, 0x10, 0x00, 0x18, 0x01, 0x00, 0x20, 0x00, 0x70, 0x00, 0x20,
  0x05, 0x00, 0x00, 0x00, 0x05, 0x00, 0x00, 0x00, 0x05, 0x00, 0x00, 0x00, 0x02, 0x00, 0x6d, 0x00,
  0x05, 0x01, 0x01, 0x00, 0x0f, 0x01, 0x01, 0x00, 0x00, 0x40, 0x00, 0x00, 0x00, 0x70, 0x17, 0x00,
  0x01, 0x40, 0x00, 0x00, 0x00, 0x00, 0x00, 0x00, 0x02, 0x40, 0x00, 0x00, 0x00, 0x00, 0x00, 0x00,
  0x03, 0x40, 0x00, 0x00, 0x00, 0x00, 0x00, 0x00, 0x0b, 0x01, 0x02, 0x00, 0x0c, 0x01, 0x02, 0x00,
  0x0a, 0x01, 0xef, 0x00, 0x04, 0x01, 0x8f, 0x01, 0x05, 0x40, 0x00, 0x00, 0x00, 0x77, 0x01, 0x00,
  0x04, 0x40, 0x00, 0x00, 0x90, 0x01, 0x00, 0x00, 0x06, 0x40, 0x00, 0x00, 0x01, 0x00, 0x00, 0x00,
  0x09, 0x01, 0x00, 0x00, 0x07, 0x01, 0x00, 0x00, 0x00, 0x01, 0x00, 0x00, 0x01, 0x01, 0x00, 0x00,
  0x03, 0x01, 0x00, 0x00, 0x02, 0x01, 0x00, 0x00, 0x14, 0x01, 0x41, 0x39, 0x1f, 0x01, 0x01, 0x00,
  0x10, 0x40, 0x00, 0x00, 0x00, 0x00, 0x00, 0x00, 0x11, 0x40, 0x00, 0x00, 0x00, 0x00, 0x00, 0x00,
  0x12, 0x40, 0x00, 0x00, 0x00, 0x00, 0x00, 0x00, 0x13, 0x40, 0x00, 0x00, 0x00, 0x00, 0x00, 0x00,
  0x12, 0x01, 0x02, 0x00, 0x11, 0x01, 0xef, 0x00, 0x13, 0x01, 0x8f, 0x01, 0x1b, 0x01, 0x8f, 0x01,
  0x1c, 0x01, 0x8f, 0x01, 0x1a, 0x01, 0xef, 0x00, 0x15, 0x40, 0x00, 0x00, 0x00, 0x0f, 0x00, 0x00,
  0x14, 0x40, 0x00, 0x00, 0x10, 0x00, 0x00, 0x00, 0x16, 0x40, 0x00, 0x00, 0x00, 0x0f, 0x00, 0x00,
  0x18, 0x01, 0x00, 0x00, 0x21, 0x01, 0x00, 0x00, 0x20, 0x01, 0x00, 0x00, 0x22, 0x01, 0x00, 0x00,
  0x25, 0x01, 0x00, 0x00, 0x26, 0x01, 0x80, 0xff, 0x27, 0x01, 0x7f, 0x00, 0x24, 0x40, 0x00, 0x00,
  0x01, 0x00, 0x00, 0x00, 0x16, 0x01, 0x0f, 0x00, 0x15, 0x01, 0x01, 0x00, 0x17, 0x01, 0x7f, 0x00,
  0x24, 0x01, 0x00, 0x01, 0x2f, 0x01, 0x00, 0x00, 0x05, 0x00, 0x03, 0x00, 0x05, 0x01, 0x41, 0x00,
  0x00, 0x40, 0x00, 0x00, 0x00, 0x00, 0x00, 0x00, 0x0b, 0x01, 0x8f, 0x01, 0x0c, 0x01, 0x8f, 0x01,
  0x04, 0x01, 0x02, 0x00, 0x05, 0x40, 0x00, 0x00, 0x00, 0x0f, 0x00, 0x00, 0x04, 0x40, 0x00, 0x00,
  0x10, 0x00, 0x00, 0x00, 0x06, 0x40, 0x00, 0x00, 0x00, 0x0f, 0x00, 0x00, 0x14, 0x01, 0x01, 0x01,
  0x10, 0x40, 0x00, 0x00, 0x00, 0x70, 0x17, 0x00, 0x12, 0x01, 0x1f, 0x03, 0x11, 0x01, 0xdf, 0x01,
  0x13, 0x01, 0x02, 0x00, 0x1b, 0x01, 0x1f, 0x03, 0x1c, 0x01, 0x1f, 0x03, 0x1a, 0x01, 0xdf, 0x01,
  0x15, 0x40, 0x00, 0x00, 0xa0, 0x05, 0x00, 0x00, 0x14, 0x40, 0x00, 0x00, 0x03, 0x00, 0x00, 0x00,
  0x16, 0x40, 0x00, 0x00, 0x01, 0x00, 0x00, 0x00, 0x89, 0x01, 0x00, 0x00, 0x24, 0x40, 0x14, 0x20,
  0x01, 0x00, 0x00, 0x00, 0x2a, 0x01, 0x03, 0x00, 0x2b, 0x01, 0x03, 0x00, 0x96, 0x40, 0xd0, 0x00,
  0x02, 0x00, 0x02, 0x00, 0x97, 0x40, 0x00, 0x00, 0x02, 0x00, 0x00, 0x00, 0x2c, 0x01, 0xff, 0x0f,
  0x2d, 0x01, 0xff, 0x0f, 0x21, 0x01, 0x8f, 0x01, 0x20, 0x01, 0xef, 0x00, 0x16, 0x01, 0x00, 0x00,
  0x15, 0x01, 0x1b, 0x00, 0x17, 0x01, 0x0f, 0x00, 0x24, 0x01, 0x00, 0x02, 0x07, 0x00, 0x00, 0x00,
  0x00, 0x00, 0xff, 0xff, 0x00, 0x00, 0x00, 0x00, 0x00, 0x00, 0x00, 0x00, 0x00, 0x00, 0x00, 0x00,
  0x77, 0x65, 0x69, 0x67, 0x68, 0x74, 0x5f, 0x64, 0x61, 0x74, 0x61, 0x00, 0x00, 0x00, 0x00, 0x00,
  0x01, 0x00, 0x00, 0x00, 0x00, 0x00, 0x00, 0x00, 0x00, 0x00, 0x00, 0x00, 0x00, 0x00, 0x00, 0x00,
  0x00, 0x00, 0x00, 0x00, 0x00, 0x00, 0x00, 0x00, 0x00, 0x00, 0x00, 0x00, 0x00, 0x00, 0x00, 0x00,
  0x73, 0x63, 0x72, 0x61, 0x74, 0x63, 0x68, 0x5f, 0x73, 0x69, 0x7a, 0x65, 0x00, 0x00, 0x00, 0x00,
  0x04, 0x00, 0x00, 0x00, 0x00, 0x00, 0x00, 0x00, 0x00, 0x00, 0x00, 0x00, 0x00, 0x00, 0x00, 0x00,
  0x00, 0x04, 0x29, 0x00, 0x00, 0x00, 0x00, 0x00, 0x00, 0x00, 0x00, 0x00, 0x00, 0x00, 0x00, 0x00,
  0x69, 0x6e, 0x70, 0x75, 0x74, 0x73, 0x00, 0x00, 0x00, 0x00, 0x00, 0x00, 0x00, 0x00, 0x00, 0x00,
  0x28, 0x00, 0x00, 0x00, 0x00, 0x00, 0x00, 0x00, 0x00, 0x00, 0x00, 0x00, 0x00, 0x00, 0x00, 0x00,
  0x01, 0x00, 0x00, 0x00, 0x01, 0x00, 0x00, 0x00, 0x01, 0x00, 0x00, 0x00, 0x01, 0x00, 0x00, 0x00,
  0x03, 0x00, 0x00, 0x00, 0xf0, 0x00, 0x00, 0x00, 0x90, 0x01, 0x00, 0x00, 0x01, 0x00, 0x00, 0x00,
  0x00, 0x70, 0x17, 0x00, 0x01, 0x00, 0x00, 0x00, 0x00, 0x00, 0x00, 0x00, 0x00, 0x00, 0x00, 0x00,
  0x6f, 0x75, 0x74, 0x70, 0x75, 0x74, 0x73, 0x00, 0x00, 0x00, 0x00, 0x00, 0x00, 0x00, 0x00, 0x00,
  0x28, 0x00, 0x00, 0x00, 0x00, 0x00, 0x00, 0x00, 0x00, 0x00, 0x00, 0x00, 0x00, 0x00, 0x00, 0x00,
  0x01, 0x00, 0x00, 0x00, 0x01, 0x00, 0x00, 0x00, 0x01, 0x00, 0x00, 0x00, 0x01, 0x00, 0x00, 0x00,
  0x20, 0x03, 0x00, 0x00, 0xe0, 0x01, 0x00, 0x00, 0x03, 0x00, 0x00, 0x00, 0x01, 0x00, 0x00, 0x00,
  0x00, 0x70, 0x17, 0x00, 0x01, 0x00, 0x00, 0x00, 0x00, 0x00, 0x00, 0x00, 0x00, 0x00, 0x00, 0x00,
  0x76, 0x65, 0x6c, 0x61, 0x5f, 0x65, 0x6e, 0x64, 0x5f, 0x73, 0x74, 0x72, 0x65, 0x61, 0x6d, 0x00,
  0x00, 0x00, 0x00, 0x00, 0x00, 0x00, 0x00, 0x00, 0x00, 0x00, 0x00, 0x00, 0x00, 0x00, 0x00, 0x00,
  0x00, 0x00, 0x00, 0x00, 0x82, 0xd7, 0xff, 0xff, 0x04, 0x00, 0x00, 0x00, 0xa0, 0x08, 0x00, 0x00,
  0x76, 0x65, 0x6c, 0x61, 0x5f, 0x62, 0x69, 0x6e, 0x5f, 0x73, 0x74, 0x72, 0x65, 0x61, 0x6d, 0x00,
  0x00, 0x00, 0x00, 0x00, 0x00, 0x00, 0x00, 0x00, 0x00, 0x00, 0x00, 0x00, 0x00, 0x00, 0x00, 0x00,
  0x63, 0x6d, 0x64, 0x5f, 0x64, 0x61, 0x74, 0x61, 0x00, 0x00, 0x00, 0x00, 0x00, 0x00, 0x00, 0x00,
  0xa4, 0x06, 0x00, 0x00, 0x00, 0x00, 0x00, 0x00, 0x00, 0x00, 0x00, 0x00, 0x00, 0x00, 0x00, 0x00,
  0x43, 0x4f, 0x50, 0x31, 0x01, 0x00, 0x10, 0x00, 0x18, 0x01, 0x00, 0x20, 0x00, 0x70, 0x00, 0x20,
  0x05, 0x00, 0x00, 0x00, 0x05, 0x00, 0x00, 0x00, 0x05, 0x00, 0x00, 0x00, 0x02, 0x00, 0xa1, 0x01,
  0x25, 0x40, 0x00, 0x00, 0x01, 0x00, 0x00, 0x00, 0x26, 0x40, 0x00, 0x00, 0x01, 0x00, 0x00, 0x00,
  0x24, 0x40, 0x00, 0x00, 0x01, 0x00, 0x00, 0x00, 0x05, 0x01, 0x01, 0x00, 0x0f, 0x01, 0x01, 0x00,
  0x00, 0x40, 0x00, 0x00, 0x00, 0xb6, 0x10, 0x00, 0x01, 0x40, 0x00, 0x00, 0x00, 0x00, 0x00, 0x00,
  0x02, 0x40, 0x00, 0x00, 0x00, 0x00, 0x00, 0x00, 0x03, 0x40, 0x00, 0x00, 0x00, 0x00, 0x00, 0x00,
  0x0b, 0x01, 0x00, 0x00, 0x0c, 0x01, 0x00, 0x00, 0x0a, 0x01, 0x00, 0x00, 0x04, 0x01, 0xff, 0xff,
  0x05, 0x40, 0x00, 0x00, 0x00, 0x77, 0x01, 0x00, 0x04, 0x40, 0x00, 0x00, 0x00, 0x77, 0x01, 0x00,
  0x06, 0x40, 0x00, 0x00, 0x01, 0x00, 0x00, 0x00, 0x09, 0x01, 0x00, 0x00, 0x07, 0x01, 0x00, 0x00,
  0x14, 0x01, 0x05, 0x01, 0x1f, 0x01, 0x01, 0x00, 0x10, 0x40, 0x00, 0x00, 0x00, 0x6e, 0x1c, 0x00,
  0x11, 0x40, 0x00, 0x00, 0x00, 0x00, 0x00, 0x00, 0x12, 0x40, 0x00, 0x00, 0x00, 0x00, 0x00, 0x00,
  0x13, 0x40, 0x00, 0x00, 0x00, 0x00, 0x00, 0x00, 0x12, 0x01, 0x00, 0x00, 0x11, 0x01, 0x00, 0x00,
  0x13, 0x01, 0xff, 0xff, 0x1b, 0x01, 0x00, 0x00, 0x1c, 0x01, 0x00, 0x00, 0x1a, 0x01, 0x00, 0x00,
  0x15, 0x40, 0x00, 0x00, 0x00, 0xdc, 0x05, 0x00, 0x14, 0x40, 0x00, 0x00, 0x00, 0xdc, 0x05, 0x00,
  0x16, 0x40, 0x00, 0x00, 0x04, 0x00, 0x00, 0x00, 0x18, 0x01, 0x00, 0x00, 0x25, 0x01, 0x00, 0x10,
  0x26, 0x01, 0x00, 0x80, 0x27, 0x01, 0xff, 0xff, 0x85, 0x01, 0x01, 0xc0, 0x27, 0x40, 0x00, 0x00,
  0x00, 0x00, 0x00, 0x00, 0x89, 0x01, 0x00, 0x00, 0x08, 0x01, 0x00, 0x00, 0x80, 0x01, 0x08, 0x00,
  0x16, 0x01, 0x00, 0x00, 0x15, 0x01, 0x01, 0x00, 0x17, 0x01, 0xff, 0x03, 0x24, 0x01, 0x00, 0x01,
  0x2f, 0x01, 0x00, 0x00, 0x06, 0x00, 0x01, 0x00, 0x00, 0x40, 0x00, 0x00, 0x00, 0xb6, 0x11, 0x00,
  0x04, 0x01, 0xff, 0x76, 0x10, 0x40, 0x00, 0x00, 0x00, 0x6e, 0x20, 0x00, 0x13, 0x01, 0xff, 0x76,
  0x2f, 0x01, 0x07, 0x00, 0x06, 0x00, 0x01, 0x00, 0x05, 0x01, 0x09, 0x00, 0x00, 0x40, 0x00, 0x00,
  0x00, 0x6e, 0x1c, 0x00, 0x04, 0x01, 0xff, 0xff, 0x05, 0x40, 0x00, 0x00, 0x00, 0xdc, 0x05, 0x00,
  0x04, 0x40, 0x00, 0x00, 0x00, 0xdc, 0x05, 0x00, 0x06, 0x40, 0x00, 0x00, 0x04, 0x00, 0x00, 0x00,
  0x14, 0x01, 0x01, 0x01, 0x10, 0x40, 0x00, 0x00, 0x00, 0x92, 0x16, 0x00, 0x13, 0x01, 0xff, 0xff,
  0x15, 0x40, 0x00, 0x00, 0x00, 0x77, 0x01, 0x00, 0x14, 0x40, 0x00, 0x00, 0x00, 0x77, 0x01, 0x00,
  0x16, 0x40, 0x00, 0x00, 0x01, 0x00, 0x00, 0x00, 0x25, 0x01, 0x00, 0x00, 0x26, 0x01, 0x80, 0xff,
  0x27, 0x01, 0x7f, 0x00, 0x85, 0x01, 0x09, 0xc0, 0x27, 0x40, 0x00, 0x00, 0xff, 0xff, 0xff, 0xff,
  0x17, 0x01, 0xff, 0x00, 0x06, 0x00, 0x10, 0x00, 0x00, 0x40, 0x00, 0x00, 0x00, 0x6e, 0x20, 0x00,
  0x04, 0x01, 0xff, 0x76, 0x10, 0x40, 0x00, 0x00, 0x00, 0x92, 0x17, 0x00, 0x13, 0x01, 0xff, 0x76,
  0x06, 0x00, 0x10, 0x00, 0x05, 0x01, 0x01, 0x00, 0x00, 0x40, 0x00, 0x00, 0x00, 0x92, 0x16, 0x00,
  0x04, 0x01, 0xff, 0xff, 0x05, 0x40, 0x00, 0x00, 0x00, 0x77, 0x01, 0x00, 0x04, 0x40, 0x00, 0x00,
  0x00, 0x77, 0x01, 0x00, 0x06, 0x40, 0x00, 0x00, 0x01, 0x00, 0x00, 0x00, 0x14, 0x01, 0x05, 0x01,
  0x10, 0x40, 0x00, 0x00, 0x00, 0xb6, 0x10, 0x00, 0x13, 0x01, 0xff, 0xff, 0x15, 0x40, 0x00, 0x00,
  0x00, 0xdc, 0x05, 0x00, 0x14, 0x40, 0x00, 0x00, 0x00, 0xdc, 0x05, 0x00, 0x16, 0x40, 0x00, 0x00,
  0x04, 0x00, 0x00, 0x00, 0x25, 0x01, 0x00, 0x10, 0x26, 0x01, 0x00, 0x80, 0x27, 0x01, 0xff, 0xff,
  0x85, 0x01, 0x01, 0xc0, 0x27, 0x40, 0x00, 0x00, 0x00, 0x00, 0x00, 0x00, 0x17, 0x01, 0xff, 0x03,
  0x06, 0x00, 0x01, 0x00, 0x00, 0x40, 0x00, 0x00, 0x00, 0x92, 0x17, 0x00, 0x04, 0x01, 0xff, 0x76,
  0x10, 0x40, 0x00, 0x00, 0x00, 0xb6, 0x14, 0x00, 0x13, 0x01, 0xff, 0x76, 0x06, 0x00, 0x01, 0x00,
  0x05, 0x01, 0x09, 0x00, 0x00, 0x40, 0x00, 0x00, 0x00, 0x6e, 0x1c, 0x00, 0x04, 0x01, 0xff, 0xff,
  0x05, 0x40, 0x00, 0x00, 0x00, 0xdc, 0x05, 0x00, 0x04, 0x40, 0x00, 0x00, 0x00, 0xdc, 0x05, 0x00,
  0x06, 0x40, 0x00, 0x00, 0x04, 0x00, 0x00, 0x00, 0x10, 0x40, 0x00, 0x00, 0x00, 0x92, 0x16, 0x00,
  0x13, 0x01, 0xff, 0xff, 0x85, 0x01, 0x09, 0x00, 0x8f, 0x01, 0x01, 0x00, 0x80, 0x40, 0x00, 0x00,
  0x00, 0xb6, 0x10, 0x00, 0x81, 0x40, 0x00, 0x00, 0x00, 0x00, 0x00, 0x00, 0x82, 0x40, 0x00, 0x00,
  0x00, 0x00, 0x00, 0x00, 0x83, 0x40, 0x00, 0x00, 0x00, 0x00, 0x00, 0x00, 0x8b, 0x01, 0x00, 0x00,
  0x8c, 0x01, 0x00, 0x00, 0x8a, 0x01, 0x00, 0x00, 0x85, 0x40, 0x00, 0x00, 0x00, 0xdc, 0x05, 0x00,
  0x84, 0x40, 0x00, 0x00, 0x00, 0xdc, 0x05, 0x00, 0x86, 0x40, 0x00, 0x00, 0x04, 0x00, 0x00, 0x00,
  0x80, 0x01, 0x00, 0x00, 0x17, 0x01, 0xff, 0x00, 0x06, 0x00, 0x2a, 0x00, 0x00, 0x40, 0x00, 0x00,
  0x00, 0x6e, 0x20, 0x00, 0x04, 0x01, 0xff, 0x76, 0x10, 0x40, 0x00, 0x00, 0x00, 0x92, 0x1a, 0x00,
  0x13, 0x01, 0xff, 0x76, 0x80, 0x40, 0x00, 0x00, 0x00, 0xb6, 0x14, 0x00, 0x06, 0x00, 0x2a, 0x00,
  0x30, 0x01, 0x01, 0x0a, 0x30, 0x40, 0x00, 0x00, 0x00, 0x03, 0x00, 0x00, 0x31, 0x01, 0x01, 0x00,
  0x31, 0x40, 0x00, 0x00, 0x00, 0x6e, 0x1c, 0x00, 0x32, 0x40, 0x00, 0x00, 0x01, 0x00, 0x00, 0x00,
  0x32, 0x01, 0x00, 0x77, 0x33, 0x40, 0x00, 0x00, 0x01, 0x00, 0x00, 0x00, 0x35, 0x40, 0x00, 0x00,
  0x01, 0x00, 0x00, 0x00, 0x34, 0x01, 0x01, 0x00, 0x38, 0x40, 0x00, 0x00, 0xff, 0xd6, 0x0a, 0x00,
  0x37, 0x40, 0x00, 0x00, 0x00, 0xda, 0x0a, 0x00, 0x12, 0x00, 0x01, 0x00, 0x10, 0x00, 0x00, 0x00,
  0x05, 0x01, 0x01, 0x00, 0x00, 0x40, 0x00, 0x00, 0x00, 0x6e, 0x1c, 0x00, 0x04, 0x01, 0xff, 0xff,
  0x05, 0x40, 0x00, 0x00, 0x00, 0x77, 0x01, 0x00, 0x04, 0x40, 0x00, 0x00, 0x00, 0x77, 0x01, 0x00,
  0x06, 0x40, 0x00, 0x00, 0x01, 0x00, 0x00, 0x00, 0x10, 0x40, 0x00, 0x00, 0x00, 0x03, 0x00, 0x00,
  0x13, 0x01, 0xff, 0xff, 0x85, 0x01, 0x01, 0xc0, 0x80, 0x01, 0x08, 0x00, 0x17, 0x01, 0xff, 0x03,
  0x11, 0x00, 0x00, 0x00, 0x06, 0x00, 0x01, 0x00, 0x00, 0x40, 0x00, 0x00, 0x00, 0x6e, 0x1d, 0x00,
  0x04, 0x01, 0xff, 0x76, 0x10, 0x40, 0x00, 0x00, 0x00, 0x03, 0x04, 0x00, 0x13, 0x01, 0xff, 0x76,
  0x06, 0x00, 0x01, 0x00, 0x05, 0x01, 0x09, 0x00, 0x00, 0x40, 0x00, 0x00, 0x00, 0x03, 0x00, 0x00,
  0x04, 0x01, 0xff, 0xff, 0x05, 0x40, 0x00, 0x00, 0x00, 0xdc, 0x05, 0x00, 0x04, 0x40, 0x00, 0x00,
  0x00, 0xdc, 0x05, 0x00, 0x06, 0x40, 0x00, 0x00, 0x04, 0x00, 0x00, 0x00, 0x10, 0x40, 0x00, 0x00,
  0x00, 0xdf, 0x05, 0x00, 0x13, 0x01, 0xff, 0xff, 0x85, 0x01, 0x09, 0x00, 0x80, 0x40, 0x00, 0x00,
  0x00, 0xb6, 0x10, 0x00, 0x80, 0x01, 0x00, 0x00, 0x17, 0x01, 0xff, 0x00, 0x06, 0x00, 0x21, 0x00,
  0x00, 0x40, 0x00, 0x00, 0x00, 0x03, 0x04, 0x00, 0x04, 0x01, 0xff, 0x76, 0x10, 0x40, 0x00, 0x00,
  0x00, 0xdf, 0x09, 0x00, 0x13, 0x01, 0xff, 0x76, 0x80, 0x40, 0x00, 0x00, 0x00, 0xb6, 0x14, 0x00,
  0x06, 0x00, 0x21, 0x00, 0x00, 0x40, 0x00, 0x00, 0x00, 0xdf, 0x05, 0x00, 0x04, 0x01, 0xff, 0xff,
  0x10, 0x40, 0x00, 0x00, 0x00, 0x03, 0x00, 0x00, 0x13, 0x01, 0xff, 0xff, 0x80, 0x40, 0x00, 0x00,
  0x00, 0x92, 0x16, 0x00, 0x06, 0x00, 0x22, 0x00, 0x00, 0x40, 0x00, 0x00, 0x00, 0xdf, 0x09, 0x00,
  0x04, 0x01, 0xff, 0x76, 0x10, 0x40, 0x00, 0x00, 0x00, 0x03, 0x04, 0x00, 0x13, 0x01, 0xff, 0x76,
  0x80, 0x40, 0x00, 0x00, 0x00, 0x92, 0x1a, 0x00, 0x06, 0x00, 0x22, 0x00, 0x00, 0x40, 0x00, 0x00,
  0x00, 0x03, 0x00, 0x00, 0x04, 0x01, 0xff, 0xff, 0x10, 0x40, 0x00, 0x00, 0x00, 0xdf, 0x05, 0x00,
  0x13, 0x01, 0xff, 0xff, 0x85, 0x01, 0x09, 0xc0, 0x27, 0x40, 0x00, 0x00, 0x80, 0x00, 0x00, 0x00,
  0x80, 0x01, 0x08, 0x00, 0x06, 0x00, 0x01, 0x00, 0x00, 0x40, 0x00, 0x00, 0x00, 0x03, 0x04, 0x00,
  0x04, 0x01, 0xff, 0x76, 0x10, 0x40, 0x00, 0x00, 0x00, 0xdf, 0x09, 0x00, 0x13, 0x01, 0xff, 0x76,
  0x06, 0x00, 0x01, 0x00, 0x30, 0x40, 0x00, 0x00, 0x00, 0x00, 0x00, 0x00, 0x31, 0x40, 0x00, 0x00,
  0x00, 0x70, 0x17, 0x00, 0x32, 0x40, 0x00, 0x00, 0x03, 0x00, 0x00, 0x00, 0x33, 0x40, 0x00, 0x00,
  0x03, 0x00, 0x00, 0x00, 0x35, 0x40, 0x00, 0x00, 0x03, 0x00, 0x00, 0x00, 0x38, 0x40, 0x00, 0x00,
  0xff, 0x00, 0x00, 0x00, 0x37, 0x40, 0x00, 0x00, 0x00, 0xdf, 0x05, 0x00, 0x12, 0x00, 0x01, 0x00,
  0x10, 0x00, 0x00, 0x00, 0x05, 0x01, 0x01, 0x00, 0x00, 0x40, 0x00, 0x00, 0x00, 0x70, 0x17, 0x00,
  0x0b, 0x01, 0xef, 0x00, 0x0c, 0x01, 0xef, 0x00, 0x0a, 0x01, 0x8f, 0x01, 0x04, 0x01, 0x02, 0x00,
  0x05, 0x40, 0x00, 0x00, 0xb0, 0x04, 0x00, 0x00, 0x04, 0x40, 0x00, 0x00, 0x03, 0x00, 0x00, 0x00,
  0x06, 0x40, 0x00, 0x00, 0x01, 0x00, 0x00, 0x00, 0x00, 0x01, 0x00, 0x00, 0x01, 0x01, 0x00, 0x00,
  0x03, 0x01, 0x00, 0x00, 0x02, 0x01, 0x00, 0x00, 0x14, 0x01, 0x41, 0x03, 0x10, 0x40, 0x00, 0x00,
  0x00, 0x00, 0x00, 0x00, 0x12, 0x01, 0xef, 0x00, 0x11, 0x01, 0x8f, 0x01, 0x13, 0x01, 0x02, 0x00,
  0x1b, 0x01, 0xef, 0x00, 0x1c, 0x01, 0xef, 0x00, 0x1a, 0x01, 0x8f, 0x01, 0x15, 0x40, 0x00, 0x00,
  0x00, 0x19, 0x00, 0x00, 0x14, 0x40, 0x00, 0x00, 0x10, 0x00, 0x00, 0x00, 0x16, 0x40, 0x00, 0x00,
  0x00, 0x19, 0x00, 0x00, 0x21, 0x01, 0x00, 0x00, 0x20, 0x01, 0x00, 0x00, 0x22, 0x01, 0x00, 0x00,
  0x25, 0x01, 0x00, 0x00, 0x26, 0x01, 0x80, 0xff, 0x27, 0x01, 0x7f, 0x00, 0x16, 0x01, 0x0b, 0x00,
  0x15, 0x01, 0x13, 0x00, 0x17, 0x01, 0x0f, 0x00, 0x11, 0x00, 0x00, 0x00, 0x05, 0x00, 0x03, 0x00,
  0x05, 0x01, 0x41, 0x00, 0x00, 0x40, 0x00, 0x00, 0x00, 0x00, 0x00, 0x00, 0x05, 0x40, 0x00, 0x00,
  0x00, 0x19, 0x00, 0x00, 0x04, 0x40, 0x00, 0x00, 0x10, 0x00, 0x00, 0x00, 0x06, 0x40, 0x00, 0x00,
  0x00, 0x19, 0x00, 0x00, 0x14, 0x01, 0x41, 0x09, 0x10, 0x40, 0x00, 0x00, 0x00, 0x70, 0x17, 0x00,
  0x1b, 0x01, 0x8f, 0x01, 0x1c, 0x01, 0x8f, 0x01, 0x1a, 0x01, 0xef, 0x00, 0x15, 0x40, 0x00, 0x00,
  0x00, 0x0f, 0x00, 0x00, 0x16, 0x40, 0x00, 0x00, 0x00, 0x0f, 0x00, 0x00, 0x2f, 0x01, 0x00, 0x00,
  0x05, 0x00, 0x03, 0x00, 0x00, 0x40, 0x00, 0x00, 0x00, 0x70, 0x17, 0x00, 0x0b, 0x01, 0x8f, 0x01,
  0x0c, 0x01, 0x8f, 0x01, 0x0a, 0x01, 0xef, 0x00, 0x05, 0x40, 0x00, 0x00, 0x00, 0x0f, 0x00, 0x00,
  0x06, 0x40, 0x00, 0x00, 0x00, 0x0f, 0x00, 0x00, 0x14, 0x01, 0x01, 0x01, 0x10, 0x40, 0x00, 0x00,
  0x00, 0x00, 0x00, 0x00, 0x12, 0x01, 0x1f, 0x03, 0x11, 0x01, 0xdf, 0x01, 0x1b, 0x01, 0x1f, 0x03,
  0x1c, 0x01, 0x1f, 0x03, 0x1a, 0x01, 0xdf, 0x01, 0x15, 0x40, 0x00, 0x00, 0xa0, 0x05, 0x00, 0x00,
  0x14, 0x40, 0x00, 0x00, 0x03, 0x00, 0x00, 0x00, 0x16, 0x40, 0x00, 0x00, 0x01, 0x00, 0x00, 0x00,
  0x24, 0x40, 0x14, 0x20, 0x01, 0x00, 0x00, 0x00, 0x2a, 0x01, 0x03, 0x00, 0x2b, 0x01, 0x03, 0x00,
  0x96, 0x40, 0xd0, 0x00, 0x02, 0x00, 0x02, 0x00, 0x97, 0x40, 0x00, 0x00, 0x02, 0x00, 0x00, 0x00,
  0x2c, 0x01, 0xff, 0x0f, 0x2d, 0x01, 0xff, 0x0f, 0x21, 0x01, 0x8f, 0x01, 0x20, 0x01, 0xef, 0x00,
  0x16, 0x01, 0x00, 0x00, 0x15, 0x01, 0x1b, 0x00, 0x24, 0x01, 0x00, 0x02, 0x07, 0x00, 0x00, 0x00,
  0x00, 0x00, 0xff, 0xff, 0x00, 0x00, 0x00, 0x00, 0x00, 0x00, 0x00, 0x00, 0x00, 0x00, 0x00, 0x00,
  0x77, 0x65, 0x69, 0x67, 0x68, 0x74, 0x5f, 0x64, 0x61, 0x74, 0x61, 0x00, 0x00, 0x00, 0x00, 0x00,
  0x30, 0x00, 0x00, 0x00, 0x00, 0x00, 0x00, 0x00, 0x00, 0x00, 0x00, 0x00, 0x00, 0x00, 0x00, 0x00,
  0x00, 0x00, 0x00, 0x00, 0x00, 0x00, 0x00, 0x00, 0x00, 0x00, 0x00, 0x00, 0x00, 0x00, 0x00, 0x00,
  0xff, 0xff, 0xff, 0xff, 0x00, 0x00, 0x00, 0x00, 0x00, 0x00, 0x00, 0x00, 0x00, 0x00, 0x00, 0x00,
  0x80, 0x00, 0x00, 0x00, 0x00, 0x00, 0x00, 0x00, 0x00, 0x00, 0x00, 0x00, 0x00, 0x00, 0x00, 0x00,
  0x73, 0x63, 0x72, 0x61, 0x74, 0x63, 0x68, 0x5f, 0x73, 0x69, 0x7a, 0x65, 0x00, 0x00, 0x00, 0x00,
  0x04, 0x00, 0x00, 0x00, 0x00, 0x00, 0x00, 0x00, 0x00, 0x00, 0x00, 0x00, 0x00, 0x00, 0x00, 0x00,
  0x00, 0xe0, 0x2e, 0x00, 0x00, 0x00, 0x00, 0x00, 0x00, 0x00, 0x00, 0x00, 0x00, 0x00, 0x00, 0x00,
  0x69, 0x6e, 0x70, 0x75, 0x74, 0x73, 0x00, 0x00, 0x00, 0x00, 0x00, 0x00, 0x00, 0x00, 0x00, 0x00,
  0x94, 0x00, 0x00, 0x00, 0x00, 0x00, 0x00, 0x00, 0x00, 0x00, 0x00, 0x00, 0x00, 0x00, 0x00, 0x00,
  0x04, 0x00, 0x00, 0x00, 0x01, 0x00, 0x00, 0x00, 0x01, 0x00, 0x00, 0x00, 0x01, 0x00, 0x00, 0x00,
  0x01, 0x00, 0x00, 0x00, 0x00, 0x01, 0x00, 0x00, 0x03, 0x00, 0x00, 0x00, 0x01, 0x00, 0x00, 0x00,
  0x00, 0x00, 0x00, 0x00, 0x01, 0x00, 0x00, 0x00, 0x01, 0x00, 0x00, 0x00, 0x01, 0x00, 0x00, 0x00,
  0x01, 0x00, 0x00, 0x00, 0x01, 0x00, 0x00, 0x00, 0x01, 0x00, 0x00, 0x00, 0x00, 0x77, 0x01, 0x00,
  0x04, 0x00, 0x00, 0x00, 0x00, 0xda, 0x0a, 0x00, 0x01, 0x00, 0x00, 0x00, 0x01, 0x00, 0x00, 0x00,
  0x01, 0x00, 0x00, 0x00, 0x01, 0x00, 0x00, 0x00, 0x01, 0x00, 0x00, 0x00, 0x00, 0xd7, 0x0a, 0x00,
  0x01, 0x00, 0x00, 0x00, 0x01, 0x00, 0x00, 0x00, 0x00, 0x03, 0x00, 0x00, 0x01, 0x00, 0x00, 0x00,
  0x01, 0x00, 0x00, 0x00, 0x01, 0x00, 0x00, 0x00, 0x01, 0x00, 0x00, 0x00, 0x01, 0x00, 0x00, 0x00,
  0x01, 0x00, 0x00, 0x00, 0x00, 0x77, 0x01, 0x00, 0x01, 0x00, 0x00, 0x00, 0x00, 0xb6, 0x10, 0x00,
  0x01, 0x00, 0x00, 0x00, 0x00, 0x00, 0x00, 0x00, 0x00, 0x00, 0x00, 0x00, 0x00, 0x00, 0x00, 0x00,
  0x6f, 0x75, 0x74, 0x70, 0x75, 0x74, 0x73, 0x00, 0x00, 0x00, 0x00, 0x00, 0x00, 0x00, 0x00, 0x00,
  0x28, 0x00, 0x00, 0x00, 0x00, 0x00, 0x00, 0x00, 0x00, 0x00, 0x00, 0x00, 0x00, 0x00, 0x00, 0x00,
  0x01, 0x00, 0x00, 0x00, 0x01, 0x00, 0x00, 0x00, 0x01, 0x00, 0x00, 0x00, 0x01, 0x00, 0x00, 0x00,
  0x20, 0x03, 0x00, 0x00, 0xe0, 0x01, 0x00, 0x00, 0x03, 0x00, 0x00, 0x00, 0x01, 0x00, 0x00, 0x00,
  0x00, 0x00, 0x00, 0x00, 0x01, 0x00, 0x00, 0x00, 0x00, 0x00, 0x00, 0x00, 0x00, 0x00, 0x00, 0x00,
  0x76, 0x65, 0x6c, 0x61, 0x5f, 0x65, 0x6e, 0x64, 0x5f, 0x73, 0x74, 0x72, 0x65, 0x61, 0x6d, 0x00,
  0x00, 0x00, 0x00, 0x00, 0x00, 0x00, 0x00, 0x00, 0x00, 0x00, 0x00, 0x00, 0x00, 0x00, 0x00, 0x00,
  0x00, 0x00, 0x00, 0x00, 0x00, 0x00, 0x00, 0x00, 0x06, 0x00, 0x00, 0x00, 0xb0, 0x1c, 0x00, 0x00,
  0x04, 0x18, 0x00, 0x00, 0x10, 0x12, 0x00, 0x00, 0x2c, 0x0c, 0x00, 0x00, 0xb0, 0x06, 0x00, 0x00,
  0x04, 0x00, 0x00, 0x00, 0x7e, 0xe3, 0xff, 0xff, 0x24, 0x00, 0x00, 0x00, 0x38, 0x00, 0x00, 0x00,
  0x38, 0x02, 0x00, 0x00, 0x38, 0x02, 0x00, 0x00, 0x8c, 0x02, 0x00, 0x00, 0x94, 0x02, 0x00, 0x00,
  0xa4, 0x02, 0x00, 0x00, 0x10, 0x04, 0x00, 0x00, 0x78, 0x06, 0x00, 0x00, 0x02, 0x00, 0x00, 0x00,
  0x00, 0x00, 0x00, 0x00, 0x00, 0x00, 0x00, 0x00, 0x00, 0x00, 0x01, 0x00, 0x00, 0x00, 0x00, 0x00,
  0x00, 0x00, 0x00, 0x00, 0x01, 0x00, 0x00, 0x00, 0x04, 0x00, 0x00, 0x00, 0x62, 0xe1, 0xff, 0xff,
  0x0c, 0x00, 0x00, 0x00, 0xd8, 0x01, 0x00, 0x00, 0xdc, 0x01, 0x00, 0x00, 0x05, 0x00, 0x00, 0x00,
  0x90, 0x01, 0x00, 0x00, 0x9c, 0x00, 0x00, 0x00, 0x70, 0x00, 0x00, 0x00, 0x34, 0x00, 0x00, 0x00,
  0x04, 0x00, 0x00, 0x00, 0xcc, 0xdf, 0xff, 0xff, 0x08, 0x00, 0x00, 0x00, 0x18, 0x00, 0x00, 0x00,
  0x0d, 0x00, 0x00, 0x00, 0x65, 0x74, 0x68, 0x6f, 0x73, 0x2d, 0x75, 0x38, 0x35, 0x2d, 0x32, 0x35,
  0x36, 0x00, 0x00, 0x00, 0x06, 0x00, 0x00, 0x00, 0x74, 0x61, 0x72, 0x67, 0x65, 0x74, 0x00, 0x00,
  0xf8, 0xdf, 0xff, 0xff, 0x08, 0x00, 0x00, 0x00, 0x10, 0x00, 0x00, 0x00, 0x05, 0x00, 0x00, 0x00,
  0x46, 0x61, 0x6c, 0x73, 0x65, 0x00, 0x00, 0x00, 0x18, 0x00, 0x00, 0x00, 0x70, 0x72, 0x65, 0x73,
  0x65, 0x72, 0x76, 0x65, 0x5f, 0x69, 0x6f, 0x5f, 0x71, 0x75, 0x61, 0x6e, 0x74, 0x69, 0x7a, 0x61,
  0x74, 0x69, 0x6f, 0x6e, 0x00, 0x00, 0x00, 0x00, 0x30, 0xe0, 0xff, 0xff, 0x08, 0x00, 0x00, 0x00,
  0x0c, 0x00, 0x00, 0x00, 0x04, 0x00, 0x00, 0x00, 0x76, 0x65, 0x6c, 0x61, 0x0d, 0x00, 0x00, 0x00,
  0x6f, 0x75, 0x74, 0x70, 0x75, 0x74, 0x5f, 0x66, 0x6f, 0x72, 0x6d, 0x61, 0x74, 0x00, 0x00, 0x00,
  0x58, 0xe0, 0xff, 0xff, 0x08, 0x00, 0x00, 0x00, 0xd4, 0x00, 0x00, 0x00, 0xc9, 0x00, 0x00, 0x00,
  0x2d, 0x2d, 0x61, 0x63, 0x63, 0x65, 0x6c, 0x65, 0x72, 0x61, 0x74, 0x6f, 0x72, 0x2d, 0x63, 0x6f,
  0x6e, 0x66, 0x69, 0x67, 0x3d, 0x65, 0x74, 0x68, 0x6f, 0x73, 0x2d, 0x75, 0x38, 0x35, 0x2d, 0x32,
  0x35, 0x36, 0x20, 0x2d, 0x2d, 0x63, 0x6f, 0x6e, 0x66, 0x69, 0x67, 0x3d, 0x2f, 0x55, 0x73, 0x65,
  0x72, 0x73, 0x2f, 0x6d, 0x61, 0x74, 0x68, 0x65, 0x72, 0x30, 0x31, 0x2f, 0x4d, 0x6c, 0x6f, 0x70,
  0x73, 0x2d, 0x74, 0x65, 0x73, 0x74, 0x2f, 0x63, 0x6d, 0x73, 0x69, 0x73, 0x2d, 0x65, 0x78, 0x65,
  0x63, 0x75, 0x74, 0x6f, 0x72, 0x63, 0x68, 0x2d, 0x79, 0x6f, 0x6c, 0x6f, 0x32, 0x36, 0x2f, 0x2e,
  0x63, 0x6d, 0x73, 0x69, 0x73, 0x2f, 0x65, 0x6e, 0x73, 0x65, 0x6d, 0x62, 0x6c, 0x65, 0x5f, 0x76,
  0x65, 0x6c, 0x61, 0x2e, 0x69, 0x6e, 0x69, 0x20, 0x2d, 0x2d, 0x6f, 0x75, 0x74, 0x70, 0x75, 0x74,
  0x2d, 0x66, 0x6f, 0x72, 0x6d, 0x61, 0x74, 0x3d, 0x72, 0x61, 0x77, 0x20, 0x2d, 0x2d, 0x73, 0x79,
  0x73, 0x74, 0x65, 0x6d, 0x2d, 0x63, 0x6f, 0x6e, 0x66, 0x69, 0x67, 0x3d, 0x45, 0x74, 0x68, 0x6f,
  0x73, 0x5f, 0x55, 0x38, 0x35, 0x5f, 0x53, 0x52, 0x41, 0x4d, 0x5f, 0x4d, 0x52, 0x41, 0x4d, 0x20,
  0x2d, 0x2d, 0x6d, 0x65, 0x6d, 0x6f, 0x72, 0x79, 0x2d, 0x6d, 0x6f, 0x64, 0x65, 0x3d, 0x53, 0x68,
  0x61, 0x72, 0x65, 0x64, 0x5f, 0x53, 0x72, 0x61, 0x6d, 0x00, 0x00, 0x00, 0x0d, 0x00, 0x00, 0x00,
  0x63, 0x6f, 0x6d, 0x70, 0x69, 0x6c, 0x65, 0x5f, 0x66, 0x6c, 0x61, 0x67, 0x73, 0x00, 0x00, 0x00,
  0x48, 0xe1, 0xff, 0xff, 0x08, 0x00, 0x00, 0x00, 0x24, 0x00, 0x00, 0x00, 0x1a, 0x00, 0x00, 0x00,
  0x54, 0x4f, 0x53, 0x41, 0x2d, 0x31, 0x2e, 0x30, 0x2b, 0x49, 0x4e, 0x54, 0x2b, 0x69, 0x6e, 0x74,
  0x31, 0x36, 0x2b, 0x69, 0x6e, 0x74, 0x34, 0x2b, 0x63, 0x66, 0x00, 0x00, 0x09, 0x00, 0x00, 0x00,
  0x74, 0x6f, 0x73, 0x61, 0x5f, 0x73, 0x70, 0x65, 0x63, 0x00, 0x00, 0x00, 0x14, 0xe3, 0xff, 0xff,
  0x05, 0x00, 0x00, 0x00, 0x0d, 0x00, 0x00, 0x00, 0x45, 0x74, 0x68, 0x6f, 0x73, 0x55, 0x42, 0x61,
  0x63, 0x6b, 0x65, 0x6e, 0x64, 0x00, 0x00, 0x00, 0x00, 0x00, 0x00, 0x00, 0x01, 0x00, 0x00, 0x00,
  0x04, 0x00, 0x00, 0x00, 0x6a, 0xe3, 0xff, 0xff, 0x0c, 0x00, 0x00, 0x00, 0x40, 0x00, 0x00, 0x00,
  0x40, 0x00, 0x00, 0x00, 0x01, 0x00, 0x00, 0x00, 0x04, 0x00, 0x00, 0x00, 0x08, 0xe2, 0xff, 0xff,
  0x08, 0x00, 0x00, 0x00, 0x00, 0x00, 0x00, 0x02, 0x60, 0xe3, 0xff, 0xff, 0x04, 0x00, 0x00, 0x00,
  0x06, 0x00, 0x00, 0x00, 0x00, 0x00, 0x00, 0x00, 0x01, 0x00, 0x00, 0x00, 0x02, 0x00, 0x00, 0x00,
  0x03, 0x00, 0x00, 0x00, 0x04, 0x00, 0x00, 0x00, 0x05, 0x00, 0x00, 0x00, 0x00, 0x00, 0x00, 0x00,
  0x00, 0x00, 0x00, 0x00, 0x02, 0x00, 0x00, 0x00, 0x04, 0x00, 0x00, 0x00, 0x05, 0x00, 0x00, 0x00,
  0x04, 0x00, 0x00, 0x00, 0x00, 0x00, 0x00, 0x00, 0x01, 0x00, 0x00, 0x00, 0x02, 0x00, 0x00, 0x00,
  0x03, 0x00, 0x00, 0x00, 0x06, 0x00, 0x00, 0x00, 0x38, 0x01, 0x00, 0x00, 0x00, 0x01, 0x00, 0x00,
  0xc8, 0x00, 0x00, 0x00, 0x90, 0x00, 0x00, 0x00, 0x48, 0x00, 0x00, 0x00, 0x04, 0x00, 0x00, 0x00,
  0x7c, 0xe2, 0xff, 0xff, 0x08, 0x00, 0x00, 0x00, 0x00, 0x00, 0x00, 0x05, 0x46, 0xe8, 0xff, 0xff,
  0x10, 0x00, 0x00, 0x00, 0x14, 0x00, 0x00, 0x00, 0x18, 0x00, 0x00, 0x00, 0x00, 0x00, 0x00, 0x02,
  0x4e, 0xe3, 0xff, 0xff, 0x01, 0x00, 0x00, 0x00, 0x03, 0x00, 0x00, 0x00, 0x00, 0x01, 0x02, 0x00,
  0x03, 0x00, 0x00, 0x00, 0x08, 0x00, 0x00, 0x00, 0x00, 0x02, 0x00, 0x00, 0x04, 0x00, 0x00, 0x00,
  0xbc, 0xe2, 0xff, 0xff, 0x08, 0x00, 0x00, 0x00, 0x00, 0x00, 0x00, 0x05, 0x86, 0xe8, 0xff, 0xff,
  0x10, 0x00, 0x00, 0x00, 0x18, 0x00, 0x00, 0x00, 0x1c, 0x00, 0x00, 0x00, 0x00, 0x00, 0x00, 0x02,
  0x98, 0xe2, 0xff, 0xff, 0x00, 0x80, 0x00, 0x00, 0x01, 0x00, 0x00, 0x00, 0x03, 0x00, 0x00, 0x00,
  0x00, 0x01, 0x02, 0x00, 0x03, 0x00, 0x00, 0x00, 0x08, 0x00, 0x00, 0x00, 0x00, 0x02, 0x00, 0x00,
  0x04, 0x00, 0x00, 0x00, 0x00, 0xe3, 0xff, 0xff, 0x08, 0x00, 0x00, 0x00, 0x00, 0x00, 0x00, 0x05,
  0xf8, 0xe2, 0xff, 0xff, 0x0c, 0x00, 0x00, 0x00, 0x10, 0x00, 0x00, 0x00, 0x00, 0x00, 0x00, 0x02,
  0x03, 0x00, 0x00, 0x00, 0x00, 0x01, 0x02, 0x00, 0x03, 0x00, 0x00, 0x00, 0x08, 0x00, 0x00, 0x00,
  0x04, 0x00, 0x00, 0x00, 0x04, 0x00, 0x00, 0x00, 0x34, 0xe3, 0xff, 0xff, 0x08, 0x00, 0x00, 0x00,
  0x00, 0x00, 0x00, 0x05, 0x2c, 0xe3, 0xff, 0xff, 0x0c, 0x00, 0x00, 0x00, 0x10, 0x00, 0x00, 0x00,
  0x00, 0x00, 0x00, 0x02, 0x03, 0x00, 0x00, 0x00, 0x00, 0x01, 0x02, 0x00, 0x03, 0x00, 0x00, 0x00,
  0x08, 0x00, 0x00, 0x00, 0x04, 0x00, 0x00, 0x00, 0x04, 0x00, 0x00, 0x00, 0x68, 0xe3, 0xff, 0xff,
  0x08, 0x00, 0x00, 0x00, 0x00, 0x00, 0x00, 0x05, 0x60, 0xe3, 0xff, 0xff, 0x0c, 0x00, 0x00, 0x00,
  0x10, 0x00, 0x00, 0x00, 0x00, 0x00, 0x00, 0x02, 0x03, 0x00, 0x00, 0x00, 0x00, 0x01, 0x02, 0x00,
  0x03, 0x00, 0x00, 0x00, 0x08, 0x00, 0x00, 0x00, 0x00, 0x02, 0x00, 0x00, 0x04, 0x00, 0x00, 0x00,
  0x9c, 0xe3, 0xff, 0xff, 0x08, 0x00, 0x00, 0x00, 0x00, 0x00, 0x00, 0x05, 0x94, 0xe3, 0xff, 0xff,
  0x0c, 0x00, 0x00, 0x00, 0x10, 0x00, 0x00, 0x00, 0x00, 0x00, 0x00, 0x02, 0x03, 0x00, 0x00, 0x00,
  0x00, 0x01, 0x02, 0x00, 0x03, 0x00, 0x00, 0x00, 0x08, 0x00, 0x00, 0x00, 0x00, 0x02, 0x00, 0x00,
  0x04, 0x00, 0x00, 0x00, 0x8c, 0xe3, 0xff, 0xff, 0x08, 0x00, 0x00, 0x00, 0xbc, 0x00, 0x00, 0x00,
  0xb1, 0x00, 0x00, 0x00, 0x5b, 0x31, 0x2c, 0x20, 0x7b, 0x22, 0x74, 0x79, 0x70, 0x65, 0x22, 0x3a,
  0x20, 0x22, 0x62, 0x75, 0x69, 0x6c, 0x74, 0x69, 0x6e, 0x73, 0x2e, 0x74, 0x75, 0x70, 0x6c, 0x65,
  0x22, 0x2c, 0x20, 0x22, 0x63, 0x6f, 0x6e, 0x74, 0x65, 0x78, 0x74, 0x22, 0x3a, 0x20, 0x22, 0x6e,
  0x75, 0x6c, 0x6c, 0x22, 0x2c, 0x20, 0x22, 0x63, 0x68, 0x69, 0x6c, 0x64, 0x72, 0x65, 0x6e, 0x5f,
  0x73, 0x70, 0x65, 0x63, 0x22, 0x3a, 0x20, 0x5b, 0x7b, 0x22, 0x74, 0x79, 0x70, 0x65, 0x22, 0x3a,
  0x20, 0x6e, 0x75, 0x6c, 0x6c, 0x2c, 0x20, 0x22, 0x63, 0x6f, 0x6e, 0x74, 0x65, 0x78, 0x74, 0x22,
  0x3a, 0x20, 0x6e, 0x75, 0x6c, 0x6c, 0x2c, 0x20, 0x22, 0x63, 0x68, 0x69, 0x6c, 0x64, 0x72, 0x65,
  0x6e, 0x5f, 0x73, 0x70, 0x65, 0x63, 0x22, 0x3a, 0x20, 0x5b, 0x5d, 0x7d, 0x2c, 0x20, 0x7b, 0x22,
  0x74, 0x79, 0x70, 0x65, 0x22, 0x3a, 0x20, 0x6e, 0x75, 0x6c, 0x6c, 0x2c, 0x20, 0x22, 0x63, 0x6f,
  0x6e, 0x74, 0x65, 0x78, 0x74, 0x22, 0x3a, 0x20, 0x6e, 0x75, 0x6c, 0x6c, 0x2c, 0x20, 0x22, 0x63,
  0x68, 0x69, 0x6c, 0x64, 0x72, 0x65, 0x6e, 0x5f, 0x73, 0x70, 0x65, 0x63, 0x22, 0x3a, 0x20, 0x5b,
  0x5d, 0x7d, 0x5d, 0x7d, 0x5d, 0x00, 0x00, 0x00, 0xa0, 0x01, 0x00, 0x00, 0x5b, 0x31, 0x2c, 0x20,
  0x7b, 0x22, 0x74, 0x79, 0x70, 0x65, 0x22, 0x3a, 0x20, 0x22, 0x62, 0x75, 0x69, 0x6c, 0x74, 0x69,
  0x6e, 0x73, 0x2e, 0x74, 0x75, 0x70, 0x6c, 0x65, 0x22, 0x2c, 0x20, 0x22, 0x63, 0x6f, 0x6e, 0x74,
  0x65, 0x78, 0x74, 0x22, 0x3a, 0x20, 0x22, 0x6e, 0x75, 0x6c, 0x6c, 0x22, 0x2c, 0x20, 0x22, 0x63,
  0x68, 0x69, 0x6c, 0x64, 0x72, 0x65, 0x6e, 0x5f, 0x73, 0x70, 0x65, 0x63, 0x22, 0x3a, 0x20, 0x5b,
  0x7b, 0x22, 0x74, 0x79, 0x70, 0x65, 0x22, 0x3a, 0x20, 0x22, 0x62, 0x75, 0x69, 0x6c, 0x74, 0x69,
  0x6e, 0x73, 0x2e, 0x74, 0x75, 0x70, 0x6c, 0x65, 0x22, 0x2c, 0x20, 0x22, 0x63, 0x6f, 0x6e, 0x74,
  0x65, 0x78, 0x74, 0x22, 0x3a, 0x20, 0x22, 0x6e, 0x75, 0x6c, 0x6c, 0x22, 0x2c, 0x20, 0x22, 0x63,
  0x68, 0x69, 0x6c, 0x64, 0x72, 0x65, 0x6e, 0x5f, 0x73, 0x70, 0x65, 0x63, 0x22, 0x3a, 0x20, 0x5b,
  0x7b, 0x22, 0x74, 0x79, 0x70, 0x65, 0x22, 0x3a, 0x20, 0x6e, 0x75, 0x6c, 0x6c, 0x2c, 0x20, 0x22,
  0x63, 0x6f, 0x6e, 0x74, 0x65, 0x78, 0x74, 0x22, 0x3a, 0x20, 0x6e, 0x75, 0x6c, 0x6c, 0x2c, 0x20,
  0x22, 0x63, 0x68, 0x69, 0x6c, 0x64, 0x72, 0x65, 0x6e, 0x5f, 0x73, 0x70, 0x65, 0x63, 0x22, 0x3a,
  0x20, 0x5b, 0x5d, 0x7d, 0x2c, 0x20, 0x7b, 0x22, 0x74, 0x79, 0x70, 0x65, 0x22, 0x3a, 0x20, 0x6e,
  0x75, 0x6c, 0x6c, 0x2c, 0x20, 0x22, 0x63, 0x6f, 0x6e, 0x74, 0x65, 0x78, 0x74, 0x22, 0x3a, 0x20,
  0x6e, 0x75, 0x6c, 0x6c, 0x2c, 0x20, 0x22, 0x63, 0x68, 0x69, 0x6c, 0x64, 0x72, 0x65, 0x6e, 0x5f,
  0x73, 0x70, 0x65, 0x63, 0x22, 0x3a, 0x20, 0x5b, 0x5d, 0x7d, 0x2c, 0x20, 0x7b, 0x22, 0x74, 0x79,
  0x70, 0x65, 0x22, 0x3a, 0x20, 0x6e, 0x75, 0x6c, 0x6c, 0x2c, 0x20, 0x22, 0x63, 0x6f, 0x6e, 0x74,
  0x65, 0x78, 0x74, 0x22, 0x3a, 0x20, 0x6e, 0x75, 0x6c, 0x6c, 0x2c, 0x20, 0x22, 0x63, 0x68, 0x69,
  0x6c, 0x64, 0x72, 0x65, 0x6e, 0x5f, 0x73, 0x70, 0x65, 0x63, 0x22, 0x3a, 0x20, 0x5b, 0x5d, 0x7d,
  0x2c, 0x20, 0x7b, 0x22, 0x74, 0x79, 0x70, 0x65, 0x22, 0x3a, 0x20, 0x6e, 0x75, 0x6c, 0x6c, 0x2c,
  0x20, 0x22, 0x63, 0x6f, 0x6e, 0x74, 0x65, 0x78, 0x74, 0x22, 0x3a, 0x20, 0x6e, 0x75, 0x6c, 0x6c,
  0x2c, 0x20, 0x22, 0x63, 0x68, 0x69, 0x6c, 0x64, 0x72, 0x65, 0x6e, 0x5f, 0x73, 0x70, 0x65, 0x63,
  0x22, 0x3a, 0x20, 0x5b, 0x5d, 0x7d, 0x5d, 0x7d, 0x2c, 0x20, 0x7b, 0x22, 0x74, 0x79, 0x70, 0x65,
  0x22, 0x3a, 0x20, 0x22, 0x62, 0x75, 0x69, 0x6c, 0x74, 0x69, 0x6e, 0x73, 0x2e, 0x64, 0x69, 0x63,
  0x74, 0x22, 0x2c, 0x20, 0x22, 0x63, 0x6f, 0x6e, 0x74, 0x65, 0x78, 0x74, 0x22, 0x3a, 0x20, 0x22,
  0x5b, 0x5d, 0x22, 0x2c, 0x20, 0x22, 0x63, 0x68, 0x69, 0x6c, 0x64, 0x72, 0x65, 0x6e, 0x5f, 0x73,
  0x70, 0x65, 0x63, 0x22, 0x3a, 0x20, 0x5b, 0x5d, 0x7d, 0x5d, 0x7d, 0x5d, 0x00, 0x00, 0x00, 0x00,
  0x06, 0x00, 0x00, 0x00, 0x76, 0x65, 0x72, 0x74, 0x65, 0x78, 0x00, 0x00, 0x26, 0xea, 0xff, 0xff,
  0x24, 0x00, 0x00, 0x00, 0x38, 0x00, 0x00, 0x00, 0x38, 0x02, 0x00, 0x00, 0x38, 0x02, 0x00, 0x00,
  0x84, 0x02, 0x00, 0x00, 0x88, 0x02, 0x00, 0x00, 0x94, 0x02, 0x00, 0x00, 0x90, 0x03, 0x00, 0x00,
  0x48, 0x05, 0x00, 0x00, 0x02, 0x00, 0x00, 0x00, 0x00, 0x00, 0x00, 0x00, 0x00, 0x00, 0x00, 0x00,
  0x00, 0x94, 0x11, 0x00, 0x00, 0x00, 0x00, 0x00, 0x00, 0x00, 0x00, 0x00, 0x01, 0x00, 0x00, 0x00,
  0x04, 0x00, 0x00, 0x00, 0x0a, 0xe8, 0xff, 0xff, 0x0c, 0x00, 0x00, 0x00, 0xd8, 0x01, 0x00, 0x00,
  0xdc, 0x01, 0x00, 0x00, 0x05, 0x00, 0x00, 0x00, 0x90, 0x01, 0x00, 0x00, 0x9c, 0x00, 0x00, 0x00,
  0x70, 0x00, 0x00, 0x00, 0x34, 0x00, 0x00, 0x00, 0x04, 0x00, 0x00, 0x00, 0x74, 0xe6, 0xff, 0xff,
  0x08, 0x00, 0x00, 0x00, 0x18, 0x00, 0x00, 0x00, 0x0d, 0x00, 0x00, 0x00, 0x65, 0x74, 0x68, 0x6f,
  0x73, 0x2d, 0x75, 0x38, 0x35, 0x2d, 0x32, 0x35, 0x36, 0x00, 0x00, 0x00, 0x06, 0x00, 0x00, 0x00,
  0x74, 0x61, 0x72, 0x67, 0x65, 0x74, 0x00, 0x00, 0xa0, 0xe6, 0xff, 0xff, 0x08, 0x00, 0x00, 0x00,
  0x10, 0x00, 0x00, 0x00, 0x05, 0x00, 0x00, 0x00, 0x46, 0x61, 0x6c, 0x73, 0x65, 0x00, 0x00, 0x00,
  0x18, 0x00, 0x00, 0x00, 0x70, 0x72, 0x65, 0x73, 0x65, 0x72, 0x76, 0x65, 0x5f, 0x69, 0x6f, 0x5f,
  0x71, 0x75, 0x61, 0x6e, 0x74, 0x69, 0x7a, 0x61, 0x74, 0x69, 0x6f, 0x6e, 0x00, 0x00, 0x00, 0x00,
  0xd8, 0xe6, 0xff, 0xff, 0x08, 0x00, 0x00, 0x00, 0x0c, 0x00, 0x00, 0x00, 0x04, 0x00, 0x00, 0x00,
  0x76, 0x65, 0x6c, 0x61, 0x0d, 0x00, 0x00, 0x00, 0x6f, 0x75, 0x74, 0x70, 0x75, 0x74, 0x5f, 0x66,
  0x6f, 0x72, 0x6d, 0x61, 0x74, 0x00, 0x00, 0x00, 0x00, 0xe7, 0xff, 0xff, 0x08, 0x00, 0x00, 0x00,
  0xd4, 0x00, 0x00, 0x00, 0xc9, 0x00, 0x00, 0x00, 0x2d, 0x2d, 0x61, 0x63, 0x63, 0x65, 0x6c, 0x65,
  0x72, 0x61, 0x74, 0x6f, 0x72, 0x2d, 0x63, 0x6f, 0x6e, 0x66, 0x69, 0x67, 0x3d, 0x65, 0x74, 0x68,
  0x6f, 0x73, 0x2d, 0x75, 0x38, 0x35, 0x2d, 0x32, 0x35, 0x36, 0x20, 0x2d, 0x2d, 0x63, 0x6f, 0x6e,
  0x66, 0x69, 0x67, 0x3d, 0x2f, 0x55, 0x73, 0x65, 0x72, 0x73, 0x2f, 0x6d, 0x61, 0x74, 0x68, 0x65,
  0x72, 0x30, 0x31, 0x2f, 0x4d, 0x6c, 0x6f, 0x70, 0x73, 0x2d, 0x74, 0x65, 0x73, 0x74, 0x2f, 0x63,
  0x6d, 0x73, 0x69, 0x73, 0x2d, 0x65, 0x78, 0x65, 0x63, 0x75, 0x74, 0x6f, 0x72, 0x63, 0x68, 0x2d,
  0x79, 0x6f, 0x6c, 0x6f, 0x32, 0x36, 0x2f, 0x2e, 0x63, 0x6d, 0x73, 0x69, 0x73, 0x2f, 0x65, 0x6e,
  0x73, 0x65, 0x6d, 0x62, 0x6c, 0x65, 0x5f, 0x76, 0x65, 0x6c, 0x61, 0x2e, 0x69, 0x6e, 0x69, 0x20,
  0x2d, 0x2d, 0x6f, 0x75, 0x74, 0x70, 0x75, 0x74, 0x2d, 0x66, 0x6f, 0x72, 0x6d, 0x61, 0x74, 0x3d,
  0x72, 0x61, 0x77, 0x20, 0x2d, 0x2d, 0x73, 0x79, 0x73, 0x74, 0x65, 0x6d, 0x2d, 0x63, 0x6f, 0x6e,
  0x66, 0x69, 0x67, 0x3d, 0x45, 0x74, 0x68, 0x6f, 0x73, 0x5f, 0x55, 0x38, 0x35, 0x5f, 0x53, 0x52,
  0x41, 0x4d, 0x5f, 0x4d, 0x52, 0x41, 0x4d, 0x20, 0x2d, 0x2d, 0x6d, 0x65, 0x6d, 0x6f, 0x72, 0x79,
  0x2d, 0x6d, 0x6f, 0x64, 0x65, 0x3d, 0x53, 0x68, 0x61, 0x72, 0x65, 0x64, 0x5f, 0x53, 0x72, 0x61,
  0x6d, 0x00, 0x00, 0x00, 0x0d, 0x00, 0x00, 0x00, 0x63, 0x6f, 0x6d, 0x70, 0x69, 0x6c, 0x65, 0x5f,
  0x66, 0x6c, 0x61, 0x67, 0x73, 0x00, 0x00, 0x00, 0xf0, 0xe7, 0xff, 0xff, 0x08, 0x00, 0x00, 0x00,
  0x24, 0x00, 0x00, 0x00, 0x1a, 0x00, 0x00, 0x00, 0x54, 0x4f, 0x53, 0x41, 0x2d, 0x31, 0x2e, 0x30,
  0x2b, 0x49, 0x4e, 0x54, 0x2b, 0x69, 0x6e, 0x74, 0x31, 0x36, 0x2b, 0x69, 0x6e, 0x74, 0x34, 0x2b,
  0x63, 0x66, 0x00, 0x00, 0x09, 0x00, 0x00, 0x00, 0x74, 0x6f, 0x73, 0x61, 0x5f, 0x73, 0x70, 0x65,
  0x63, 0x00, 0x00, 0x00, 0xbc, 0xe9, 0xff, 0xff, 0x04, 0x00, 0x00, 0x00, 0x0d, 0x00, 0x00, 0x00,
  0x45, 0x74, 0x68, 0x6f, 0x73, 0x55, 0x42, 0x61, 0x63, 0x6b, 0x65, 0x6e, 0x64, 0x00, 0x00, 0x00,
  0x00, 0x00, 0x00, 0x00, 0x01, 0x00, 0x00, 0x00, 0x04, 0x00, 0x00, 0x00, 0x12, 0xea, 0xff, 0xff,
  0x0c, 0x00, 0x00, 0x00, 0x38, 0x00, 0x00, 0x00, 0x38, 0x00, 0x00, 0x00, 0x01, 0x00, 0x00, 0x00,
  0x04, 0x00, 0x00, 0x00, 0xb0, 0xe8, 0xff, 0xff, 0x08, 0x00, 0x00, 0x00, 0x00, 0x00, 0x00, 0x02,
  0x08, 0xea, 0xff, 0xff, 0x04, 0x00, 0x00, 0x00, 0x04, 0x00, 0x00, 0x00, 0x00, 0x00, 0x00, 0x00,
  0x01, 0x00, 0x00, 0x00, 0x02, 0x00, 0x00, 0x00, 0x03, 0x00, 0x00, 0x00, 0x00, 0x00, 0x00, 0x00,
  0x00, 0x00, 0x00, 0x00, 0x01, 0x00, 0x00, 0x00, 0x03, 0x00, 0x00, 0x00, 0x03, 0x00, 0x00, 0x00,
  0x00, 0x00, 0x00, 0x00, 0x01, 0x00, 0x00, 0x00, 0x02, 0x00, 0x00, 0x00, 0x04, 0x00, 0x00, 0x00,
  0xc4, 0x00, 0x00, 0x00, 0x88, 0x00, 0x00, 0x00, 0x4c, 0x00, 0x00, 0x00, 0x04, 0x00, 0x00, 0x00,
  0x0c, 0xe9, 0xff, 0xff, 0x08, 0x00, 0x00, 0x00, 0x00, 0x00, 0x00, 0x05, 0xd6, 0xee, 0xff, 0xff,
  0x10, 0x00, 0x00, 0x00, 0x14, 0x00, 0x00, 0x00, 0x18, 0x00, 0x00, 0x00, 0x00, 0x00, 0x00, 0x01,
  0xde, 0xe9, 0xff, 0xff, 0x01, 0x00, 0x00, 0x00, 0x04, 0x00, 0x00, 0x00, 0x00, 0x01, 0x02, 0x03,
  0x04, 0x00, 0x00, 0x00, 0x01, 0x00, 0x00, 0x00, 0x20, 0x03, 0x00, 0x00, 0xe0, 0x01, 0x00, 0x00,
  0x03, 0x00, 0x00, 0x00, 0x50, 0xe9, 0xff, 0xff, 0x08, 0x00, 0x00, 0x00, 0x00, 0x00, 0x00, 0x05,
  0x48, 0xe9, 0xff, 0xff, 0x0c, 0x00, 0x00, 0x00, 0x10, 0x00, 0x00, 0x00, 0x00, 0x00, 0x00, 0x01,
  0x04, 0x00, 0x00, 0x00, 0x00, 0x01, 0x02, 0x03, 0x04, 0x00, 0x00, 0x00, 0x01, 0x00, 0x00, 0x00,
  0x01, 0x00, 0x00, 0x00, 0x90, 0x01, 0x00, 0x00, 0xf0, 0x00, 0x00, 0x00, 0x88, 0xe9, 0xff, 0xff,
  0x08, 0x00, 0x00, 0x00, 0x00, 0x00, 0x00, 0x05, 0x80, 0xe9, 0xff, 0xff, 0x0c, 0x00, 0x00, 0x00,
  0x10, 0x00, 0x00, 0x00, 0x00, 0x00, 0x00, 0x01, 0x04, 0x00, 0x00, 0x00, 0x00, 0x01, 0x02, 0x03,
  0x04, 0x00, 0x00, 0x00, 0x01, 0x00, 0x00, 0x00, 0x03, 0x00, 0x00, 0x00, 0x90, 0x01, 0x00, 0x00,
  0xf0, 0x00, 0x00, 0x00, 0xc0, 0xe9, 0xff, 0xff, 0x08, 0x00, 0x00, 0x00, 0x00, 0x00, 0x00, 0x05,
  0xb8, 0xe9, 0xff, 0xff, 0x0c, 0x00, 0x00, 0x00, 0x10, 0x00, 0x00, 0x00, 0x00, 0x00, 0x00, 0x01,
  0x04, 0x00, 0x00, 0x00, 0x00, 0x01, 0x02, 0x03, 0x04, 0x00, 0x00, 0x00, 0x01, 0x00, 0x00, 0x00,
  0x03, 0x00, 0x00, 0x00, 0x90, 0x01, 0x00, 0x00, 0xf0, 0x00, 0x00, 0x00, 0xb4, 0xe9, 0xff, 0xff,
  0x08, 0x00, 0x00, 0x00, 0x44, 0x00, 0x00, 0x00, 0x39, 0x00, 0x00, 0x00, 0x5b, 0x31, 0x2c, 0x20,
  0x7b, 0x22, 0x74, 0x79, 0x70, 0x65, 0x22, 0x3a, 0x20, 0x6e, 0x75, 0x6c, 0x6c, 0x2c, 0x20, 0x22,
  0x63, 0x6f, 0x6e, 0x74, 0x65, 0x78, 0x74, 0x22, 0x3a, 0x20, 0x6e, 0x75, 0x6c, 0x6c, 0x2c, 0x20,
  0x22, 0x63, 0x68, 0x69, 0x6c, 0x64, 0x72, 0x65, 0x6e, 0x5f, 0x73, 0x70, 0x65, 0x63, 0x22, 0x3a,
  0x20, 0x5b, 0x5d, 0x7d, 0x5d, 0x00, 0x00, 0x00, 0x6a, 0x01, 0x00, 0x00, 0x5b, 0x31, 0x2c, 0x20,
  0x7b, 0x22, 0x74, 0x79, 0x70, 0x65, 0x22, 0x3a, 0x20, 0x22, 0x62, 0x75, 0x69, 0x6c, 0x74, 0x69,
  0x6e, 0x73, 0x2e, 0x74, 0x75, 0x70, 0x6c, 0x65, 0x22, 0x2c, 0x20, 0x22, 0x63, 0x6f, 0x6e, 0x74,
  0x65, 0x78, 0x74, 0x22, 0x3a, 0x20, 0x22, 0x6e, 0x75, 0x6c, 0x6c, 0x22, 0x2c, 0x20, 0x22, 0x63,
  0x68, 0x69, 0x6c, 0x64, 0x72, 0x65, 0x6e, 0x5f, 0x73, 0x70, 0x65, 0x63, 0x22, 0x3a, 0x20, 0x5b,
  0x7b, 0x22, 0x74, 0x79, 0x70, 0x65, 0x22, 0x3a, 0x20, 0x22, 0x62, 0x75, 0x69, 0x6c, 0x74, 0x69,
  0x6e, 0x73, 0x2e, 0x74, 0x75, 0x70, 0x6c, 0x65, 0x22, 0x2c, 0x20, 0x22, 0x63, 0x6f, 0x6e, 0x74,
  0x65, 0x78, 0x74, 0x22, 0x3a, 0x20, 0x22, 0x6e, 0x75, 0x6c, 0x6c, 0x22, 0x2c, 0x20, 0x22, 0x63,
  0x68, 0x69, 0x6c, 0x64, 0x72, 0x65, 0x6e, 0x5f, 0x73, 0x70, 0x65, 0x63, 0x22, 0x3a, 0x20, 0x5b,
  0x7b, 0x22, 0x74, 0x79, 0x70, 0x65, 0x22, 0x3a, 0x20, 0x6e, 0x75, 0x6c, 0x6c, 0x2c, 0x20, 0x22,
  0x63, 0x6f, 0x6e, 0x74, 0x65, 0x78, 0x74, 0x22, 0x3a, 0x20, 0x6e, 0x75, 0x6c, 0x6c, 0x2c, 0x20,
  0x22, 0x63, 0x68, 0x69, 0x6c, 0x64, 0x72, 0x65, 0x6e, 0x5f, 0x73, 0x70, 0x65, 0x63, 0x22, 0x3a,
  0x20, 0x5b, 0x5d, 0x7d, 0x2c, 0x20, 0x7b, 0x22, 0x74, 0x79, 0x70, 0x65, 0x22, 0x3a, 0x20, 0x6e,
  0x75, 0x6c, 0x6c, 0x2c, 0x20, 0x22, 0x63, 0x6f, 0x6e, 0x74, 0x65, 0x78, 0x74, 0x22, 0x3a, 0x20,
  0x6e, 0x75, 0x6c, 0x6c, 0x2c, 0x20, 0x22, 0x63, 0x68, 0x69, 0x6c, 0x64, 0x72, 0x65, 0x6e, 0x5f,
  0x73, 0x70, 0x65, 0x63, 0x22, 0x3a, 0x20, 0x5b, 0x5d, 0x7d, 0x2c, 0x20, 0x7b, 0x22, 0x74, 0x79,
  0x70, 0x65, 0x22, 0x3a, 0x20, 0x6e, 0x75, 0x6c, 0x6c, 0x2c, 0x20, 0x22, 0x63, 0x6f, 0x6e, 0x74,
  0x65, 0x78, 0x74, 0x22, 0x3a, 0x20, 0x6e, 0x75, 0x6c, 0x6c, 0x2c, 0x20, 0x22, 0x63, 0x68, 0x69,
  0x6c, 0x64, 0x72, 0x65, 0x6e, 0x5f, 0x73, 0x70, 0x65, 0x63, 0x22, 0x3a, 0x20, 0x5b, 0x5d, 0x7d,
  0x5d, 0x7d, 0x2c, 0x20, 0x7b, 0x22, 0x74, 0x79, 0x70, 0x65, 0x22, 0x3a, 0x20, 0x22, 0x62, 0x75,
  0x69, 0x6c, 0x74, 0x69, 0x6e, 0x73, 0x2e, 0x64, 0x69, 0x63, 0x74, 0x22, 0x2c, 0x20, 0x22, 0x63,
  0x6f, 0x6e, 0x74, 0x65, 0x78, 0x74, 0x22, 0x3a, 0x20, 0x22, 0x5b, 0x5d, 0x22, 0x2c, 0x20, 0x22,
  0x63, 0x68, 0x69, 0x6c, 0x64, 0x72, 0x65, 0x6e, 0x5f, 0x73, 0x70, 0x65, 0x63, 0x22, 0x3a, 0x20,
  0x5b, 0x5d, 0x7d, 0x5d, 0x7d, 0x5d, 0x00, 0x00, 0x05, 0x00, 0x00, 0x00, 0x73, 0x68, 0x61, 0x64,
  0x65, 0x00, 0x00, 0x00, 0x9e, 0xef, 0xff, 0xff, 0x24, 0x00, 0x00, 0x00, 0x38, 0x00, 0x00, 0x00,
  0x38, 0x02, 0x00, 0x00, 0x38, 0x02, 0x00, 0x00, 0x88, 0x02, 0x00, 0x00, 0x8c, 0x02, 0x00, 0x00,
  0x9c, 0x02, 0x00, 0x00, 0xc0, 0x03, 0x00, 0x00, 0xb0, 0x05, 0x00, 0x00, 0x02, 0x00, 0x00, 0x00,
  0x00, 0x00, 0x00, 0x00, 0x00, 0x00, 0x00, 0x00, 0x00, 0x40, 0x00, 0x00, 0x00, 0x00, 0x00, 0x00,
  0x00, 0x00, 0x00, 0x00, 0x01, 0x00, 0x00, 0x00, 0x04, 0x00, 0x00, 0x00, 0x82, 0xed, 0xff, 0xff,
  0x0c, 0x00, 0x00, 0x00, 0xd8, 0x01, 0x00, 0x00, 0xdc, 0x01, 0x00, 0x00, 0x05, 0x00, 0x00, 0x00,
  0x90, 0x01, 0x00, 0x00, 0x9c, 0x00, 0x00, 0x00, 0x70, 0x00, 0x00, 0x00, 0x34, 0x00, 0x00, 0x00,
  0x04, 0x00, 0x00, 0x00, 0xec, 0xeb, 0xff, 0xff, 0x08, 0x00, 0x00, 0x00, 0x18, 0x00, 0x00, 0x00,
  0x0d, 0x00, 0x00, 0x00, 0x65, 0x74, 0x68, 0x6f, 0x73, 0x2d, 0x75, 0x38, 0x35, 0x2d, 0x32, 0x35,
  0x36, 0x00, 0x00, 0x00, 0x06, 0x00, 0x00, 0x00, 0x74, 0x61, 0x72, 0x67, 0x65, 0x74, 0x00, 0x00,
  0x18, 0xec, 0xff, 0xff, 0x08, 0x00, 0x00, 0x00, 0x10, 0x00, 0x00, 0x00, 0x05, 0x00, 0x00, 0x00,
  0x46, 0x61, 0x6c, 0x73, 0x65, 0x00, 0x00, 0x00, 0x18, 0x00, 0x00, 0x00, 0x70, 0x72, 0x65, 0x73,
  0x65, 0x72, 0x76, 0x65, 0x5f, 0x69, 0x6f, 0x5f, 0x71, 0x75, 0x61, 0x6e, 0x74, 0x69, 0x7a, 0x61,
  0x74, 0x69, 0x6f, 0x6e, 0x00, 0x00, 0x00, 0x00, 0x50, 0xec, 0xff, 0xff, 0x08, 0x00, 0x00, 0x00,
  0x0c, 0x00, 0x00, 0x00, 0x04, 0x00, 0x00, 0x00, 0x76, 0x65, 0x6c, 0x61, 0x0d, 0x00, 0x00, 0x00,
  0x6f, 0x75, 0x74, 0x70, 0x75, 0x74, 0x5f, 0x66, 0x6f, 0x72, 0x6d, 0x61, 0x74, 0x00, 0x00, 0x00,
  0x78, 0xec, 0xff, 0xff, 0x08, 0x00, 0x00, 0x00, 0xd4, 0x00, 0x00, 0x00, 0xc9, 0x00, 0x00, 0x00,
  0x2d, 0x2d, 0x61, 0x63, 0x63, 0x65, 0x6c, 0x65, 0x72, 0x61, 0x74, 0x6f, 0x72, 0x2d, 0x63, 0x6f,
  0x6e, 0x66, 0x69, 0x67, 0x3d, 0x65, 0x74, 0x68, 0x6f, 0x73, 0x2d, 0x75, 0x38, 0x35, 0x2d, 0x32,
  0x35, 0x36, 0x20, 0x2d, 0x2d, 0x63, 0x6f, 0x6e, 0x66, 0x69, 0x67, 0x3d, 0x2f, 0x55, 0x73, 0x65,
  0x72, 0x73, 0x2f, 0x6d, 0x61, 0x74, 0x68, 0x65, 0x72, 0x30, 0x31, 0x2f, 0x4d, 0x6c, 0x6f, 0x70,
  0x73, 0x2d, 0x74, 0x65, 0x73, 0x74, 0x2f, 0x63, 0x6d, 0x73, 0x69, 0x73, 0x2d, 0x65, 0x78, 0x65,
  0x63, 0x75, 0x74, 0x6f, 0x72, 0x63, 0x68, 0x2d, 0x79, 0x6f, 0x6c, 0x6f, 0x32, 0x36, 0x2f, 0x2e,
  0x63, 0x6d, 0x73, 0x69, 0x73, 0x2f, 0x65, 0x6e, 0x73, 0x65, 0x6d, 0x62, 0x6c, 0x65, 0x5f, 0x76,
  0x65, 0x6c, 0x61, 0x2e, 0x69, 0x6e, 0x69, 0x20, 0x2d, 0x2d, 0x6f, 0x75, 0x74, 0x70, 0x75, 0x74,
  0x2d, 0x66, 0x6f, 0x72, 0x6d, 0x61, 0x74, 0x3d, 0x72, 0x61, 0x77, 0x20, 0x2d, 0x2d, 0x73, 0x79,
  0x73, 0x74, 0x65, 0x6d, 0x2d, 0x63, 0x6f, 0x6e, 0x66, 0x69, 0x67, 0x3d, 0x45, 0x74, 0x68, 0x6f,
  0x73, 0x5f, 0x55, 0x38, 0x35, 0x5f, 0x53, 0x52, 0x41, 0x4d, 0x5f, 0x4d, 0x52, 0x41, 0x4d, 0x20,
  0x2d, 0x2d, 0x6d, 0x65, 0x6d, 0x6f, 0x72, 0x79, 0x2d, 0x6d, 0x6f, 0x64, 0x65, 0x3d, 0x53, 0x68,
  0x61, 0x72, 0x65, 0x64, 0x5f, 0x53, 0x72, 0x61, 0x6d, 0x00, 0x00, 0x00, 0x0d, 0x00, 0x00, 0x00,
  0x63, 0x6f, 0x6d, 0x70, 0x69, 0x6c, 0x65, 0x5f, 0x66, 0x6c, 0x61, 0x67, 0x73, 0x00, 0x00, 0x00,
  0x68, 0xed, 0xff, 0xff, 0x08, 0x00, 0x00, 0x00, 0x24, 0x00, 0x00, 0x00, 0x1a, 0x00, 0x00, 0x00,
  0x54, 0x4f, 0x53, 0x41, 0x2d, 0x31, 0x2e, 0x30, 0x2b, 0x49, 0x4e, 0x54, 0x2b, 0x69, 0x6e, 0x74,
  0x31, 0x36, 0x2b, 0x69, 0x6e, 0x74, 0x34, 0x2b, 0x63, 0x66, 0x00, 0x00, 0x09, 0x00, 0x00, 0x00,
  0x74, 0x6f, 0x73, 0x61, 0x5f, 0x73, 0x70, 0x65, 0x63, 0x00, 0x00, 0x00, 0x34, 0xef, 0xff, 0xff,
  0x03, 0x00, 0x00, 0x00, 0x0d, 0x00, 0x00, 0x00, 0x45, 0x74, 0x68, 0x6f, 0x73, 0x55, 0x42, 0x61,
  0x63, 0x6b, 0x65, 0x6e, 0x64, 0x00, 0x00, 0x00, 0x00, 0x00, 0x00, 0x00, 0x01, 0x00, 0x00, 0x00,
  0x04, 0x00, 0x00, 0x00, 0x8a, 0xef, 0xff, 0xff, 0x0c, 0x00, 0x00, 0x00, 0x3c, 0x00, 0x00, 0x00,
  0x3c, 0x00, 0x00, 0x00, 0x01, 0x00, 0x00, 0x00, 0x04, 0x00, 0x00, 0x00, 0x28, 0xee, 0xff, 0xff,
  0x08, 0x00, 0x00, 0x00, 0x00, 0x00, 0x00, 0x02, 0x80, 0xef, 0xff, 0xff, 0x04, 0x00, 0x00, 0x00,
  0x05, 0x00, 0x00, 0x00, 0x00, 0x00, 0x00, 0x00, 0x01, 0x00, 0x00, 0x00, 0x02, 0x00, 0x00, 0x00,
  0x03, 0x00, 0x00, 0x00, 0x04, 0x00, 0x00, 0x00, 0x00, 0x00, 0x00, 0x00, 0x00, 0x00, 0x00, 0x00,
  0x01, 0x00, 0x00, 0x00, 0x04, 0x00, 0x00, 0x00, 0x04, 0x00, 0x00, 0x00, 0x00, 0x00, 0x00, 0x00,
  0x01, 0x00, 0x00, 0x00, 0x02, 0x00, 0x00, 0x00, 0x03, 0x00, 0x00, 0x00, 0x05, 0x00, 0x00, 0x00,
  0xf0, 0x00, 0x00, 0x00, 0xb8, 0x00, 0x00, 0x00, 0x80, 0x00, 0x00, 0x00, 0x48, 0x00, 0x00, 0x00,
  0x04, 0x00, 0x00, 0x00, 0x90, 0xee, 0xff, 0xff, 0x08, 0x00, 0x00, 0x00, 0x00, 0x00, 0x00, 0x05,
  0x5a, 0xf4, 0xff, 0xff, 0x10, 0x00, 0x00, 0x00, 0x14, 0x00, 0x00, 0x00, 0x18, 0x00, 0x00, 0x00,
  0x00, 0x00, 0x00, 0x02, 0x62, 0xef, 0xff, 0xff, 0x01, 0x00, 0x00, 0x00, 0x03, 0x00, 0x00, 0x00,
  0x00, 0x01, 0x02, 0x00, 0x03, 0x00, 0x00, 0x00, 0x01, 0x00, 0x00, 0x00, 0x00, 0x08, 0x00, 0x00,
  0x04, 0x00, 0x00, 0x00, 0xd0, 0xee, 0xff, 0xff, 0x08, 0x00, 0x00, 0x00, 0x00, 0x00, 0x00, 0x05,
  0xc8, 0xee, 0xff, 0xff, 0x0c, 0x00, 0x00, 0x00, 0x10, 0x00, 0x00, 0x00, 0x00, 0x00, 0x00, 0x02,
  0x03, 0x00, 0x00, 0x00, 0x00, 0x01, 0x02, 0x00, 0x03, 0x00, 0x00, 0x00, 0x01, 0x00, 0x00, 0x00,
  0x01, 0x00, 0x00, 0x00, 0x02, 0x00, 0x00, 0x00, 0x04, 0xef, 0xff, 0xff, 0x08, 0x00, 0x00, 0x00,
  0x00, 0x00, 0x00, 0x05, 0xfc, 0xee, 0xff, 0xff, 0x0c, 0x00, 0x00, 0x00, 0x10, 0x00, 0x00, 0x00,
  0x00, 0x00, 0x00, 0x02, 0x03, 0x00, 0x00, 0x00, 0x00, 0x01, 0x02, 0x00, 0x03, 0x00, 0x00, 0x00,
  0x01, 0x00, 0x00, 0x00, 0x00, 0x08, 0x00, 0x00, 0x01, 0x00, 0x00, 0x00, 0x38, 0xef, 0xff, 0xff,
  0x08, 0x00, 0x00, 0x00, 0x00, 0x00, 0x00, 0x05, 0x30, 0xef, 0xff, 0xff, 0x0c, 0x00, 0x00, 0x00,
  0x10, 0x00, 0x00, 0x00, 0x00, 0x00, 0x00, 0x02, 0x03, 0x00, 0x00, 0x00, 0x00, 0x01, 0x02, 0x00,
  0x03, 0x00, 0x00, 0x00, 0x01, 0x00, 0x00, 0x00, 0x04, 0x00, 0x00, 0x00, 0x03, 0x00, 0x00, 0x00,
  0x6c, 0xef, 0xff, 0xff, 0x08, 0x00, 0x00, 0x00, 0x00, 0x00, 0x00, 0x05, 0x64, 0xef, 0xff, 0xff,
  0x0c, 0x00, 0x00, 0x00, 0x10, 0x00, 0x00, 0x00, 0x00, 0x00, 0x00, 0x02, 0x03, 0x00, 0x00, 0x00,
  0x00, 0x01, 0x02, 0x00, 0x03, 0x00, 0x00, 0x00, 0x01, 0x00, 0x00, 0x00, 0x00, 0x08, 0x00, 0x00,
  0x04, 0x00, 0x00, 0x00, 0x5c, 0xef, 0xff, 0xff, 0x08, 0x00, 0x00, 0x00, 0x44, 0x00, 0x00, 0x00,
  0x39, 0x00, 0x00, 0x00, 0x5b, 0x31, 0x2c, 0x20, 0x7b, 0x22, 0x74, 0x79, 0x70, 0x65, 0x22, 0x3a,
  0x20, 0x6e, 0x75, 0x6c, 0x6c, 0x2c, 0x20, 0x22, 0x63, 0x6f, 0x6e, 0x74, 0x65, 0x78, 0x74, 0x22,
  0x3a, 0x20, 0x6e, 0x75, 0x6c, 0x6c, 0x2c, 0x20, 0x22, 0x63, 0x68, 0x69, 0x6c, 0x64, 0x72, 0x65,
  0x6e, 0x5f, 0x73, 0x70, 0x65, 0x63, 0x22, 0x3a, 0x20, 0x5b, 0x5d, 0x7d, 0x5d, 0x00, 0x00, 0x00,
  0xa0, 0x01, 0x00, 0x00, 0x5b, 0x31, 0x2c, 0x20, 0x7b, 0x22, 0x74, 0x79, 0x70, 0x65, 0x22, 0x3a,
  0x20, 0x22, 0x62, 0x75, 0x69, 0x6c, 0x74, 0x69, 0x6e, 0x73, 0x2e, 0x74, 0x75, 0x70, 0x6c, 0x65,
  0x22, 0x2c, 0x20, 0x22, 0x63, 0x6f, 0x6e, 0x74, 0x65, 0x78, 0x74, 0x22, 0x3a, 0x20, 0x22, 0x6e,
  0x75, 0x6c, 0x6c, 0x22, 0x2c, 0x20, 0x22, 0x63, 0x68, 0x69, 0x6c, 0x64, 0x72, 0x65, 0x6e, 0x5f,
  0x73, 0x70, 0x65, 0x63, 0x22, 0x3a, 0x20, 0x5b, 0x7b, 0x22, 0x74, 0x79, 0x70, 0x65, 0x22, 0x3a,
  0x20, 0x22, 0x62, 0x75, 0x69, 0x6c, 0x74, 0x69, 0x6e, 0x73, 0x2e, 0x74, 0x75, 0x70, 0x6c, 0x65,
  0x22, 0x2c, 0x20, 0x22, 0x63, 0x6f, 0x6e, 0x74, 0x65, 0x78, 0x74, 0x22, 0x3a, 0x20, 0x22, 0x6e,
  0x75, 0x6c, 0x6c, 0x22, 0x2c, 0x20, 0x22, 0x63, 0x68, 0x69, 0x6c, 0x64, 0x72, 0x65, 0x6e, 0x5f,
  0x73, 0x70, 0x65, 0x63, 0x22, 0x3a, 0x20, 0x5b, 0x7b, 0x22, 0x74, 0x79, 0x70, 0x65, 0x22, 0x3a,
  0x20, 0x6e, 0x75, 0x6c, 0x6c, 0x2c, 0x20, 0x22, 0x63, 0x6f, 0x6e, 0x74, 0x65, 0x78, 0x74, 0x22,
  0x3a, 0x20, 0x6e, 0x75, 0x6c, 0x6c, 0x2c, 0x20, 0x22, 0x63, 0x68, 0x69, 0x6c, 0x64, 0x72, 0x65,
  0x6e, 0x5f, 0x73, 0x70, 0x65, 0x63, 0x22, 0x3a, 0x20, 0x5b, 0x5d, 0x7d, 0x2c, 0x20, 0x7b, 0x22,
  0x74, 0x79, 0x70, 0x65, 0x22, 0x3a, 0x20, 0x6e, 0x75, 0x6c, 0x6c, 0x2c, 0x20, 0x22, 0x63, 0x6f,
  0x6e, 0x74, 0x65, 0x78, 0x74, 0x22, 0x3a, 0x20, 0x6e, 0x75, 0x6c, 0x6c, 0x2c, 0x20, 0x22, 0x63,
  0x68, 0x69, 0x6c, 0x64, 0x72, 0x65, 0x6e, 0x5f, 0x73, 0x70, 0x65, 0x63, 0x22, 0x3a, 0x20, 0x5b,
  0x5d, 0x7d, 0x2c, 0x20, 0x7b, 0x22, 0x74, 0x79, 0x70, 0x65, 0x22, 0x3a, 0x20, 0x6e, 0x75, 0x6c,
  0x6c, 0x2c, 0x20, 0x22, 0x63, 0x6f, 0x6e, 0x74, 0x65, 0x78, 0x74, 0x22, 0x3a, 0x20, 0x6e, 0x75,
  0x6c, 0x6c, 0x2c, 0x20, 0x22, 0x63, 0x68, 0x69, 0x6c, 0x64, 0x72, 0x65, 0x6e, 0x5f, 0x73, 0x70,
  0x65, 0x63, 0x22, 0x3a, 0x20, 0x5b, 0x5d, 0x7d, 0x2c, 0x20, 0x7b, 0x22, 0x74, 0x79, 0x70, 0x65,
  0x22, 0x3a, 0x20, 0x6e, 0x75, 0x6c, 0x6c, 0x2c, 0x20, 0x22, 0x63, 0x6f, 0x6e, 0x74, 0x65, 0x78,
  0x74, 0x22, 0x3a, 0x20, 0x6e, 0x75, 0x6c, 0x6c, 0x2c, 0x20, 0x22, 0x63, 0x68, 0x69, 0x6c, 0x64,
  0x72, 0x65, 0x6e, 0x5f, 0x73, 0x70, 0x65, 0x63, 0x22, 0x3a, 0x20, 0x5b, 0x5d, 0x7d, 0x5d, 0x7d,
  0x2c, 0x20, 0x7b, 0x22, 0x74, 0x79, 0x70, 0x65, 0x22, 0x3a, 0x20, 0x22, 0x62, 0x75, 0x69, 0x6c,
  0x74, 0x69, 0x6e, 0x73, 0x2e, 0x64, 0x69, 0x63, 0x74, 0x22, 0x2c, 0x20, 0x22, 0x63, 0x6f, 0x6e,
  0x74, 0x65, 0x78, 0x74, 0x22, 0x3a, 0x20, 0x22, 0x5b, 0x5d, 0x22, 0x2c, 0x20, 0x22, 0x63, 0x68,
  0x69, 0x6c, 0x64, 0x72, 0x65, 0x6e, 0x5f, 0x73, 0x70, 0x65, 0x63, 0x22, 0x3a, 0x20, 0x5b, 0x5d,
  0x7d, 0x5d, 0x7d, 0x5d, 0x00, 0x00, 0x00, 0x00, 0x05, 0x00, 0x00, 0x00, 0x71, 0x76, 0x65, 0x72,
  0x74, 0x00, 0x00, 0x00, 0x7e, 0xf5, 0xff, 0xff, 0x24, 0x00, 0x00, 0x00, 0x34, 0x00, 0x00, 0x00,
  0x34, 0x02, 0x00, 0x00, 0x34, 0x02, 0x00, 0x00, 0x84, 0x02, 0x00, 0x00, 0x88, 0x02, 0x00, 0x00,
  0x98, 0x02, 0x00, 0x00, 0xd0, 0x03, 0x00, 0x00, 0xc0, 0x05, 0x00, 0x00, 0x02, 0x00, 0x00, 0x00,
  0x00, 0x00, 0x00, 0x00, 0x00, 0x00, 0x00, 0x00, 0x00, 0x94, 0x11, 0x00, 0x00, 0x00, 0x00, 0x00,
  0x01, 0x00, 0x00, 0x00, 0x04, 0x00, 0x00, 0x00, 0x5e, 0xf3, 0xff, 0xff, 0x0c, 0x00, 0x00, 0x00,
  0xd8, 0x01, 0x00, 0x00, 0xdc, 0x01, 0x00, 0x00, 0x05, 0x00, 0x00, 0x00, 0x90, 0x01, 0x00, 0x00,
  0x9c, 0x00, 0x00, 0x00, 0x70, 0x00, 0x00, 0x00, 0x34, 0x00, 0x00, 0x00, 0x04, 0x00, 0x00, 0x00,
  0xc8, 0xf1, 0xff, 0xff, 0x08, 0x00, 0x00, 0x00, 0x18, 0x00, 0x00, 0x00, 0x0d, 0x00, 0x00, 0x00,
  0x65, 0x74, 0x68, 0x6f, 0x73, 0x2d, 0x75, 0x38, 0x35, 0x2d, 0x32, 0x35, 0x36, 0x00, 0x00, 0x00,
  0x06, 0x00, 0x00, 0x00, 0x74, 0x61, 0x72, 0x67, 0x65, 0x74, 0x00, 0x00, 0xf4, 0xf1, 0xff, 0xff,
  0x08, 0x00, 0x00, 0x00, 0x10, 0x00, 0x00, 0x00, 0x05, 0x00, 0x00, 0x00, 0x46, 0x61, 0x6c, 0x73,
  0x65, 0x00, 0x00, 0x00, 0x18, 0x00, 0x00, 0x00, 0x70, 0x72, 0x65, 0x73, 0x65, 0x72, 0x76, 0x65,
  0x5f, 0x69, 0x6f, 0x5f, 0x71, 0x75, 0x61, 0x6e, 0x74, 0x69, 0x7a, 0x61, 0x74, 0x69, 0x6f, 0x6e,
  0x00, 0x00, 0x00, 0x00, 0x2c, 0xf2, 0xff, 0xff, 0x08, 0x00, 0x00, 0x00, 0x0c, 0x00, 0x00, 0x00,
  0x04, 0x00, 0x00, 0x00, 0x76, 0x65, 0x6c, 0x61, 0x0d, 0x00, 0x00, 0x00, 0x6f, 0x75, 0x74, 0x70,
  0x75, 0x74, 0x5f, 0x66, 0x6f, 0x72, 0x6d, 0x61, 0x74, 0x00, 0x00, 0x00, 0x54, 0xf2, 0xff, 0xff,
  0x08, 0x00, 0x00, 0x00, 0xd4, 0x00, 0x00, 0x00, 0xc9, 0x00, 0x00, 0x00, 0x2d, 0x2d, 0x61, 0x63,
  0x63, 0x65, 0x6c, 0x65, 0x72, 0x61, 0x74, 0x6f, 0x72, 0x2d, 0x63, 0x6f, 0x6e, 0x66, 0x69, 0x67,
  0x3d, 0x65, 0x74, 0x68, 0x6f, 0x73, 0x2d, 0x75, 0x38, 0x35, 0x2d, 0x32, 0x35, 0x36, 0x20, 0x2d,
  0x2d, 0x63, 0x6f, 0x6e, 0x66, 0x69, 0x67, 0x3d, 0x2f, 0x55, 0x73, 0x65, 0x72, 0x73, 0x2f, 0x6d,
  0x61, 0x74, 0x68, 0x65, 0x72, 0x30, 0x31, 0x2f, 0x4d, 0x6c, 0x6f, 0x70, 0x73, 0x2d, 0x74, 0x65,
  0x73, 0x74, 0x2f, 0x63, 0x6d, 0x73, 0x69, 0x73, 0x2d, 0x65, 0x78, 0x65, 0x63, 0x75, 0x74, 0x6f,
  0x72, 0x63, 0x68, 0x2d, 0x79, 0x6f, 0x6c, 0x6f, 0x32, 0x36, 0x2f, 0x2e, 0x63, 0x6d, 0x73, 0x69,
  0x73, 0x2f, 0x65, 0x6e, 0x73, 0x65, 0x6d, 0x62, 0x6c, 0x65, 0x5f, 0x76, 0x65, 0x6c, 0x61, 0x2e,
  0x69, 0x6e, 0x69, 0x20, 0x2d, 0x2d, 0x6f, 0x75, 0x74, 0x70, 0x75, 0x74, 0x2d, 0x66, 0x6f, 0x72,
  0x6d, 0x61, 0x74, 0x3d, 0x72, 0x61, 0x77, 0x20, 0x2d, 0x2d, 0x73, 0x79, 0x73, 0x74, 0x65, 0x6d,
  0x2d, 0x63, 0x6f, 0x6e, 0x66, 0x69, 0x67, 0x3d, 0x45, 0x74, 0x68, 0x6f, 0x73, 0x5f, 0x55, 0x38,
  0x35, 0x5f, 0x53, 0x52, 0x41, 0x4d, 0x5f, 0x4d, 0x52, 0x41, 0x4d, 0x20, 0x2d, 0x2d, 0x6d, 0x65,
  0x6d, 0x6f, 0x72, 0x79, 0x2d, 0x6d, 0x6f, 0x64, 0x65, 0x3d, 0x53, 0x68, 0x61, 0x72, 0x65, 0x64,
  0x5f, 0x53, 0x72, 0x61, 0x6d, 0x00, 0x00, 0x00, 0x0d, 0x00, 0x00, 0x00, 0x63, 0x6f, 0x6d, 0x70,
  0x69, 0x6c, 0x65, 0x5f, 0x66, 0x6c, 0x61, 0x67, 0x73, 0x00, 0x00, 0x00, 0x44, 0xf3, 0xff, 0xff,
  0x08, 0x00, 0x00, 0x00, 0x24, 0x00, 0x00, 0x00, 0x1a, 0x00, 0x00, 0x00, 0x54, 0x4f, 0x53, 0x41,
  0x2d, 0x31, 0x2e, 0x30, 0x2b, 0x49, 0x4e, 0x54, 0x2b, 0x69, 0x6e, 0x74, 0x31, 0x36, 0x2b, 0x69,
  0x6e, 0x74, 0x34, 0x2b, 0x63, 0x66, 0x00, 0x00, 0x09, 0x00, 0x00, 0x00, 0x74, 0x6f, 0x73, 0x61,
  0x5f, 0x73, 0x70, 0x65, 0x63, 0x00, 0x00, 0x00, 0x10, 0xf5, 0xff, 0xff, 0x02, 0x00, 0x00, 0x00,
  0x0d, 0x00, 0x00, 0x00, 0x45, 0x74, 0x68, 0x6f, 0x73, 0x55, 0x42, 0x61, 0x63, 0x6b, 0x65, 0x6e,
  0x64, 0x00, 0x00, 0x00, 0x00, 0x00, 0x00, 0x00, 0x01, 0x00, 0x00, 0x00, 0x04, 0x00, 0x00, 0x00,
  0x66, 0xf5, 0xff, 0xff, 0x0c, 0x00, 0x00, 0x00, 0x3c, 0x00, 0x00, 0x00, 0x3c, 0x00, 0x00, 0x00,
  0x01, 0x00, 0x00, 0x00, 0x04, 0x00, 0x00, 0x00, 0x04, 0xf4, 0xff, 0xff, 0x08, 0x00, 0x00, 0x00,
  0x00, 0x00, 0x00, 0x02, 0x5c, 0xf5, 0xff, 0xff, 0x04, 0x00, 0x00, 0x00, 0x05, 0x00, 0x00, 0x00,
  0x00, 0x00, 0x00, 0x00, 0x01, 0x00, 0x00, 0x00, 0x02, 0x00, 0x00, 0x00, 0x03, 0x00, 0x00, 0x00,
  0x04, 0x00, 0x00, 0x00, 0x00, 0x00, 0x00, 0x00, 0x00, 0x00, 0x00, 0x00, 0x01, 0x00, 0x00, 0x00,
  0x04, 0x00, 0x00, 0x00, 0x04, 0x00, 0x00, 0x00, 0x00, 0x00, 0x00, 0x00, 0x01, 0x00, 0x00, 0x00,
  0x02, 0x00, 0x00, 0x00, 0x03, 0x00, 0x00, 0x00, 0x05, 0x00, 0x00, 0x00, 0x00, 0x01, 0x00, 0x00,
  0xc4, 0x00, 0x00, 0x00, 0x88, 0x00, 0x00, 0x00, 0x4c, 0x00, 0x00, 0x00, 0x04, 0x00, 0x00, 0x00,
  0x6c, 0xf4, 0xff, 0xff, 0x08, 0x00, 0x00, 0x00, 0x00, 0x00, 0x00, 0x05, 0x36, 0xfa, 0xff, 0xff,
  0x10, 0x00, 0x00, 0x00, 0x14, 0x00, 0x00, 0x00, 0x18, 0x00, 0x00, 0x00, 0x00, 0x00, 0x00, 0x01,
  0x3e, 0xf5, 0xff, 0xff, 0x01, 0x00, 0x00, 0x00, 0x04, 0x00, 0x00, 0x00, 0x00, 0x01, 0x02, 0x03,
  0x04, 0x00, 0x00, 0x00, 0x01, 0x00, 0x00, 0x00, 0x20, 0x03, 0x00, 0x00, 0xe0, 0x01, 0x00, 0x00,
  0x03, 0x00, 0x00, 0x00, 0xb0, 0xf4, 0xff, 0xff, 0x08, 0x00, 0x00, 0x00, 0x00, 0x00, 0x00, 0x05,
  0xa8, 0xf4, 0xff, 0xff, 0x0c, 0x00, 0x00, 0x00, 0x10, 0x00, 0x00, 0x00, 0x00, 0x00, 0x00, 0x01,
  0x04, 0x00, 0x00, 0x00, 0x00, 0x01, 0x02, 0x03, 0x04, 0x00, 0x00, 0x00, 0x01, 0x00, 0x00, 0x00,
  0x03, 0x00, 0x00, 0x00, 0x01, 0x00, 0x00, 0x00, 0x01, 0x00, 0x00, 0x00, 0xe8, 0xf4, 0xff, 0xff,
  0x08, 0x00, 0x00, 0x00, 0x00, 0x00, 0x00, 0x05, 0xe0, 0xf4, 0xff, 0xff, 0x0c, 0x00, 0x00, 0x00,
  0x10, 0x00, 0x00, 0x00, 0x00, 0x00, 0x00, 0x01, 0x04, 0x00, 0x00, 0x00, 0x00, 0x01, 0x02, 0x03,
  0x04, 0x00, 0x00, 0x00, 0x01, 0x00, 0x00, 0x00, 0x03, 0x00, 0x00, 0x00, 0x01, 0x00, 0x00, 0x00,
  0x01, 0x00, 0x00, 0x00, 0x20, 0xf5, 0xff, 0xff, 0x08, 0x00, 0x00, 0x00, 0x00, 0x00, 0x00, 0x05,
  0x18, 0xf5, 0xff, 0xff, 0x0c, 0x00, 0x00, 0x00, 0x10, 0x00, 0x00, 0x00, 0x00, 0x00, 0x00, 0x01,
  0x04, 0x00, 0x00, 0x00, 0x00, 0x01, 0x02, 0x03, 0x04, 0x00, 0x00, 0x00, 0x01, 0x00, 0x00, 0x00,
  0x01, 0x00, 0x00, 0x00, 0xf0, 0x00, 0x00, 0x00, 0x90, 0x01, 0x00, 0x00, 0x58, 0xf5, 0xff, 0xff,
  0x08, 0x00, 0x00, 0x00, 0x00, 0x00, 0x00, 0x05, 0x50, 0xf5, 0xff, 0xff, 0x0c, 0x00, 0x00, 0x00,
  0x10, 0x00, 0x00, 0x00, 0x00, 0x00, 0x00, 0x01, 0x04, 0x00, 0x00, 0x00, 0x00, 0x01, 0x02, 0x03,
  0x04, 0x00, 0x00, 0x00, 0x01, 0x00, 0x00, 0x00, 0x03, 0x00, 0x00, 0x00, 0xf0, 0x00, 0x00, 0x00,
  0x90, 0x01, 0x00, 0x00, 0x4c, 0xf5, 0xff, 0xff, 0x08, 0x00, 0x00, 0x00, 0x44, 0x00, 0x00, 0x00,
  0x39, 0x00, 0x00, 0x00, 0x5b, 0x31, 0x2c, 0x20, 0x7b, 0x22, 0x74, 0x79, 0x70, 0x65, 0x22, 0x3a,
  0x20, 0x6e, 0x75, 0x6c, 0x6c, 0x2c, 0x20, 0x22, 0x63, 0x6f, 0x6e, 0x74, 0x65, 0x78, 0x74, 0x22,
  0x3a, 0x20, 0x6e, 0x75, 0x6c, 0x6c, 0x2c, 0x20, 0x22, 0x63, 0x68, 0x69, 0x6c, 0x64, 0x72, 0x65,
  0x6e, 0x5f, 0x73, 0x70, 0x65, 0x63, 0x22, 0x3a, 0x20, 0x5b, 0x5d, 0x7d, 0x5d, 0x00, 0x00, 0x00,
  0xa0, 0x01, 0x00, 0x00, 0x5b, 0x31, 0x2c, 0x20, 0x7b, 0x22, 0x74, 0x79, 0x70, 0x65, 0x22, 0x3a,
  0x20, 0x22, 0x62, 0x75, 0x69, 0x6c, 0x74, 0x69, 0x6e, 0x73, 0x2e, 0x74, 0x75, 0x70, 0x6c, 0x65,
  0x22, 0x2c, 0x20, 0x22, 0x63, 0x6f, 0x6e, 0x74, 0x65, 0x78, 0x74, 0x22, 0x3a, 0x20, 0x22, 0x6e,
  0x75, 0x6c, 0x6c, 0x22, 0x2c, 0x20, 0x22, 0x63, 0x68, 0x69, 0x6c, 0x64, 0x72, 0x65, 0x6e, 0x5f,
  0x73, 0x70, 0x65, 0x63, 0x22, 0x3a, 0x20, 0x5b, 0x7b, 0x22, 0x74, 0x79, 0x70, 0x65, 0x22, 0x3a,
  0x20, 0x22, 0x62, 0x75, 0x69, 0x6c, 0x74, 0x69, 0x6e, 0x73, 0x2e, 0x74, 0x75, 0x70, 0x6c, 0x65,
  0x22, 0x2c, 0x20, 0x22, 0x63, 0x6f, 0x6e, 0x74, 0x65, 0x78, 0x74, 0x22, 0x3a, 0x20, 0x22, 0x6e,
  0x75, 0x6c, 0x6c, 0x22, 0x2c, 0x20, 0x22, 0x63, 0x68, 0x69, 0x6c, 0x64, 0x72, 0x65, 0x6e, 0x5f,
  0x73, 0x70, 0x65, 0x63, 0x22, 0x3a, 0x20, 0x5b, 0x7b, 0x22, 0x74, 0x79, 0x70, 0x65, 0x22, 0x3a,
  0x20, 0x6e, 0x75, 0x6c, 0x6c, 0x2c, 0x20, 0x22, 0x63, 0x6f, 0x6e, 0x74, 0x65, 0x78, 0x74, 0x22,
  0x3a, 0x20, 0x6e, 0x75, 0x6c, 0x6c, 0x2c, 0x20, 0x22, 0x63, 0x68, 0x69, 0x6c, 0x64, 0x72, 0x65,
  0x6e, 0x5f, 0x73, 0x70, 0x65, 0x63, 0x22, 0x3a, 0x20, 0x5b, 0x5d, 0x7d, 0x2c, 0x20, 0x7b, 0x22,
  0x74, 0x79, 0x70, 0x65, 0x22, 0x3a, 0x20, 0x6e, 0x75, 0x6c, 0x6c, 0x2c, 0x20, 0x22, 0x63, 0x6f,
  0x6e, 0x74, 0x65, 0x78, 0x74, 0x22, 0x3a, 0x20, 0x6e, 0x75, 0x6c, 0x6c, 0x2c, 0x20, 0x22, 0x63,
  0x68, 0x69, 0x6c, 0x64, 0x72, 0x65, 0x6e, 0x5f, 0x73, 0x70, 0x65, 0x63, 0x22, 0x3a, 0x20, 0x5b,
  0x5d, 0x7d, 0x2c, 0x20, 0x7b, 0x22, 0x74, 0x79, 0x70, 0x65, 0x22, 0x3a, 0x20, 0x6e, 0x75, 0x6c,
  0x6c, 0x2c, 0x20, 0x22, 0x63, 0x6f, 0x6e, 0x74, 0x65, 0x78, 0x74, 0x22, 0x3a, 0x20, 0x6e, 0x75,
  0x6c, 0x6c, 0x2c, 0x20, 0x22, 0x63, 0x68, 0x69, 0x6c, 0x64, 0x72, 0x65, 0x6e, 0x5f, 0x73, 0x70,
  0x65, 0x63, 0x22, 0x3a, 0x20, 0x5b, 0x5d, 0x7d, 0x2c, 0x20, 0x7b, 0x22, 0x74, 0x79, 0x70, 0x65,
  0x22, 0x3a, 0x20, 0x6e, 0x75, 0x6c, 0x6c, 0x2c, 0x20, 0x22, 0x63, 0x6f, 0x6e, 0x74, 0x65, 0x78,
  0x74, 0x22, 0x3a, 0x20, 0x6e, 0x75, 0x6c, 0x6c, 0x2c, 0x20, 0x22, 0x63, 0x68, 0x69, 0x6c, 0x64,
  0x72, 0x65, 0x6e, 0x5f, 0x73, 0x70, 0x65, 0x63, 0x22, 0x3a, 0x20, 0x5b, 0x5d, 0x7d, 0x5d, 0x7d,
  0x2c, 0x20, 0x7b, 0x22, 0x74, 0x79, 0x70, 0x65, 0x22, 0x3a, 0x20, 0x22, 0x62, 0x75, 0x69, 0x6c,
  0x74, 0x69, 0x6e, 0x73, 0x2e, 0x64, 0x69, 0x63, 0x74, 0x22, 0x2c, 0x20, 0x22, 0x63, 0x6f, 0x6e,
  0x74, 0x65, 0x78, 0x74, 0x22, 0x3a, 0x20, 0x22, 0x5b, 0x5d, 0x22, 0x2c, 0x20, 0x22, 0x63, 0x68,
  0x69, 0x6c, 0x64, 0x72, 0x65, 0x6e, 0x5f, 0x73, 0x70, 0x65, 0x63, 0x22, 0x3a, 0x20, 0x5b, 0x5d,
  0x7d, 0x5d, 0x7d, 0x5d, 0x00, 0x00, 0x00, 0x00, 0x06, 0x00, 0x00, 0x00, 0x71, 0x73, 0x68, 0x61,
  0x64, 0x65, 0x00, 0x00, 0x6e, 0xfb, 0xff, 0xff, 0x24, 0x00, 0x00, 0x00, 0x34, 0x00, 0x00, 0x00,
  0x34, 0x02, 0x00, 0x00, 0x34, 0x02, 0x00, 0x00, 0x78, 0x02, 0x00, 0x00, 0x7c, 0x02, 0x00, 0x00,
  0x80, 0x02, 0x00, 0x00, 0x14, 0x03, 0x00, 0x00, 0x60, 0x04, 0x00, 0x00, 0x02, 0x00, 0x00, 0x00,
  0x00, 0x00, 0x00, 0x00, 0x00, 0x00, 0x00, 0x00, 0x00, 0x94, 0x11, 0x00, 0x00, 0x00, 0x00, 0x00,
  0x01, 0x00, 0x00, 0x00, 0x04, 0x00, 0x00, 0x00, 0x4e, 0xf9, 0xff, 0xff, 0x0c, 0x00, 0x00, 0x00,
  0xd8, 0x01, 0x00, 0x00, 0xdc, 0x01, 0x00, 0x00, 0x05, 0x00, 0x00, 0x00, 0x90, 0x01, 0x00, 0x00,
  0x9c, 0x00, 0x00, 0x00, 0x70, 0x00, 0x00, 0x00, 0x34, 0x00, 0x00, 0x00, 0x04, 0x00, 0x00, 0x00,
  0xb8, 0xf7, 0xff, 0xff, 0x08, 0x00, 0x00, 0x00, 0x18, 0x00, 0x00, 0x00, 0x0d, 0x00, 0x00, 0x00,
  0x65, 0x74, 0x68, 0x6f, 0x73, 0x2d, 0x75, 0x38, 0x35, 0x2d, 0x32, 0x35, 0x36, 0x00, 0x00, 0x00,
  0x06, 0x00, 0x00, 0x00, 0x74, 0x61, 0x72, 0x67, 0x65, 0x74, 0x00, 0x00, 0xe4, 0xf7, 0xff, 0xff,
  0x08, 0x00, 0x00, 0x00, 0x10, 0x00, 0x00, 0x00, 0x05, 0x00, 0x00, 0x00, 0x46, 0x61, 0x6c, 0x73,
  0x65, 0x00, 0x00, 0x00, 0x18, 0x00, 0x00, 0x00, 0x70, 0x72, 0x65, 0x73, 0x65, 0x72, 0x76, 0x65,
  0x5f, 0x69, 0x6f, 0x5f, 0x71, 0x75, 0x61, 0x6e, 0x74, 0x69, 0x7a, 0x61, 0x74, 0x69, 0x6f, 0x6e,
  0x00, 0x00, 0x00, 0x00, 0x1c, 0xf8, 0xff, 0xff, 0x08, 0x00, 0x00, 0x00, 0x0c, 0x00, 0x00, 0x00,
  0x04, 0x00, 0x00, 0x00, 0x76, 0x65, 0x6c, 0x61, 0x0d, 0x00, 0x00, 0x00, 0x6f, 0x75, 0x74, 0x70,
  0x75, 0x74, 0x5f, 0x66, 0x6f, 0x72, 0x6d, 0x61, 0x74, 0x00, 0x00, 0x00, 0x44, 0xf8, 0xff, 0xff,
  0x08, 0x00, 0x00, 0x00, 0xd4, 0x00, 0x00, 0x00, 0xc9, 0x00, 0x00, 0x00, 0x2d, 0x2d, 0x61, 0x63,
  0x63, 0x65, 0x6c, 0x65, 0x72, 0x61, 0x74, 0x6f, 0x72, 0x2d, 0x63, 0x6f, 0x6e, 0x66, 0x69, 0x67,
  0x3d, 0x65, 0x74, 0x68, 0x6f, 0x73, 0x2d, 0x75, 0x38, 0x35, 0x2d, 0x32, 0x35, 0x36, 0x20, 0x2d,
  0x2d, 0x63, 0x6f, 0x6e, 0x66, 0x69, 0x67, 0x3d, 0x2f, 0x55, 0x73, 0x65, 0x72, 0x73, 0x2f, 0x6d,
  0x61, 0x74, 0x68, 0x65, 0x72, 0x30, 0x31, 0x2f, 0x4d, 0x6c, 0x6f, 0x70, 0x73, 0x2d, 0x74, 0x65,
  0x73, 0x74, 0x2f, 0x63, 0x6d, 0x73, 0x69, 0x73, 0x2d, 0x65, 0x78, 0x65, 0x63, 0x75, 0x74, 0x6f,
  0x72, 0x63, 0x68, 0x2d, 0x79, 0x6f, 0x6c, 0x6f, 0x32, 0x36, 0x2f, 0x2e, 0x63, 0x6d, 0x73, 0x69,
  0x73, 0x2f, 0x65, 0x6e, 0x73, 0x65, 0x6d, 0x62, 0x6c, 0x65, 0x5f, 0x76, 0x65, 0x6c, 0x61, 0x2e,
  0x69, 0x6e, 0x69, 0x20, 0x2d, 0x2d, 0x6f, 0x75, 0x74, 0x70, 0x75, 0x74, 0x2d, 0x66, 0x6f, 0x72,
  0x6d, 0x61, 0x74, 0x3d, 0x72, 0x61, 0x77, 0x20, 0x2d, 0x2d, 0x73, 0x79, 0x73, 0x74, 0x65, 0x6d,
  0x2d, 0x63, 0x6f, 0x6e, 0x66, 0x69, 0x67, 0x3d, 0x45, 0x74, 0x68, 0x6f, 0x73, 0x5f, 0x55, 0x38,
  0x35, 0x5f, 0x53, 0x52, 0x41, 0x4d, 0x5f, 0x4d, 0x52, 0x41, 0x4d, 0x20, 0x2d, 0x2d, 0x6d, 0x65,
  0x6d, 0x6f, 0x72, 0x79, 0x2d, 0x6d, 0x6f, 0x64, 0x65, 0x3d, 0x53, 0x68, 0x61, 0x72, 0x65, 0x64,
  0x5f, 0x53, 0x72, 0x61, 0x6d, 0x00, 0x00, 0x00, 0x0d, 0x00, 0x00, 0x00, 0x63, 0x6f, 0x6d, 0x70,
  0x69, 0x6c, 0x65, 0x5f, 0x66, 0x6c, 0x61, 0x67, 0x73, 0x00, 0x00, 0x00, 0x34, 0xf9, 0xff, 0xff,
  0x08, 0x00, 0x00, 0x00, 0x24, 0x00, 0x00, 0x00, 0x1a, 0x00, 0x00, 0x00, 0x54, 0x4f, 0x53, 0x41,
  0x2d, 0x31, 0x2e, 0x30, 0x2b, 0x49, 0x4e, 0x54, 0x2b, 0x69, 0x6e, 0x74, 0x31, 0x36, 0x2b, 0x69,
  0x6e, 0x74, 0x34, 0x2b, 0x63, 0x66, 0x00, 0x00, 0x09, 0x00, 0x00, 0x00, 0x74, 0x6f, 0x73, 0x61,
  0x5f, 0x73, 0x70, 0x65, 0x63, 0x00, 0x00, 0x00, 0x00, 0xfb, 0xff, 0xff, 0x01, 0x00, 0x00, 0x00,
  0x0d, 0x00, 0x00, 0x00, 0x45, 0x74, 0x68, 0x6f, 0x73, 0x55, 0x42, 0x61, 0x63, 0x6b, 0x65, 0x6e,
  0x64, 0x00, 0x00, 0x00, 0x00, 0x00, 0x00, 0x00, 0x01, 0x00, 0x00, 0x00, 0x04, 0x00, 0x00, 0x00,
  0x56, 0xfb, 0xff, 0xff, 0x0c, 0x00, 0x00, 0x00, 0x30, 0x00, 0x00, 0x00, 0x30, 0x00, 0x00, 0x00,
  0x01, 0x00, 0x00, 0x00, 0x04, 0x00, 0x00, 0x00, 0xf4, 0xf9, 0xff, 0xff, 0x08, 0x00, 0x00, 0x00,
  0x00, 0x00, 0x00, 0x02, 0x4c, 0xfb, 0xff, 0xff, 0x04, 0x00, 0x00, 0x00, 0x02, 0x00, 0x00, 0x00,
  0x00, 0x00, 0x00, 0x00, 0x01, 0x00, 0x00, 0x00, 0x00, 0x00, 0x00, 0x00, 0x00, 0x00, 0x00, 0x00,
  0x01, 0x00, 0x00, 0x00, 0x01, 0x00, 0x00, 0x00, 0x01, 0x00, 0x00, 0x00, 0x00, 0x00, 0x00, 0x00,
  0x02, 0x00, 0x00, 0x00, 0x5c, 0x00, 0x00, 0x00, 0x04, 0x00, 0x00, 0x00, 0x20, 0xfb, 0xff, 0xff,
  0x18, 0x00, 0x00, 0x00, 0x00, 0x05, 0x12, 0x00, 0x14, 0x00, 0x13, 0x00, 0x00, 0x00, 0x0c, 0x00,
  0x08, 0x00, 0x00, 0x00, 0x00, 0x00, 0x04, 0x00, 0x12, 0x00, 0x00, 0x00, 0x10, 0x00, 0x00, 0x00,
  0x14, 0x00, 0x00, 0x00, 0x18, 0x00, 0x00, 0x00, 0x00, 0x00, 0x00, 0x01, 0x1a, 0xfb, 0xff, 0xff,
  0x01, 0x00, 0x00, 0x00, 0x04, 0x00, 0x00, 0x00, 0x00, 0x01, 0x02, 0x03, 0x04, 0x00, 0x00, 0x00,
  0x01, 0x00, 0x00, 0x00, 0x20, 0x03, 0x00, 0x00, 0xe0, 0x01, 0x00, 0x00, 0x03, 0x00, 0x00, 0x00,
  0x8c, 0xfa, 0xff, 0xff, 0x08, 0x00, 0x00, 0x00, 0x00, 0x00, 0x00, 0x05, 0x84, 0xfa, 0xff, 0xff,
  0x0c, 0x00, 0x00, 0x00, 0x10, 0x00, 0x00, 0x00, 0x00, 0x00, 0x00, 0x01, 0x04, 0x00, 0x00, 0x00,
  0x00, 0x01, 0x02, 0x03, 0x04, 0x00, 0x00, 0x00, 0x01, 0x00, 0x00, 0x00, 0x03, 0x00, 0x00, 0x00,
  0xf0, 0x00, 0x00, 0x00, 0x90, 0x01, 0x00, 0x00, 0x80, 0xfa, 0xff, 0xff, 0x08, 0x00, 0x00, 0x00,
  0x44, 0x00, 0x00, 0x00, 0x39, 0x00, 0x00, 0x00, 0x5b, 0x31, 0x2c, 0x20, 0x7b, 0x22, 0x74, 0x79,
  0x70, 0x65, 0x22, 0x3a, 0x20, 0x6e, 0x75, 0x6c, 0x6c, 0x2c, 0x20, 0x22, 0x63, 0x6f, 0x6e, 0x74,
  0x65, 0x78, 0x74, 0x22, 0x3a, 0x20, 0x6e, 0x75, 0x6c, 0x6c, 0x2c, 0x20, 0x22, 0x63, 0x68, 0x69,
  0x6c, 0x64, 0x72, 0x65, 0x6e, 0x5f, 0x73, 0x70, 0x65, 0x63, 0x22, 0x3a, 0x20, 0x5b, 0x5d, 0x7d,
  0x5d, 0x00, 0x00, 0x00, 0xfe, 0x00, 0x00, 0x00, 0x5b, 0x31, 0x2c, 0x20, 0x7b, 0x22, 0x74, 0x79,
  0x70, 0x65, 0x22, 0x3a, 0x20, 0x22, 0x62, 0x75, 0x69, 0x6c, 0x74, 0x69, 0x6e, 0x73, 0x2e, 0x74,
  0x75, 0x70, 0x6c, 0x65, 0x22, 0x2c, 0x20, 0x22, 0x63, 0x6f, 0x6e, 0x74, 0x65, 0x78, 0x74, 0x22,
  0x3a, 0x20, 0x22, 0x6e, 0x75, 0x6c, 0x6c, 0x22, 0x2c, 0x20, 0x22, 0x63, 0x68, 0x69, 0x6c, 0x64,
  0x72, 0x65, 0x6e, 0x5f, 0x73, 0x70, 0x65, 0x63, 0x22, 0x3a, 0x20, 0x5b, 0x7b, 0x22, 0x74, 0x79,
  0x70, 0x65, 0x22, 0x3a, 0x20, 0x22, 0x62, 0x75, 0x69, 0x6c, 0x74, 0x69, 0x6e, 0x73, 0x2e, 0x74,
  0x75, 0x70, 0x6c, 0x65, 0x22, 0x2c, 0x20, 0x22, 0x63, 0x6f, 0x6e, 0x74, 0x65, 0x78, 0x74, 0x22,
  0x3a, 0x20, 0x22, 0x6e, 0x75, 0x6c, 0x6c, 0x22, 0x2c, 0x20, 0x22, 0x63, 0x68, 0x69, 0x6c, 0x64,
  0x72, 0x65, 0x6e, 0x5f, 0x73, 0x70, 0x65, 0x63, 0x22, 0x3a, 0x20, 0x5b, 0x7b, 0x22, 0x74, 0x79,
  0x70, 0x65, 0x22, 0x3a, 0x20, 0x6e, 0x75, 0x6c, 0x6c, 0x2c, 0x20, 0x22, 0x63, 0x6f, 0x6e, 0x74,
  0x65, 0x78, 0x74, 0x22, 0x3a, 0x20, 0x6e, 0x75, 0x6c, 0x6c, 0x2c, 0x20, 0x22, 0x63, 0x68, 0x69,
  0x6c, 0x64, 0x72, 0x65, 0x6e, 0x5f, 0x73, 0x70, 0x65, 0x63, 0x22, 0x3a, 0x20, 0x5b, 0x5d, 0x7d,
  0x5d, 0x7d, 0x2c, 0x20, 0x7b, 0x22, 0x74, 0x79, 0x70, 0x65, 0x22, 0x3a, 0x20, 0x22, 0x62, 0x75,
  0x69, 0x6c, 0x74, 0x69, 0x6e, 0x73, 0x2e, 0x64, 0x69, 0x63, 0x74, 0x22, 0x2c, 0x20, 0x22, 0x63,
  0x6f, 0x6e, 0x74, 0x65, 0x78, 0x74, 0x22, 0x3a, 0x20, 0x22, 0x5b, 0x5d, 0x22, 0x2c, 0x20, 0x22,
  0x63, 0x68, 0x69, 0x6c, 0x64, 0x72, 0x65, 0x6e, 0x5f, 0x73, 0x70, 0x65, 0x63, 0x22, 0x3a, 0x20,
  0x5b, 0x5d, 0x7d, 0x5d, 0x7d, 0x5d, 0x00, 0x00, 0x08, 0x00, 0x00, 0x00, 0x71, 0x70, 0x72, 0x65,
  0x73, 0x65, 0x6e, 0x74, 0x00, 0x00, 0x16, 0x00, 0x28, 0x00, 0x24, 0x00, 0x20, 0x00, 0x1c, 0x00,
  0x18, 0x00, 0x14, 0x00, 0x10, 0x00, 0x0c, 0x00, 0x08, 0x00, 0x04, 0x00, 0x16, 0x00, 0x00, 0x00,
  0x24, 0x00, 0x00, 0x00, 0x34, 0x00, 0x00, 0x00, 0x34, 0x02, 0x00, 0x00, 0x34, 0x02, 0x00, 0x00,
  0x98, 0x02, 0x00, 0x00, 0x9c, 0x02, 0x00, 0x00, 0xac, 0x02, 0x00, 0x00, 0xf4, 0x03, 0x00, 0x00,
  0xe4, 0x05, 0x00, 0x00, 0x02, 0x00, 0x00, 0x00, 0x00, 0x00, 0x00, 0x00, 0x00, 0x00, 0x00, 0x00,
  0x00, 0x94, 0x11, 0x00, 0x00, 0x00, 0x00, 0x00, 0x01, 0x00, 0x00, 0x00, 0x04, 0x00, 0x00, 0x00,
  0xf6, 0xfd, 0xff, 0xff, 0x0c, 0x00, 0x00, 0x00, 0xdc, 0x01, 0x00, 0x00, 0xdc, 0x01, 0x00, 0x00,
  0x05, 0x00, 0x00, 0x00, 0x90, 0x01, 0x00, 0x00, 0x9c, 0x00, 0x00, 0x00, 0x70, 0x00, 0x00, 0x00,
  0x34, 0x00, 0x00, 0x00, 0x04, 0x00, 0x00, 0x00, 0x60, 0xfc, 0xff, 0xff, 0x08, 0x00, 0x00, 0x00,
  0x18, 0x00, 0x00, 0x00, 0x0d, 0x00, 0x00, 0x00, 0x65, 0x74, 0x68, 0x6f, 0x73, 0x2d, 0x75, 0x38,
  0x35, 0x2d, 0x32, 0x35, 0x36, 0x00, 0x00, 0x00, 0x06, 0x00, 0x00, 0x00, 0x74, 0x61, 0x72, 0x67,
  0x65, 0x74, 0x00, 0x00, 0x8c, 0xfc, 0xff, 0xff, 0x08, 0x00, 0x00, 0x00, 0x10, 0x00, 0x00, 0x00,
  0x05, 0x00, 0x00, 0x00, 0x46, 0x61, 0x6c, 0x73, 0x65, 0x00, 0x00, 0x00, 0x18, 0x00, 0x00, 0x00,
  0x70, 0x72, 0x65, 0x73, 0x65, 0x72, 0x76, 0x65, 0x5f, 0x69, 0x6f, 0x5f, 0x71, 0x75, 0x61, 0x6e,
  0x74, 0x69, 0x7a, 0x61, 0x74, 0x69, 0x6f, 0x6e, 0x00, 0x00, 0x00, 0x00, 0xc4, 0xfc, 0xff, 0xff,
  0x08, 0x00, 0x00, 0x00, 0x0c, 0x00, 0x00, 0x00, 0x04, 0x00, 0x00, 0x00, 0x76, 0x65, 0x6c, 0x61,
  0x0d, 0x00, 0x00, 0x00, 0x6f, 0x75, 0x74, 0x70, 0x75, 0x74, 0x5f, 0x66, 0x6f, 0x72, 0x6d, 0x61,
  0x74, 0x00, 0x00, 0x00, 0xec, 0xfc, 0xff, 0xff, 0x08, 0x00, 0x00, 0x00, 0xd4, 0x00, 0x00, 0x00,
  0xc9, 0x00, 0x00, 0x00, 0x2d, 0x2d, 0x61, 0x63, 0x63, 0x65, 0x6c, 0x65, 0x72, 0x61, 0x74, 0x6f,
  0x72, 0x2d, 0x63, 0x6f, 0x6e, 0x66, 0x69, 0x67, 0x3d, 0x65, 0x74, 0x68, 0x6f, 0x73, 0x2d, 0x75,
  0x38, 0x35, 0x2d, 0x32, 0x35, 0x36, 0x20, 0x2d, 0x2d, 0x63, 0x6f, 0x6e, 0x66, 0x69, 0x67, 0x3d,
  0x2f, 0x55, 0x73, 0x65, 0x72, 0x73, 0x2f, 0x6d, 0x61, 0x74, 0x68, 0x65, 0x72, 0x30, 0x31, 0x2f,
  0x4d, 0x6c, 0x6f, 0x70, 0x73, 0x2d, 0x74, 0x65, 0x73, 0x74, 0x2f, 0x63, 0x6d, 0x73, 0x69, 0x73,
  0x2d, 0x65, 0x78, 0x65, 0x63, 0x75, 0x74, 0x6f, 0x72, 0x63, 0x68, 0x2d, 0x79, 0x6f, 0x6c, 0x6f,
  0x32, 0x36, 0x2f, 0x2e, 0x63, 0x6d, 0x73, 0x69, 0x73, 0x2f, 0x65, 0x6e, 0x73, 0x65, 0x6d, 0x62,
  0x6c, 0x65, 0x5f, 0x76, 0x65, 0x6c, 0x61, 0x2e, 0x69, 0x6e, 0x69, 0x20, 0x2d, 0x2d, 0x6f, 0x75,
  0x74, 0x70, 0x75, 0x74, 0x2d, 0x66, 0x6f, 0x72, 0x6d, 0x61, 0x74, 0x3d, 0x72, 0x61, 0x77, 0x20,
  0x2d, 0x2d, 0x73, 0x79, 0x73, 0x74, 0x65, 0x6d, 0x2d, 0x63, 0x6f, 0x6e, 0x66, 0x69, 0x67, 0x3d,
  0x45, 0x74, 0x68, 0x6f, 0x73, 0x5f, 0x55, 0x38, 0x35, 0x5f, 0x53, 0x52, 0x41, 0x4d, 0x5f, 0x4d,
  0x52, 0x41, 0x4d, 0x20, 0x2d, 0x2d, 0x6d, 0x65, 0x6d, 0x6f, 0x72, 0x79, 0x2d, 0x6d, 0x6f, 0x64,
  0x65, 0x3d, 0x53, 0x68, 0x61, 0x72, 0x65, 0x64, 0x5f, 0x53, 0x72, 0x61, 0x6d, 0x00, 0x00, 0x00,
  0x0d, 0x00, 0x00, 0x00, 0x63, 0x6f, 0x6d, 0x70, 0x69, 0x6c, 0x65, 0x5f, 0x66, 0x6c, 0x61, 0x67,
  0x73, 0x00, 0x00, 0x00, 0xdc, 0xfd, 0xff, 0xff, 0x08, 0x00, 0x00, 0x00, 0x24, 0x00, 0x00, 0x00,
  0x1a, 0x00, 0x00, 0x00, 0x54, 0x4f, 0x53, 0x41, 0x2d, 0x31, 0x2e, 0x30, 0x2b, 0x49, 0x4e, 0x54,
  0x2b, 0x69, 0x6e, 0x74, 0x31, 0x36, 0x2b, 0x69, 0x6e, 0x74, 0x34, 0x2b, 0x63, 0x66, 0x00, 0x00,
  0x09, 0x00, 0x00, 0x00, 0x74, 0x6f, 0x73, 0x61, 0x5f, 0x73, 0x70, 0x65, 0x63, 0x00, 0x00, 0x00,
  0x04, 0x00, 0x04, 0x00, 0x04, 0x00, 0x00, 0x00, 0x0d, 0x00, 0x00, 0x00, 0x45, 0x74, 0x68, 0x6f,
  0x73, 0x55, 0x42, 0x61, 0x63, 0x6b, 0x65, 0x6e, 0x64, 0x00, 0x00, 0x00, 0x00, 0x00, 0x00, 0x00,
  0x01, 0x00, 0x00, 0x00, 0x10, 0x00, 0x00, 0x00, 0x00, 0x00, 0x0a, 0x00, 0x10, 0x00, 0x0c, 0x00,
  0x08, 0x00, 0x04, 0x00, 0x0a, 0x00, 0x00, 0x00, 0x0c, 0x00, 0x00, 0x00, 0x44, 0x00, 0x00, 0x00,
  0x44, 0x00, 0x00, 0x00, 0x01, 0x00, 0x00, 0x00, 0x04, 0x00, 0x00, 0x00, 0xa8, 0xfe, 0xff, 0xff,
  0x10, 0x00, 0x00, 0x00, 0x00, 0x00, 0x00, 0x02, 0x08, 0x00, 0x08, 0x00, 0x00, 0x00, 0x04, 0x00,
  0x08, 0x00, 0x00, 0x00, 0x04, 0x00, 0x00, 0x00, 0x05, 0x00, 0x00, 0x00, 0x03, 0x00, 0x00, 0x00,
  0x01, 0x00, 0x00, 0x00, 0x00, 0x00, 0x00, 0x00, 0x02, 0x00, 0x00, 0x00, 0x04, 0x00, 0x00, 0x00,
  0x00, 0x00, 0x00, 0x00, 0x00, 0x00, 0x00, 0x00, 0x01, 0x00, 0x00, 0x00, 0x04, 0x00, 0x00, 0x00,
  0x04, 0x00, 0x00, 0x00, 0x00, 0x00, 0x00, 0x00, 0x01, 0x00, 0x00, 0x00, 0x02, 0x00, 0x00, 0x00,
  0x03, 0x00, 0x00, 0x00, 0x05, 0x00, 0x00, 0x00, 0x04, 0x01, 0x00, 0x00, 0xcc, 0x00, 0x00, 0x00,
  0x9c, 0x00, 0x00, 0x00, 0x68, 0x00, 0x00, 0x00, 0x0c, 0x00, 0x00, 0x00, 0x08, 0x00, 0x0a, 0x00,
  0x09, 0x00, 0x04, 0x00, 0x08, 0x00, 0x00, 0x00, 0x18, 0x00, 0x00, 0x00, 0x00, 0x05, 0x12, 0x00,
  0x12, 0x00, 0x11, 0x00, 0x00, 0x00, 0x0c, 0x00, 0x08, 0x00, 0x00, 0x00, 0x00, 0x00, 0x04, 0x00,
  0x12, 0x00, 0x00, 0x00, 0x14, 0x00, 0x00, 0x00, 0x18, 0x00, 0x00, 0x00, 0x1c, 0x00, 0x00, 0x00,
  0x00, 0x01, 0x06, 0x00, 0x08, 0x00, 0x04, 0x00, 0x06, 0x00, 0x00, 0x00, 0x01, 0x00, 0x00, 0x00,
  0x04, 0x00, 0x00, 0x00, 0x00, 0x01, 0x02, 0x03, 0x04, 0x00, 0x00, 0x00, 0x01, 0x00, 0x00, 0x00,
  0x20, 0x03, 0x00, 0x00, 0xe0, 0x01, 0x00, 0x00, 0x03, 0x00, 0x00, 0x00, 0x78, 0xff, 0xff, 0xff,
  0x08, 0x00, 0x00, 0x00, 0x00, 0x00, 0x00, 0x05, 0x70, 0xff, 0xff, 0xff, 0x0c, 0x00, 0x00, 0x00,
  0x10, 0x00, 0x00, 0x00, 0x00, 0x00, 0x00, 0x01, 0x02, 0x00, 0x00, 0x00, 0x00, 0x01, 0x00, 0x00,
  0x02, 0x00, 0x00, 0x00, 0x00, 0x01, 0x00, 0x00, 0x03, 0x00, 0x00, 0x00, 0xa8, 0xff, 0xff, 0xff,
  0x08, 0x00, 0x00, 0x00, 0x00, 0x00, 0x00, 0x05, 0xa0, 0xff, 0xff, 0xff, 0x0c, 0x00, 0x00, 0x00,
  0x10, 0x00, 0x00, 0x00, 0x00, 0x00, 0x00, 0x01, 0x01, 0x00, 0x00, 0x00, 0x00, 0x00, 0x00, 0x00,
  0x01, 0x00, 0x00, 0x00, 0x00, 0x77, 0x01, 0x00, 0xd4, 0xff, 0xff, 0xff, 0x08, 0x00, 0x00, 0x00,
  0x00, 0x00, 0x00, 0x05, 0xcc, 0xff, 0xff, 0xff, 0x0c, 0x00, 0x00, 0x00, 0x10, 0x00, 0x00, 0x00,
  0x00, 0x00, 0x00, 0x03, 0x01, 0x00, 0x00, 0x00, 0x00, 0x00, 0x00, 0x00, 0x01, 0x00, 0x00, 0x00,
  0x00, 0x77, 0x01, 0x00, 0x08, 0x00, 0x0c, 0x00, 0x0b, 0x00, 0x04, 0x00, 0x08, 0x00, 0x00, 0x00,
  0x14, 0x00, 0x00, 0x00, 0x00, 0x00, 0x00, 0x05, 0x0c, 0x00, 0x10, 0x00, 0x0f, 0x00, 0x00, 0x00,
  0x08, 0x00, 0x04, 0x00, 0x0c, 0x00, 0x00, 0x00, 0x0c, 0x00, 0x00, 0x00, 0x10, 0x00, 0x00, 0x00,
  0x00, 0x00, 0x00, 0x01, 0x02, 0x00, 0x00, 0x00, 0x00, 0x01, 0x00, 0x00, 0x02, 0x00, 0x00, 0x00,
  0x00, 0xd7, 0x0a, 0x00, 0x01, 0x00, 0x00, 0x00, 0x08, 0x00, 0x0c, 0x00, 0x08, 0x00, 0x04, 0x00,
  0x08, 0x00, 0x00, 0x00, 0x08, 0x00, 0x00, 0x00, 0x44, 0x00, 0x00, 0x00, 0x39, 0x00, 0x00, 0x00,
  0x5b, 0x31, 0x2c, 0x20, 0x7b, 0x22, 0x74, 0x79, 0x70, 0x65, 0x22, 0x3a, 0x20, 0x6e, 0x75, 0x6c,
  0x6c, 0x2c, 0x20, 0x22, 0x63, 0x6f, 0x6e, 0x74, 0x65, 0x78, 0x74, 0x22, 0x3a, 0x20, 0x6e, 0x75,
  0x6c, 0x6c, 0x2c, 0x20, 0x22, 0x63, 0x68, 0x69, 0x6c, 0x64, 0x72, 0x65, 0x6e, 0x5f, 0x73, 0x70,
  0x65, 0x63, 0x22, 0x3a, 0x20, 0x5b, 0x5d, 0x7d, 0x5d, 0x00, 0x00, 0x00, 0xa0, 0x01, 0x00, 0x00,
  0x5b, 0x31, 0x2c, 0x20, 0x7b, 0x22, 0x74, 0x79, 0x70, 0x65, 0x22, 0x3a, 0x20, 0x22, 0x62, 0x75,
  0x69, 0x6c, 0x74, 0x69, 0x6e, 0x73, 0x2e, 0x74, 0x75, 0x70, 0x6c, 0x65, 0x22, 0x2c, 0x20, 0x22,
  0x63, 0x6f, 0x6e, 0x74, 0x65, 0x78, 0x74, 0x22, 0x3a, 0x20, 0x22, 0x6e, 0x75, 0x6c, 0x6c, 0x22,
  0x2c, 0x20, 0x22, 0x63, 0x68, 0x69, 0x6c, 0x64, 0x72, 0x65, 0x6e, 0x5f, 0x73, 0x70, 0x65, 0x63,
  0x22, 0x3a, 0x20, 0x5b, 0x7b, 0x22, 0x74, 0x79, 0x70, 0x65, 0x22, 0x3a, 0x20, 0x22, 0x62, 0x75,
  0x69, 0x6c, 0x74, 0x69, 0x6e, 0x73, 0x2e, 0x74, 0x75, 0x70, 0x6c, 0x65, 0x22, 0x2c, 0x20, 0x22,
  0x63, 0x6f, 0x6e, 0x74, 0x65, 0x78, 0x74, 0x22, 0x3a, 0x20, 0x22, 0x6e, 0x75, 0x6c, 0x6c, 0x22,
  0x2c, 0x20, 0x22, 0x63, 0x68, 0x69, 0x6c, 0x64, 0x72, 0x65, 0x6e, 0x5f, 0x73, 0x70, 0x65, 0x63,
  0x22, 0x3a, 0x20, 0x5b, 0x7b, 0x22, 0x74, 0x79, 0x70, 0x65, 0x22, 0x3a, 0x20, 0x6e, 0x75, 0x6c,
  0x6c, 0x2c, 0x20, 0x22, 0x63, 0x6f, 0x6e, 0x74, 0x65, 0x78, 0x74, 0x22, 0x3a, 0x20, 0x6e, 0x75,
  0x6c, 0x6c, 0x2c, 0x20, 0x22, 0x63, 0x68, 0x69, 0x6c, 0x64, 0x72, 0x65, 0x6e, 0x5f, 0x73, 0x70,
  0x65, 0x63, 0x22, 0x3a, 0x20, 0x5b, 0x5d, 0x7d, 0x2c, 0x20, 0x7b, 0x22, 0x74, 0x79, 0x70, 0x65,
  0x22, 0x3a, 0x20, 0x6e, 0x75, 0x6c, 0x6c, 0x2c, 0x20, 0x22, 0x63, 0x6f, 0x6e, 0x74, 0x65, 0x78,
  0x74, 0x22, 0x3a, 0x20, 0x6e, 0x75, 0x6c, 0x6c, 0x2c, 0x20, 0x22, 0x63, 0x68, 0x69, 0x6c, 0x64,
  0x72, 0x65, 0x6e, 0x5f, 0x73, 0x70, 0x65, 0x63, 0x22, 0x3a, 0x20, 0x5b, 0x5d, 0x7d, 0x2c, 0x20,
  0x7b, 0x22, 0x74, 0x79, 0x70, 0x65, 0x22, 0x3a, 0x20, 0x6e, 0x75, 0x6c, 0x6c, 0x2c, 0x20, 0x22,
  0x63, 0x6f, 0x6e, 0x74, 0x65, 0x78, 0x74, 0x22, 0x3a, 0x20, 0x6e, 0x75, 0x6c, 0x6c, 0x2c, 0x20,
  0x22, 0x63, 0x68, 0x69, 0x6c, 0x64, 0x72, 0x65, 0x6e, 0x5f, 0x73, 0x70, 0x65, 0x63, 0x22, 0x3a,
  0x20, 0x5b, 0x5d, 0x7d, 0x2c, 0x20, 0x7b, 0x22, 0x74, 0x79, 0x70, 0x65, 0x22, 0x3a, 0x20, 0x6e,
  0x75, 0x6c, 0x6c, 0x2c, 0x20, 0x22, 0x63, 0x6f, 0x6e, 0x74, 0x65, 0x78, 0x74, 0x22, 0x3a, 0x20,
  0x6e, 0x75, 0x6c, 0x6c, 0x2c, 0x20, 0x22, 0x63, 0x68, 0x69, 0x6c, 0x64, 0x72, 0x65, 0x6e, 0x5f,
  0x73, 0x70, 0x65, 0x63, 0x22, 0x3a, 0x20, 0x5b, 0x5d, 0x7d, 0x5d, 0x7d, 0x2c, 0x20, 0x7b, 0x22,
  0x74, 0x79, 0x70, 0x65, 0x22, 0x3a, 0x20, 0x22, 0x62, 0x75, 0x69, 0x6c, 0x74, 0x69, 0x6e, 0x73,
  0x2e, 0x64, 0x69, 0x63, 0x74, 0x22, 0x2c, 0x20, 0x22, 0x63, 0x6f, 0x6e, 0x74, 0x65, 0x78, 0x74,
  0x22, 0x3a, 0x20, 0x22, 0x5b, 0x5d, 0x22, 0x2c, 0x20, 0x22, 0x63, 0x68, 0x69, 0x6c, 0x64, 0x72,
  0x65, 0x6e, 0x5f, 0x73, 0x70, 0x65, 0x63, 0x22, 0x3a, 0x20, 0x5b, 0x5d, 0x7d, 0x5d, 0x7d, 0x5d,
  0x00, 0x00, 0x00, 0x00, 0x06, 0x00, 0x00, 0x00, 0x71, 0x66, 0x65, 0x74, 0x63, 0x68, 0x00, 0x00
};
const unsigned long model_pte_size = sizeof(model_pte);
